"PROJECT","RELEASE_ID","RELEASE_NAME","CLASS","LOC","NSMELLS"
"TAJO","1","0.2-incubating","tajo/tajo-algebra/src/main/java/org/apache/tajo/algebra/Aggregation.java","84","2"
"TAJO","1","0.2-incubating","tajo/tajo-algebra/src/main/java/org/apache/tajo/algebra/BetweenPredicate.java","37","0"
"TAJO","1","0.2-incubating","tajo/tajo-algebra/src/main/java/org/apache/tajo/algebra/BinaryOperator.java","29","0"
"TAJO","1","0.2-incubating","tajo/tajo-algebra/src/main/java/org/apache/tajo/algebra/CaseWhenPredicate.java","55","2"
"TAJO","1","0.2-incubating","tajo/tajo-algebra/src/main/java/org/apache/tajo/algebra/CastExpr.java","21","0"
"TAJO","1","0.2-incubating","tajo/tajo-algebra/src/main/java/org/apache/tajo/algebra/ColumnReferenceExpr.java","39","0"
"TAJO","1","0.2-incubating","tajo/tajo-algebra/src/main/java/org/apache/tajo/algebra/CountRowsFunctionExpr.java","6","0"
"TAJO","1","0.2-incubating","tajo/tajo-algebra/src/main/java/org/apache/tajo/algebra/CreateTable.java","245","5"
"TAJO","1","0.2-incubating","tajo/tajo-algebra/src/main/java/org/apache/tajo/algebra/DataType.java","39","0"
"TAJO","1","0.2-incubating","tajo/tajo-algebra/src/main/java/org/apache/tajo/algebra/DropTable.java","19","0"
"TAJO","1","0.2-incubating","tajo/tajo-algebra/src/main/java/org/apache/tajo/algebra/ExistsPredicate.java","21","0"
"TAJO","1","0.2-incubating","tajo/tajo-algebra/src/main/java/org/apache/tajo/algebra/Expr.java","73","2"
"TAJO","1","0.2-incubating","tajo/tajo-algebra/src/main/java/org/apache/tajo/algebra/ExprVisitor.java","4","0"
"TAJO","1","0.2-incubating","tajo/tajo-algebra/src/main/java/org/apache/tajo/algebra/FunctionExpr.java","46","0"
"TAJO","1","0.2-incubating","tajo/tajo-algebra/src/main/java/org/apache/tajo/algebra/GeneralSetFunctionExpr.java","11","0"
"TAJO","1","0.2-incubating","tajo/tajo-algebra/src/main/java/org/apache/tajo/algebra/Having.java","30","0"
"TAJO","1","0.2-incubating","tajo/tajo-algebra/src/main/java/org/apache/tajo/algebra/InPredicate.java","17","1"
"TAJO","1","0.2-incubating","tajo/tajo-algebra/src/main/java/org/apache/tajo/algebra/Insert.java","82","3"
"TAJO","1","0.2-incubating","tajo/tajo-algebra/src/main/java/org/apache/tajo/algebra/IsNullPredicate.java","21","0"
"TAJO","1","0.2-incubating","tajo/tajo-algebra/src/main/java/org/apache/tajo/algebra/Join.java","60","1"
"TAJO","1","0.2-incubating","tajo/tajo-algebra/src/main/java/org/apache/tajo/algebra/JoinType.java","13","0"
"TAJO","1","0.2-incubating","tajo/tajo-algebra/src/main/java/org/apache/tajo/algebra/JsonHelper.java","29","2"
"TAJO","1","0.2-incubating","tajo/tajo-algebra/src/main/java/org/apache/tajo/algebra/JsonSerializable.java","4","0"
"TAJO","1","0.2-incubating","tajo/tajo-algebra/src/main/java/org/apache/tajo/algebra/Limit.java","24","0"
"TAJO","1","0.2-incubating","tajo/tajo-algebra/src/main/java/org/apache/tajo/algebra/LiteralValue.java","29","1"
"TAJO","1","0.2-incubating","tajo/tajo-algebra/src/main/java/org/apache/tajo/algebra/NotExpr.java","11","0"
"TAJO","1","0.2-incubating","tajo/tajo-algebra/src/main/java/org/apache/tajo/algebra/NullValue.java","10","0"
"TAJO","1","0.2-incubating","tajo/tajo-algebra/src/main/java/org/apache/tajo/algebra/OpType.java","82","1"
"TAJO","1","0.2-incubating","tajo/tajo-algebra/src/main/java/org/apache/tajo/algebra/PatternMatchPredicate.java","42","0"
"TAJO","1","0.2-incubating","tajo/tajo-algebra/src/main/java/org/apache/tajo/algebra/Projection.java","41","0"
"TAJO","1","0.2-incubating","tajo/tajo-algebra/src/main/java/org/apache/tajo/algebra/Relation.java","44","1"
"TAJO","1","0.2-incubating","tajo/tajo-algebra/src/main/java/org/apache/tajo/algebra/RelationList.java","39","0"
"TAJO","1","0.2-incubating","tajo/tajo-algebra/src/main/java/org/apache/tajo/algebra/ScalarSubQuery.java","19","0"
"TAJO","1","0.2-incubating","tajo/tajo-algebra/src/main/java/org/apache/tajo/algebra/Selection.java","30","0"
"TAJO","1","0.2-incubating","tajo/tajo-algebra/src/main/java/org/apache/tajo/algebra/SetOperation.java","22","0"
"TAJO","1","0.2-incubating","tajo/tajo-algebra/src/main/java/org/apache/tajo/algebra/SimpleTableSubQuery.java","18","0"
"TAJO","1","0.2-incubating","tajo/tajo-algebra/src/main/java/org/apache/tajo/algebra/Sort.java","64","1"
"TAJO","1","0.2-incubating","tajo/tajo-algebra/src/main/java/org/apache/tajo/algebra/TablePrimarySubQuery.java","28","0"
"TAJO","1","0.2-incubating","tajo/tajo-algebra/src/main/java/org/apache/tajo/algebra/Target.java","38","0"
"TAJO","1","0.2-incubating","tajo/tajo-algebra/src/main/java/org/apache/tajo/algebra/UnaryOperator.java","16","0"
"TAJO","1","0.2-incubating","tajo/tajo-algebra/src/main/java/org/apache/tajo/algebra/ValueListExpr.java","17","0"
"TAJO","1","0.2-incubating","tajo/tajo-catalog/tajo-catalog-client/src/main/java/org/apache/tajo/catalog/AbstractCatalogClient.java","317","26"
"TAJO","1","0.2-incubating","tajo/tajo-catalog/tajo-catalog-client/src/main/java/org/apache/tajo/catalog/CatalogClient.java","21","1"
"TAJO","1","0.2-incubating","tajo/tajo-catalog/tajo-catalog-client/src/main/java/org/apache/tajo/catalog/CatalogService.java","24","3"
"TAJO","1","0.2-incubating","tajo/tajo-catalog/tajo-catalog-common/src/main/java/org/apache/tajo/catalog/AlreadyRegisteredURIException.java","13","1"
"TAJO","1","0.2-incubating","tajo/tajo-catalog/tajo-catalog-common/src/main/java/org/apache/tajo/catalog/AttributeType.java","6","0"
"TAJO","1","0.2-incubating","tajo/tajo-catalog/tajo-catalog-common/src/main/java/org/apache/tajo/catalog/CatalogConstants.java","17","0"
"TAJO","1","0.2-incubating","tajo/tajo-catalog/tajo-catalog-common/src/main/java/org/apache/tajo/catalog/CatalogUtil.java","113","6"
"TAJO","1","0.2-incubating","tajo/tajo-catalog/tajo-catalog-common/src/main/java/org/apache/tajo/catalog/Column.java","118","1"
"TAJO","1","0.2-incubating","tajo/tajo-catalog/tajo-catalog-common/src/main/java/org/apache/tajo/catalog/DDLBuilder.java","60","1"
"TAJO","1","0.2-incubating","tajo/tajo-catalog/tajo-catalog-common/src/main/java/org/apache/tajo/catalog/exception/AlreadyExistsFieldException.java","9","1"
"TAJO","1","0.2-incubating","tajo/tajo-catalog/tajo-catalog-common/src/main/java/org/apache/tajo/catalog/exception/AlreadyExistsFunctionException.java","7","0"
"TAJO","1","0.2-incubating","tajo/tajo-catalog/tajo-catalog-common/src/main/java/org/apache/tajo/catalog/exception/AlreadyExistsIndexException.java","15","1"
"TAJO","1","0.2-incubating","tajo/tajo-catalog/tajo-catalog-common/src/main/java/org/apache/tajo/catalog/exception/AlreadyExistsTableException.java","9","1"
"TAJO","1","0.2-incubating","tajo/tajo-catalog/tajo-catalog-common/src/main/java/org/apache/tajo/catalog/exception/CatalogException.java","15","1"
"TAJO","1","0.2-incubating","tajo/tajo-catalog/tajo-catalog-common/src/main/java/org/apache/tajo/catalog/exception/InvalidTableException.java","10","1"
"TAJO","1","0.2-incubating","tajo/tajo-catalog/tajo-catalog-common/src/main/java/org/apache/tajo/catalog/exception/NoSuchFunctionException.java","8","1"
"TAJO","1","0.2-incubating","tajo/tajo-catalog/tajo-catalog-common/src/main/java/org/apache/tajo/catalog/exception/NoSuchIndexException.java","15","1"
"TAJO","1","0.2-incubating","tajo/tajo-catalog/tajo-catalog-common/src/main/java/org/apache/tajo/catalog/exception/NoSuchTableException.java","8","1"
"TAJO","1","0.2-incubating","tajo/tajo-catalog/tajo-catalog-common/src/main/java/org/apache/tajo/catalog/function/Function.java","37","1"
"TAJO","1","0.2-incubating","tajo/tajo-catalog/tajo-catalog-common/src/main/java/org/apache/tajo/catalog/FunctionDesc.java","108","5"
"TAJO","1","0.2-incubating","tajo/tajo-catalog/tajo-catalog-common/src/main/java/org/apache/tajo/catalog/IndexDesc.java","103","1"
"TAJO","1","0.2-incubating","tajo/tajo-catalog/tajo-catalog-common/src/main/java/org/apache/tajo/catalog/json/CatalogGsonHelper.java","51","6"
"TAJO","1","0.2-incubating","tajo/tajo-catalog/tajo-catalog-common/src/main/java/org/apache/tajo/catalog/json/FunctionAdapter.java","31","0"
"TAJO","1","0.2-incubating","tajo/tajo-catalog/tajo-catalog-common/src/main/java/org/apache/tajo/catalog/json/TableMetaAdapter.java","29","1"
"TAJO","1","0.2-incubating","tajo/tajo-catalog/tajo-catalog-common/src/main/java/org/apache/tajo/catalog/Options.java","106","7"
"TAJO","1","0.2-incubating","tajo/tajo-catalog/tajo-catalog-common/src/main/java/org/apache/tajo/catalog/Schema.java","196","6"
"TAJO","1","0.2-incubating","tajo/tajo-catalog/tajo-catalog-common/src/main/java/org/apache/tajo/catalog/SchemaObject.java","4","1"
"TAJO","1","0.2-incubating","tajo/tajo-catalog/tajo-catalog-common/src/main/java/org/apache/tajo/catalog/SortSpec.java","73","3"
"TAJO","1","0.2-incubating","tajo/tajo-catalog/tajo-catalog-common/src/main/java/org/apache/tajo/catalog/statistics/ColumnStats.java","126","1"
"TAJO","1","0.2-incubating","tajo/tajo-catalog/tajo-catalog-common/src/main/java/org/apache/tajo/catalog/statistics/Stat.java","65","1"
"TAJO","1","0.2-incubating","tajo/tajo-catalog/tajo-catalog-common/src/main/java/org/apache/tajo/catalog/statistics/StatisticsUtil.java","93","6"
"TAJO","1","0.2-incubating","tajo/tajo-catalog/tajo-catalog-common/src/main/java/org/apache/tajo/catalog/statistics/StatSet.java","96","5"
"TAJO","1","0.2-incubating","tajo/tajo-catalog/tajo-catalog-common/src/main/java/org/apache/tajo/catalog/statistics/TableStats.java","156","1"
"TAJO","1","0.2-incubating","tajo/tajo-catalog/tajo-catalog-common/src/main/java/org/apache/tajo/catalog/statistics/TupleUtil.java","42","2"
"TAJO","1","0.2-incubating","tajo/tajo-catalog/tajo-catalog-common/src/main/java/org/apache/tajo/catalog/TableDesc.java","115","2"
"TAJO","1","0.2-incubating","tajo/tajo-catalog/tajo-catalog-common/src/main/java/org/apache/tajo/catalog/TableMeta.java","148","2"
"TAJO","1","0.2-incubating","tajo/tajo-catalog/tajo-catalog-common/src/main/java/org/apache/tajo/catalog/TableUtil.java","26","1"
"TAJO","1","0.2-incubating","tajo/tajo-catalog/tajo-catalog-server/src/main/java/org/apache/tajo/catalog/CatalogServer.java","500","24"
"TAJO","1","0.2-incubating","tajo/tajo-catalog/tajo-catalog-server/src/main/java/org/apache/tajo/catalog/LocalCatalogWrapper.java","27","0"
"TAJO","1","0.2-incubating","tajo/tajo-catalog/tajo-catalog-server/src/main/java/org/apache/tajo/catalog/MiniCatalogServer.java","23","0"
"TAJO","1","0.2-incubating","tajo/tajo-catalog/tajo-catalog-server/src/main/java/org/apache/tajo/catalog/store/AbstractDBStore.java","642","42"
"TAJO","1","0.2-incubating","tajo/tajo-catalog/tajo-catalog-server/src/main/java/org/apache/tajo/catalog/store/CatalogStore.java","26","0"
"TAJO","1","0.2-incubating","tajo/tajo-catalog/tajo-catalog-server/src/main/java/org/apache/tajo/catalog/store/DerbyStore.java","753","51"
"TAJO","1","0.2-incubating","tajo/tajo-catalog/tajo-catalog-server/src/main/java/org/apache/tajo/catalog/store/HCatalogStore.java","285","17"
"TAJO","1","0.2-incubating","tajo/tajo-catalog/tajo-catalog-server/src/main/java/org/apache/tajo/catalog/store/HCatalogUtil.java","128","21"
"TAJO","1","0.2-incubating","tajo/tajo-catalog/tajo-catalog-server/src/main/java/org/apache/tajo/catalog/store/MemStore.java","105","6"
"TAJO","1","0.2-incubating","tajo/tajo-catalog/tajo-catalog-server/src/main/java/org/apache/tajo/catalog/store/MySQLStore.java","132","17"
"TAJO","1","0.2-incubating","tajo/tajo-common/src/main/java/org/apache/tajo/annotation/NotNull.java","6","0"
"TAJO","1","0.2-incubating","tajo/tajo-common/src/main/java/org/apache/tajo/annotation/NotThreadSafe.java","7","1"
"TAJO","1","0.2-incubating","tajo/tajo-common/src/main/java/org/apache/tajo/annotation/Nullable.java","8","0"
"TAJO","1","0.2-incubating","tajo/tajo-common/src/main/java/org/apache/tajo/annotation/ThreadSafe.java","7","1"
"TAJO","1","0.2-incubating","tajo/tajo-common/src/main/java/org/apache/tajo/common/exception/InvalidAddressException.java","4","0"
"TAJO","1","0.2-incubating","tajo/tajo-common/src/main/java/org/apache/tajo/common/exception/NotImplementedException.java","15","1"
"TAJO","1","0.2-incubating","tajo/tajo-common/src/main/java/org/apache/tajo/common/ProtoObject.java","5","1"
"TAJO","1","0.2-incubating","tajo/tajo-common/src/main/java/org/apache/tajo/common/Sleeper.java","21","1"
"TAJO","1","0.2-incubating","tajo/tajo-common/src/main/java/org/apache/tajo/common/type/IPv4.java","126","7"
"TAJO","1","0.2-incubating","tajo/tajo-common/src/main/java/org/apache/tajo/common/type/TimeRange.java","46","1"
"TAJO","1","0.2-incubating","tajo/tajo-common/src/main/java/org/apache/tajo/conf/TajoConf.java","312","23"
"TAJO","1","0.2-incubating","tajo/tajo-common/src/main/java/org/apache/tajo/datum/BitDatum.java","97","1"
"TAJO","1","0.2-incubating","tajo/tajo-common/src/main/java/org/apache/tajo/datum/BlobDatum.java","115","1"
"TAJO","1","0.2-incubating","tajo/tajo-common/src/main/java/org/apache/tajo/datum/BooleanDatum.java","108","0"
"TAJO","1","0.2-incubating","tajo/tajo-common/src/main/java/org/apache/tajo/datum/CharDatum.java","113","1"
"TAJO","1","0.2-incubating","tajo/tajo-common/src/main/java/org/apache/tajo/datum/Datum.java","113","1"
"TAJO","1","0.2-incubating","tajo/tajo-common/src/main/java/org/apache/tajo/datum/DatumFactory.java","142","1"
"TAJO","1","0.2-incubating","tajo/tajo-common/src/main/java/org/apache/tajo/datum/exception/InvalidCastException.java","9","1"
"TAJO","1","0.2-incubating","tajo/tajo-common/src/main/java/org/apache/tajo/datum/exception/InvalidOperationException.java","13","2"
"TAJO","1","0.2-incubating","tajo/tajo-common/src/main/java/org/apache/tajo/datum/Float4Datum.java","261","0"
"TAJO","1","0.2-incubating","tajo/tajo-common/src/main/java/org/apache/tajo/datum/Float8Datum.java","255","1"
"TAJO","1","0.2-incubating","tajo/tajo-common/src/main/java/org/apache/tajo/datum/Inet4Datum.java","95","2"
"TAJO","1","0.2-incubating","tajo/tajo-common/src/main/java/org/apache/tajo/datum/Int2Datum.java","256","1"
"TAJO","1","0.2-incubating","tajo/tajo-common/src/main/java/org/apache/tajo/datum/Int4Datum.java","256","0"
"TAJO","1","0.2-incubating","tajo/tajo-common/src/main/java/org/apache/tajo/datum/Int8Datum.java","262","0"
"TAJO","1","0.2-incubating","tajo/tajo-common/src/main/java/org/apache/tajo/datum/NullDatum.java","70","2"
"TAJO","1","0.2-incubating","tajo/tajo-common/src/main/java/org/apache/tajo/datum/NumericDatum.java","8","0"
"TAJO","1","0.2-incubating","tajo/tajo-common/src/main/java/org/apache/tajo/datum/protobuf/AbstractCharBasedFormatter.java","38","1"
"TAJO","1","0.2-incubating","tajo/tajo-common/src/main/java/org/apache/tajo/datum/protobuf/ProtobufFormatter.java","73","4"
"TAJO","1","0.2-incubating","tajo/tajo-common/src/main/java/org/apache/tajo/datum/protobuf/ProtobufJsonFormat.java","1036","16"
"TAJO","1","0.2-incubating","tajo/tajo-common/src/main/java/org/apache/tajo/datum/protobuf/TextUtils.java","294","7"
"TAJO","1","0.2-incubating","tajo/tajo-common/src/main/java/org/apache/tajo/datum/ProtobufDatum.java","52","0"
"TAJO","1","0.2-incubating","tajo/tajo-common/src/main/java/org/apache/tajo/datum/ProtobufDatumFactory.java","62","6"
"TAJO","1","0.2-incubating","tajo/tajo-common/src/main/java/org/apache/tajo/datum/TextDatum.java","111","3"
"TAJO","1","0.2-incubating","tajo/tajo-common/src/main/java/org/apache/tajo/exception/InternalException.java","16","1"
"TAJO","1","0.2-incubating","tajo/tajo-common/src/main/java/org/apache/tajo/exception/UnimplementedException.java","15","1"
"TAJO","1","0.2-incubating","tajo/tajo-common/src/main/java/org/apache/tajo/exception/UnsupportedException.java","15","1"
"TAJO","1","0.2-incubating","tajo/tajo-common/src/main/java/org/apache/tajo/ExecutionBlockId.java","58","1"
"TAJO","1","0.2-incubating","tajo/tajo-common/src/main/java/org/apache/tajo/json/ClassNameDeserializer.java","18","0"
"TAJO","1","0.2-incubating","tajo/tajo-common/src/main/java/org/apache/tajo/json/ClassNameSerializer.java","20","0"
"TAJO","1","0.2-incubating","tajo/tajo-common/src/main/java/org/apache/tajo/json/CommonGsonHelper.java","41","5"
"TAJO","1","0.2-incubating","tajo/tajo-common/src/main/java/org/apache/tajo/json/DataTypeAdapter.java","36","0"
"TAJO","1","0.2-incubating","tajo/tajo-common/src/main/java/org/apache/tajo/json/DatumAdapter.java","24","0"
"TAJO","1","0.2-incubating","tajo/tajo-common/src/main/java/org/apache/tajo/json/GsonHelper.java","25","2"
"TAJO","1","0.2-incubating","tajo/tajo-common/src/main/java/org/apache/tajo/json/GsonObject.java","4","0"
"TAJO","1","0.2-incubating","tajo/tajo-common/src/main/java/org/apache/tajo/json/GsonSerDerAdapter.java","5","0"
"TAJO","1","0.2-incubating","tajo/tajo-common/src/main/java/org/apache/tajo/json/PathDeserializer.java","14","0"
"TAJO","1","0.2-incubating","tajo/tajo-common/src/main/java/org/apache/tajo/json/PathSerializer.java","16","0"
"TAJO","1","0.2-incubating","tajo/tajo-common/src/main/java/org/apache/tajo/QueryId.java","59","1"
"TAJO","1","0.2-incubating","tajo/tajo-common/src/main/java/org/apache/tajo/QueryIdFactory.java","62","2"
"TAJO","1","0.2-incubating","tajo/tajo-common/src/main/java/org/apache/tajo/QueryUnitAttemptId.java","61","1"
"TAJO","1","0.2-incubating","tajo/tajo-common/src/main/java/org/apache/tajo/QueryUnitId.java","58","1"
"TAJO","1","0.2-incubating","tajo/tajo-common/src/main/java/org/apache/tajo/storage/Tuple.java","32","28"
"TAJO","1","0.2-incubating","tajo/tajo-common/src/main/java/org/apache/tajo/TajoConstants.java","10","1"
"TAJO","1","0.2-incubating","tajo/tajo-common/src/main/java/org/apache/tajo/unit/StorageUnit.java","9","0"
"TAJO","1","0.2-incubating","tajo/tajo-common/src/main/java/org/apache/tajo/unit/TimeUnit.java","8","1"
"TAJO","1","0.2-incubating","tajo/tajo-common/src/main/java/org/apache/tajo/util/BitArray.java","68","5"
"TAJO","1","0.2-incubating","tajo/tajo-common/src/main/java/org/apache/tajo/util/Bytes.java","957","49"
"TAJO","1","0.2-incubating","tajo/tajo-common/src/main/java/org/apache/tajo/util/CommonTestingUtil.java","26","3"
"TAJO","1","0.2-incubating","tajo/tajo-common/src/main/java/org/apache/tajo/util/FileUtil.java","64","4"
"TAJO","1","0.2-incubating","tajo/tajo-common/src/main/java/org/apache/tajo/util/JarUtil.java","29","3"
"TAJO","1","0.2-incubating","tajo/tajo-common/src/main/java/org/apache/tajo/util/NetUtils.java","51","4"
"TAJO","1","0.2-incubating","tajo/tajo-common/src/main/java/org/apache/tajo/util/NumberUtil.java","43","1"
"TAJO","1","0.2-incubating","tajo/tajo-common/src/main/java/org/apache/tajo/util/ReflectionUtil.java","13","4"
"TAJO","1","0.2-incubating","tajo/tajo-common/src/main/java/org/apache/tajo/util/StringUtils.java","28","2"
"TAJO","1","0.2-incubating","tajo/tajo-common/src/main/java/org/apache/tajo/util/TajoIdUtils.java","15","1"
"TAJO","1","0.2-incubating","tajo/tajo-common/src/main/java/org/apache/tajo/util/TUtil.java","129","11"
"TAJO","1","0.2-incubating","tajo/tajo-core/tajo-core-backend/src/main/java/org/apache/tajo/benchmark/BenchmarkSet.java","83","6"
"TAJO","1","0.2-incubating","tajo/tajo-core/tajo-core-backend/src/main/java/org/apache/tajo/benchmark/Driver.java","22","1"
"TAJO","1","0.2-incubating","tajo/tajo-core/tajo-core-backend/src/main/java/org/apache/tajo/benchmark/SimpleQuery.java","8","1"
"TAJO","1","0.2-incubating","tajo/tajo-core/tajo-core-backend/src/main/java/org/apache/tajo/benchmark/TPCH.java","139","3"
"TAJO","1","0.2-incubating","tajo/tajo-core/tajo-core-backend/src/main/java/org/apache/tajo/cli/TajoCli.java","574","14"
"TAJO","1","0.2-incubating","tajo/tajo-core/tajo-core-backend/src/main/java/org/apache/tajo/client/QueryStatus.java","60","0"
"TAJO","1","0.2-incubating","tajo/tajo-core/tajo-core-backend/src/main/java/org/apache/tajo/client/ResultSetUtil.java","26","3"
"TAJO","1","0.2-incubating","tajo/tajo-core/tajo-core-backend/src/main/java/org/apache/tajo/client/SQLStates.java","11","0"
"TAJO","1","0.2-incubating","tajo/tajo-core/tajo-core-backend/src/main/java/org/apache/tajo/client/TajoClient.java","352","7"
"TAJO","1","0.2-incubating","tajo/tajo-core/tajo-core-backend/src/main/java/org/apache/tajo/client/TajoDump.java","91","2"
"TAJO","1","0.2-incubating","tajo/tajo-core/tajo-core-backend/src/main/java/org/apache/tajo/engine/eval/AggregationFunctionCallEval.java","71","1"
"TAJO","1","0.2-incubating","tajo/tajo-core/tajo-core-backend/src/main/java/org/apache/tajo/engine/eval/AlgebraicException.java","15","1"
"TAJO","1","0.2-incubating","tajo/tajo-core/tajo-core-backend/src/main/java/org/apache/tajo/engine/eval/AlgebraicUtil.java","176","6"
"TAJO","1","0.2-incubating","tajo/tajo-core/tajo-core-backend/src/main/java/org/apache/tajo/engine/eval/BasicEvalNodeVisitor.java","229","2"
"TAJO","1","0.2-incubating","tajo/tajo-core/tajo-core-backend/src/main/java/org/apache/tajo/engine/eval/BetweenPredicateEval.java","190","4"
"TAJO","1","0.2-incubating","tajo/tajo-core/tajo-core-backend/src/main/java/org/apache/tajo/engine/eval/BinaryEval.java","174","10"
"TAJO","1","0.2-incubating","tajo/tajo-core/tajo-core-backend/src/main/java/org/apache/tajo/engine/eval/CaseWhenEval.java","201","3"
"TAJO","1","0.2-incubating","tajo/tajo-core/tajo-core-backend/src/main/java/org/apache/tajo/engine/eval/CastEval.java","87","3"
"TAJO","1","0.2-incubating","tajo/tajo-core/tajo-core-backend/src/main/java/org/apache/tajo/engine/eval/ConstEval.java","67","1"
"TAJO","1","0.2-incubating","tajo/tajo-core/tajo-core-backend/src/main/java/org/apache/tajo/engine/eval/EvalContext.java","3","0"
"TAJO","1","0.2-incubating","tajo/tajo-core/tajo-core-backend/src/main/java/org/apache/tajo/engine/eval/EvalNode.java","78","3"
"TAJO","1","0.2-incubating","tajo/tajo-core/tajo-core-backend/src/main/java/org/apache/tajo/engine/eval/EvalNodeVisitor.java","5","1"
"TAJO","1","0.2-incubating","tajo/tajo-core/tajo-core-backend/src/main/java/org/apache/tajo/engine/eval/EvalNodeVisitor2.java","31","2"
"TAJO","1","0.2-incubating","tajo/tajo-core/tajo-core-backend/src/main/java/org/apache/tajo/engine/eval/EvalTreeFactory.java","11","1"
"TAJO","1","0.2-incubating","tajo/tajo-core/tajo-core-backend/src/main/java/org/apache/tajo/engine/eval/EvalTreeUtil.java","256","9"
"TAJO","1","0.2-incubating","tajo/tajo-core/tajo-core-backend/src/main/java/org/apache/tajo/engine/eval/EvalType.java","47","0"
"TAJO","1","0.2-incubating","tajo/tajo-core/tajo-core-backend/src/main/java/org/apache/tajo/engine/eval/FieldEval.java","98","2"
"TAJO","1","0.2-incubating","tajo/tajo-core/tajo-core-backend/src/main/java/org/apache/tajo/engine/eval/FunctionEval.java","121","6"
"TAJO","1","0.2-incubating","tajo/tajo-core/tajo-core-backend/src/main/java/org/apache/tajo/engine/eval/GeneralFunctionEval.java","60","2"
"TAJO","1","0.2-incubating","tajo/tajo-core/tajo-core-backend/src/main/java/org/apache/tajo/engine/eval/InEval.java","76","1"
"TAJO","1","0.2-incubating","tajo/tajo-core/tajo-core-backend/src/main/java/org/apache/tajo/engine/eval/InvalidCastException.java","9","1"
"TAJO","1","0.2-incubating","tajo/tajo-core/tajo-core-backend/src/main/java/org/apache/tajo/engine/eval/InvalidEvalException.java","9","1"
"TAJO","1","0.2-incubating","tajo/tajo-core/tajo-core-backend/src/main/java/org/apache/tajo/engine/eval/IsNullEval.java","70","5"
"TAJO","1","0.2-incubating","tajo/tajo-core/tajo-core-backend/src/main/java/org/apache/tajo/engine/eval/LikePredicateEval.java","25","0"
"TAJO","1","0.2-incubating","tajo/tajo-core/tajo-core-backend/src/main/java/org/apache/tajo/engine/eval/NotEval.java","74","3"
"TAJO","1","0.2-incubating","tajo/tajo-core/tajo-core-backend/src/main/java/org/apache/tajo/engine/eval/PartialBinaryExpr.java","53","1"
"TAJO","1","0.2-incubating","tajo/tajo-core/tajo-core-backend/src/main/java/org/apache/tajo/engine/eval/PatternMatchPredicateEval.java","58","0"
"TAJO","1","0.2-incubating","tajo/tajo-core/tajo-core-backend/src/main/java/org/apache/tajo/engine/eval/RegexPredicateEval.java","30","0"
"TAJO","1","0.2-incubating","tajo/tajo-core/tajo-core-backend/src/main/java/org/apache/tajo/engine/eval/RowConstantEval.java","49","2"
"TAJO","1","0.2-incubating","tajo/tajo-core/tajo-core-backend/src/main/java/org/apache/tajo/engine/eval/SimilarToPredicateEval.java","19","0"
"TAJO","1","0.2-incubating","tajo/tajo-core/tajo-core-backend/src/main/java/org/apache/tajo/engine/exception/AmbiguousFieldException.java","7","0"
"TAJO","1","0.2-incubating","tajo/tajo-core/tajo-core-backend/src/main/java/org/apache/tajo/engine/exception/IllegalQueryStatusException.java","14","1"
"TAJO","1","0.2-incubating","tajo/tajo-core/tajo-core-backend/src/main/java/org/apache/tajo/engine/exception/InvalidQueryException.java","13","0"
"TAJO","1","0.2-incubating","tajo/tajo-core/tajo-core-backend/src/main/java/org/apache/tajo/engine/exception/NoSuchColumnException.java","6","0"
"TAJO","1","0.2-incubating","tajo/tajo-core/tajo-core-backend/src/main/java/org/apache/tajo/engine/exception/RangeOverflowException.java","8","0"
"TAJO","1","0.2-incubating","tajo/tajo-core/tajo-core-backend/src/main/java/org/apache/tajo/engine/exception/UndefinedFunctionException.java","7","0"
"TAJO","1","0.2-incubating","tajo/tajo-core/tajo-core-backend/src/main/java/org/apache/tajo/engine/exception/VerifyException.java","7","0"
"TAJO","1","0.2-incubating","tajo/tajo-core/tajo-core-backend/src/main/java/org/apache/tajo/engine/function/AggFunction.java","24","0"
"TAJO","1","0.2-incubating","tajo/tajo-core/tajo-core-backend/src/main/java/org/apache/tajo/engine/function/builtin/AvgDouble.java","59","2"
"TAJO","1","0.2-incubating","tajo/tajo-core/tajo-core-backend/src/main/java/org/apache/tajo/engine/function/builtin/AvgFloat.java","13","2"
"TAJO","1","0.2-incubating","tajo/tajo-core/tajo-core-backend/src/main/java/org/apache/tajo/engine/function/builtin/AvgInt.java","14","1"
"TAJO","1","0.2-incubating","tajo/tajo-core/tajo-core-backend/src/main/java/org/apache/tajo/engine/function/builtin/AvgLong.java","58","1"
"TAJO","1","0.2-incubating","tajo/tajo-core/tajo-core-backend/src/main/java/org/apache/tajo/engine/function/builtin/CountRows.java","46","0"
"TAJO","1","0.2-incubating","tajo/tajo-core/tajo-core-backend/src/main/java/org/apache/tajo/engine/function/builtin/CountValue.java","19","0"
"TAJO","1","0.2-incubating","tajo/tajo-core/tajo-core-backend/src/main/java/org/apache/tajo/engine/function/builtin/CountValueDistinct.java","44","3"
"TAJO","1","0.2-incubating","tajo/tajo-core/tajo-core-backend/src/main/java/org/apache/tajo/engine/function/builtin/Date.java","28","2"
"TAJO","1","0.2-incubating","tajo/tajo-core/tajo-core-backend/src/main/java/org/apache/tajo/engine/function/builtin/MaxDouble.java","42","1"
"TAJO","1","0.2-incubating","tajo/tajo-core/tajo-core-backend/src/main/java/org/apache/tajo/engine/function/builtin/MaxFloat.java","41","1"
"TAJO","1","0.2-incubating","tajo/tajo-core/tajo-core-backend/src/main/java/org/apache/tajo/engine/function/builtin/MaxInt.java","41","1"
"TAJO","1","0.2-incubating","tajo/tajo-core/tajo-core-backend/src/main/java/org/apache/tajo/engine/function/builtin/MaxLong.java","42","1"
"TAJO","1","0.2-incubating","tajo/tajo-core/tajo-core-backend/src/main/java/org/apache/tajo/engine/function/builtin/MinDouble.java","41","1"
"TAJO","1","0.2-incubating","tajo/tajo-core/tajo-core-backend/src/main/java/org/apache/tajo/engine/function/builtin/MinFloat.java","42","1"
"TAJO","1","0.2-incubating","tajo/tajo-core/tajo-core-backend/src/main/java/org/apache/tajo/engine/function/builtin/MinInt.java","41","1"
"TAJO","1","0.2-incubating","tajo/tajo-core/tajo-core-backend/src/main/java/org/apache/tajo/engine/function/builtin/MinLong.java","42","1"
"TAJO","1","0.2-incubating","tajo/tajo-core/tajo-core-backend/src/main/java/org/apache/tajo/engine/function/builtin/MinString.java","46","1"
"TAJO","1","0.2-incubating","tajo/tajo-core/tajo-core-backend/src/main/java/org/apache/tajo/engine/function/builtin/RandomInt.java","21","1"
"TAJO","1","0.2-incubating","tajo/tajo-core/tajo-core-backend/src/main/java/org/apache/tajo/engine/function/builtin/SumDouble.java","41","1"
"TAJO","1","0.2-incubating","tajo/tajo-core/tajo-core-backend/src/main/java/org/apache/tajo/engine/function/builtin/SumFloat.java","40","1"
"TAJO","1","0.2-incubating","tajo/tajo-core/tajo-core-backend/src/main/java/org/apache/tajo/engine/function/builtin/SumInt.java","41","1"
"TAJO","1","0.2-incubating","tajo/tajo-core/tajo-core-backend/src/main/java/org/apache/tajo/engine/function/builtin/SumLong.java","41","1"
"TAJO","1","0.2-incubating","tajo/tajo-core/tajo-core-backend/src/main/java/org/apache/tajo/engine/function/builtin/Today.java","15","0"
"TAJO","1","0.2-incubating","tajo/tajo-core/tajo-core-backend/src/main/java/org/apache/tajo/engine/function/Country.java","15","1"
"TAJO","1","0.2-incubating","tajo/tajo-core/tajo-core-backend/src/main/java/org/apache/tajo/engine/function/FunctionContext.java","3","0"
"TAJO","1","0.2-incubating","tajo/tajo-core/tajo-core-backend/src/main/java/org/apache/tajo/engine/function/GeneralFunction.java","23","1"
"TAJO","1","0.2-incubating","tajo/tajo-core/tajo-core-backend/src/main/java/org/apache/tajo/engine/function/InCountry.java","19","0"
"TAJO","1","0.2-incubating","tajo/tajo-core/tajo-core-backend/src/main/java/org/apache/tajo/engine/function/string/BTrim.java","34","1"
"TAJO","1","0.2-incubating","tajo/tajo-core/tajo-core-backend/src/main/java/org/apache/tajo/engine/function/string/CharLength.java","21","1"
"TAJO","1","0.2-incubating","tajo/tajo-core/tajo-core-backend/src/main/java/org/apache/tajo/engine/function/string/Lower.java","21","1"
"TAJO","1","0.2-incubating","tajo/tajo-core/tajo-core-backend/src/main/java/org/apache/tajo/engine/function/string/LTrim.java","35","1"
"TAJO","1","0.2-incubating","tajo/tajo-core/tajo-core-backend/src/main/java/org/apache/tajo/engine/function/string/RegexpReplace.java","63","3"
"TAJO","1","0.2-incubating","tajo/tajo-core/tajo-core-backend/src/main/java/org/apache/tajo/engine/function/string/RTrim.java","34","1"
"TAJO","1","0.2-incubating","tajo/tajo-core/tajo-core-backend/src/main/java/org/apache/tajo/engine/function/string/SplitPart.java","30","1"
"TAJO","1","0.2-incubating","tajo/tajo-core/tajo-core-backend/src/main/java/org/apache/tajo/engine/function/string/Upper.java","21","1"
"TAJO","1","0.2-incubating","tajo/tajo-core/tajo-core-backend/src/main/java/org/apache/tajo/engine/json/CoreGsonHelper.java","61","6"
"TAJO","1","0.2-incubating","tajo/tajo-core/tajo-core-backend/src/main/java/org/apache/tajo/engine/json/EvalNodeAdapter.java","25","1"
"TAJO","1","0.2-incubating","tajo/tajo-core/tajo-core-backend/src/main/java/org/apache/tajo/engine/json/LogicalNodeAdapter.java","24","0"
"TAJO","1","0.2-incubating","tajo/tajo-core/tajo-core-backend/src/main/java/org/apache/tajo/engine/parser/HiveConverter.java","1250","107"
"TAJO","1","0.2-incubating","tajo/tajo-core/tajo-core-backend/src/main/java/org/apache/tajo/engine/parser/SQLAnalyzer.java","990","23"
"TAJO","1","0.2-incubating","tajo/tajo-core/tajo-core-backend/src/main/java/org/apache/tajo/engine/parser/SQLErrorListener.java","17","1"
"TAJO","1","0.2-incubating","tajo/tajo-core/tajo-core-backend/src/main/java/org/apache/tajo/engine/parser/SQLErrorStrategy.java","41","0"
"TAJO","1","0.2-incubating","tajo/tajo-core/tajo-core-backend/src/main/java/org/apache/tajo/engine/parser/SQLParseError.java","77","1"
"TAJO","1","0.2-incubating","tajo/tajo-core/tajo-core-backend/src/main/java/org/apache/tajo/engine/parser/SQLSyntaxError.java","26","0"
"TAJO","1","0.2-incubating","tajo/tajo-core/tajo-core-backend/src/main/java/org/apache/tajo/engine/planner/AlgebraVisitor.java","20","3"
"TAJO","1","0.2-incubating","tajo/tajo-core/tajo-core-backend/src/main/java/org/apache/tajo/engine/planner/BaseAlgebraVisitor.java","183","4"
"TAJO","1","0.2-incubating","tajo/tajo-core/tajo-core-backend/src/main/java/org/apache/tajo/engine/planner/BasicLogicalPlanVisitor.java","198","7"
"TAJO","1","0.2-incubating","tajo/tajo-core/tajo-core-backend/src/main/java/org/apache/tajo/engine/planner/enforce/Enforcer.java","138","5"
"TAJO","1","0.2-incubating","tajo/tajo-core/tajo-core-backend/src/main/java/org/apache/tajo/engine/planner/ExplainLogicalPlanVisitor.java","155","1"
"TAJO","1","0.2-incubating","tajo/tajo-core/tajo-core-backend/src/main/java/org/apache/tajo/engine/planner/ExprsVerifier.java","121","4"
"TAJO","1","0.2-incubating","tajo/tajo-core/tajo-core-backend/src/main/java/org/apache/tajo/engine/planner/global/DataChannel.java","150","2"
"TAJO","1","0.2-incubating","tajo/tajo-core/tajo-core-backend/src/main/java/org/apache/tajo/engine/planner/global/ExecutionBlock.java","110","4"
"TAJO","1","0.2-incubating","tajo/tajo-core/tajo-core-backend/src/main/java/org/apache/tajo/engine/planner/global/ExecutionBlockCursor.java","42","0"
"TAJO","1","0.2-incubating","tajo/tajo-core/tajo-core-backend/src/main/java/org/apache/tajo/engine/planner/global/GlobalPlanner.java","465","12"
"TAJO","1","0.2-incubating","tajo/tajo-core/tajo-core-backend/src/main/java/org/apache/tajo/engine/planner/global/MasterPlan.java","183","2"
"TAJO","1","0.2-incubating","tajo/tajo-core/tajo-core-backend/src/main/java/org/apache/tajo/engine/planner/graph/DirectedGraph.java","16","0"
"TAJO","1","0.2-incubating","tajo/tajo-core/tajo-core-backend/src/main/java/org/apache/tajo/engine/planner/graph/DirectedGraphCursor.java","37","0"
"TAJO","1","0.2-incubating","tajo/tajo-core/tajo-core-backend/src/main/java/org/apache/tajo/engine/planner/graph/DirectedGraphVisitor.java","5","0"
"TAJO","1","0.2-incubating","tajo/tajo-core/tajo-core-backend/src/main/java/org/apache/tajo/engine/planner/graph/Graph.java","12","1"
"TAJO","1","0.2-incubating","tajo/tajo-core/tajo-core-backend/src/main/java/org/apache/tajo/engine/planner/graph/SimpleDirectedGraph.java","179","2"
"TAJO","1","0.2-incubating","tajo/tajo-core/tajo-core-backend/src/main/java/org/apache/tajo/engine/planner/graph/SimpleUndirectedGraph.java","57","1"
"TAJO","1","0.2-incubating","tajo/tajo-core/tajo-core-backend/src/main/java/org/apache/tajo/engine/planner/graph/UndirectedGraph.java","7","1"
"TAJO","1","0.2-incubating","tajo/tajo-core/tajo-core-backend/src/main/java/org/apache/tajo/engine/planner/GroupElement.java","38","1"
"TAJO","1","0.2-incubating","tajo/tajo-core/tajo-core-backend/src/main/java/org/apache/tajo/engine/planner/InsertNode.java","147","2"
"TAJO","1","0.2-incubating","tajo/tajo-core/tajo-core-backend/src/main/java/org/apache/tajo/engine/planner/logical/BinaryNode.java","47","1"
"TAJO","1","0.2-incubating","tajo/tajo-core/tajo-core-backend/src/main/java/org/apache/tajo/engine/planner/logical/CreateTableNode.java","120","3"
"TAJO","1","0.2-incubating","tajo/tajo-core/tajo-core-backend/src/main/java/org/apache/tajo/engine/planner/logical/DropTableNode.java","42","3"
"TAJO","1","0.2-incubating","tajo/tajo-core/tajo-core-backend/src/main/java/org/apache/tajo/engine/planner/logical/EvalExprNode.java","62","1"
"TAJO","1","0.2-incubating","tajo/tajo-core/tajo-core-backend/src/main/java/org/apache/tajo/engine/planner/logical/ExceptNode.java","20","0"
"TAJO","1","0.2-incubating","tajo/tajo-core/tajo-core-backend/src/main/java/org/apache/tajo/engine/planner/logical/GroupbyNode.java","148","3"
"TAJO","1","0.2-incubating","tajo/tajo-core/tajo-core-backend/src/main/java/org/apache/tajo/engine/planner/logical/IndexScanNode.java","90","4"
"TAJO","1","0.2-incubating","tajo/tajo-core/tajo-core-backend/src/main/java/org/apache/tajo/engine/planner/logical/IntersectNode.java","20","0"
"TAJO","1","0.2-incubating","tajo/tajo-core/tajo-core-backend/src/main/java/org/apache/tajo/engine/planner/logical/join/Edge.java","25","0"
"TAJO","1","0.2-incubating","tajo/tajo-core/tajo-core-backend/src/main/java/org/apache/tajo/engine/planner/logical/join/FoundJoinOrder.java","24","0"
"TAJO","1","0.2-incubating","tajo/tajo-core/tajo-core-backend/src/main/java/org/apache/tajo/engine/planner/logical/join/GreedyHeuristicJoinOrderAlgorithm.java","211","1"
"TAJO","1","0.2-incubating","tajo/tajo-core/tajo-core-backend/src/main/java/org/apache/tajo/engine/planner/logical/join/JoinEdge.java","43","0"
"TAJO","1","0.2-incubating","tajo/tajo-core/tajo-core-backend/src/main/java/org/apache/tajo/engine/planner/logical/join/JoinGraph.java","39","2"
"TAJO","1","0.2-incubating","tajo/tajo-core/tajo-core-backend/src/main/java/org/apache/tajo/engine/planner/logical/join/JoinOrderAlgorithm.java","10","0"
"TAJO","1","0.2-incubating","tajo/tajo-core/tajo-core-backend/src/main/java/org/apache/tajo/engine/planner/logical/JoinNode.java","113","3"
"TAJO","1","0.2-incubating","tajo/tajo-core/tajo-core-backend/src/main/java/org/apache/tajo/engine/planner/logical/LimitNode.java","40","2"
"TAJO","1","0.2-incubating","tajo/tajo-core/tajo-core-backend/src/main/java/org/apache/tajo/engine/planner/logical/LogicalNode.java","77","2"
"TAJO","1","0.2-incubating","tajo/tajo-core/tajo-core-backend/src/main/java/org/apache/tajo/engine/planner/logical/LogicalNodeVisitor.java","4","0"
"TAJO","1","0.2-incubating","tajo/tajo-core/tajo-core-backend/src/main/java/org/apache/tajo/engine/planner/logical/LogicalRootNode.java","18","1"
"TAJO","1","0.2-incubating","tajo/tajo-core/tajo-core-backend/src/main/java/org/apache/tajo/engine/planner/logical/NodeType.java","29","0"
"TAJO","1","0.2-incubating","tajo/tajo-core/tajo-core-backend/src/main/java/org/apache/tajo/engine/planner/logical/Projectable.java","7","0"
"TAJO","1","0.2-incubating","tajo/tajo-core/tajo-core-backend/src/main/java/org/apache/tajo/engine/planner/logical/ProjectionNode.java","87","4"
"TAJO","1","0.2-incubating","tajo/tajo-core/tajo-core-backend/src/main/java/org/apache/tajo/engine/planner/logical/RelationNode.java","11","1"
"TAJO","1","0.2-incubating","tajo/tajo-core/tajo-core-backend/src/main/java/org/apache/tajo/engine/planner/logical/ScanNode.java","153","2"
"TAJO","1","0.2-incubating","tajo/tajo-core/tajo-core-backend/src/main/java/org/apache/tajo/engine/planner/logical/SelectionNode.java","47","2"
"TAJO","1","0.2-incubating","tajo/tajo-core/tajo-core-backend/src/main/java/org/apache/tajo/engine/planner/logical/SortNode.java","70","2"
"TAJO","1","0.2-incubating","tajo/tajo-core/tajo-core-backend/src/main/java/org/apache/tajo/engine/planner/logical/StoreIndexNode.java","6","0"
"TAJO","1","0.2-incubating","tajo/tajo-core/tajo-core-backend/src/main/java/org/apache/tajo/engine/planner/logical/StoreTableNode.java","133","6"
"TAJO","1","0.2-incubating","tajo/tajo-core/tajo-core-backend/src/main/java/org/apache/tajo/engine/planner/logical/TableSubQueryNode.java","87","2"
"TAJO","1","0.2-incubating","tajo/tajo-core/tajo-core-backend/src/main/java/org/apache/tajo/engine/planner/logical/UnaryNode.java","36","1"
"TAJO","1","0.2-incubating","tajo/tajo-core/tajo-core-backend/src/main/java/org/apache/tajo/engine/planner/logical/UnionNode.java","20","0"
"TAJO","1","0.2-incubating","tajo/tajo-core/tajo-core-backend/src/main/java/org/apache/tajo/engine/planner/LogicalOptimizer.java","167","7"
"TAJO","1","0.2-incubating","tajo/tajo-core/tajo-core-backend/src/main/java/org/apache/tajo/engine/planner/LogicalPlan.java","600","8"
"TAJO","1","0.2-incubating","tajo/tajo-core/tajo-core-backend/src/main/java/org/apache/tajo/engine/planner/LogicalPlanner.java","886","16"
"TAJO","1","0.2-incubating","tajo/tajo-core/tajo-core-backend/src/main/java/org/apache/tajo/engine/planner/LogicalPlanVerifier.java","167","2"
"TAJO","1","0.2-incubating","tajo/tajo-core/tajo-core-backend/src/main/java/org/apache/tajo/engine/planner/LogicalPlanVisitor.java","37","3"
"TAJO","1","0.2-incubating","tajo/tajo-core/tajo-core-backend/src/main/java/org/apache/tajo/engine/planner/physical/AggregationExec.java","78","0"
"TAJO","1","0.2-incubating","tajo/tajo-core/tajo-core-backend/src/main/java/org/apache/tajo/engine/planner/physical/BasicPhysicalExecutorVisitor.java","93","2"
"TAJO","1","0.2-incubating","tajo/tajo-core/tajo-core-backend/src/main/java/org/apache/tajo/engine/planner/physical/BinaryPhysicalExec.java","36","0"
"TAJO","1","0.2-incubating","tajo/tajo-core/tajo-core-backend/src/main/java/org/apache/tajo/engine/planner/physical/BNLJoinExec.java","158","3"
"TAJO","1","0.2-incubating","tajo/tajo-core/tajo-core-backend/src/main/java/org/apache/tajo/engine/planner/physical/BSTIndexScanExec.java","109","3"
"TAJO","1","0.2-incubating","tajo/tajo-core/tajo-core-backend/src/main/java/org/apache/tajo/engine/planner/physical/EvalExprExec.java","39","3"
"TAJO","1","0.2-incubating","tajo/tajo-core/tajo-core-backend/src/main/java/org/apache/tajo/engine/planner/physical/ExternalSortExec.java","147","4"
"TAJO","1","0.2-incubating","tajo/tajo-core/tajo-core-backend/src/main/java/org/apache/tajo/engine/planner/physical/HashAggregateExec.java","88","1"
"TAJO","1","0.2-incubating","tajo/tajo-core/tajo-core-backend/src/main/java/org/apache/tajo/engine/planner/physical/HashFullOuterJoinExec.java","177","1"
"TAJO","1","0.2-incubating","tajo/tajo-core/tajo-core-backend/src/main/java/org/apache/tajo/engine/planner/physical/HashJoinExec.java","137","1"
"TAJO","1","0.2-incubating","tajo/tajo-core/tajo-core-backend/src/main/java/org/apache/tajo/engine/planner/physical/HashLeftAntiJoinExec.java","57","0"
"TAJO","1","0.2-incubating","tajo/tajo-core/tajo-core-backend/src/main/java/org/apache/tajo/engine/planner/physical/HashLeftOuterJoinExec.java","148","3"
"TAJO","1","0.2-incubating","tajo/tajo-core/tajo-core-backend/src/main/java/org/apache/tajo/engine/planner/physical/HashLeftSemiJoinExec.java","53","1"
"TAJO","1","0.2-incubating","tajo/tajo-core/tajo-core-backend/src/main/java/org/apache/tajo/engine/planner/physical/HashPartitioner.java","18","0"
"TAJO","1","0.2-incubating","tajo/tajo-core/tajo-core-backend/src/main/java/org/apache/tajo/engine/planner/physical/IndexedStoreExec.java","86","8"
"TAJO","1","0.2-incubating","tajo/tajo-core/tajo-core-backend/src/main/java/org/apache/tajo/engine/planner/physical/JoinTupleComparator.java","54","2"
"TAJO","1","0.2-incubating","tajo/tajo-core/tajo-core-backend/src/main/java/org/apache/tajo/engine/planner/physical/LimitExec.java","29","0"
"TAJO","1","0.2-incubating","tajo/tajo-core/tajo-core-backend/src/main/java/org/apache/tajo/engine/planner/physical/MemSortExec.java","51","0"
"TAJO","1","0.2-incubating","tajo/tajo-core/tajo-core-backend/src/main/java/org/apache/tajo/engine/planner/physical/MergeFullOuterJoinExec.java","213","0"
"TAJO","1","0.2-incubating","tajo/tajo-core/tajo-core-backend/src/main/java/org/apache/tajo/engine/planner/physical/MergeJoinExec.java","136","1"
"TAJO","1","0.2-incubating","tajo/tajo-core/tajo-core-backend/src/main/java/org/apache/tajo/engine/planner/physical/NLJoinExec.java","74","1"
"TAJO","1","0.2-incubating","tajo/tajo-core/tajo-core-backend/src/main/java/org/apache/tajo/engine/planner/physical/NLLeftOuterJoinExec.java","86","1"
"TAJO","1","0.2-incubating","tajo/tajo-core/tajo-core-backend/src/main/java/org/apache/tajo/engine/planner/physical/PartitionedStoreExec.java","110","6"
"TAJO","1","0.2-incubating","tajo/tajo-core/tajo-core-backend/src/main/java/org/apache/tajo/engine/planner/physical/Partitioner.java","18","0"
"TAJO","1","0.2-incubating","tajo/tajo-core/tajo-core-backend/src/main/java/org/apache/tajo/engine/planner/physical/PhysicalExec.java","26","0"
"TAJO","1","0.2-incubating","tajo/tajo-core/tajo-core-backend/src/main/java/org/apache/tajo/engine/planner/physical/PhysicalExecutorVisitor.java","15","2"
"TAJO","1","0.2-incubating","tajo/tajo-core/tajo-core-backend/src/main/java/org/apache/tajo/engine/planner/physical/PhysicalPlanningException.java","10","0"
"TAJO","1","0.2-incubating","tajo/tajo-core/tajo-core-backend/src/main/java/org/apache/tajo/engine/planner/physical/PhysicalPlanUtil.java","18","2"
"TAJO","1","0.2-incubating","tajo/tajo-core/tajo-core-backend/src/main/java/org/apache/tajo/engine/planner/physical/ProjectionExec.java","35","0"
"TAJO","1","0.2-incubating","tajo/tajo-core/tajo-core-backend/src/main/java/org/apache/tajo/engine/planner/physical/RightOuterMergeJoinExec.java","207","1"
"TAJO","1","0.2-incubating","tajo/tajo-core/tajo-core-backend/src/main/java/org/apache/tajo/engine/planner/physical/SelectionExec.java","42","0"
"TAJO","1","0.2-incubating","tajo/tajo-core/tajo-core-backend/src/main/java/org/apache/tajo/engine/planner/physical/SeqScanExec.java","105","3"
"TAJO","1","0.2-incubating","tajo/tajo-core/tajo-core-backend/src/main/java/org/apache/tajo/engine/planner/physical/SortAggregateExec.java","64","0"
"TAJO","1","0.2-incubating","tajo/tajo-core/tajo-core-backend/src/main/java/org/apache/tajo/engine/planner/physical/SortExec.java","26","0"
"TAJO","1","0.2-incubating","tajo/tajo-core/tajo-core-backend/src/main/java/org/apache/tajo/engine/planner/physical/StoreTableExec.java","60","1"
"TAJO","1","0.2-incubating","tajo/tajo-core/tajo-core-backend/src/main/java/org/apache/tajo/engine/planner/physical/TunnelExec.java","19","1"
"TAJO","1","0.2-incubating","tajo/tajo-core/tajo-core-backend/src/main/java/org/apache/tajo/engine/planner/physical/UnaryPhysicalExec.java","30","0"
"TAJO","1","0.2-incubating","tajo/tajo-core/tajo-core-backend/src/main/java/org/apache/tajo/engine/planner/physical/UnionExec.java","33","1"
"TAJO","1","0.2-incubating","tajo/tajo-core/tajo-core-backend/src/main/java/org/apache/tajo/engine/planner/PhysicalPlanner.java","10","1"
"TAJO","1","0.2-incubating","tajo/tajo-core/tajo-core-backend/src/main/java/org/apache/tajo/engine/planner/PhysicalPlannerImpl.java","646","54"
"TAJO","1","0.2-incubating","tajo/tajo-core/tajo-core-backend/src/main/java/org/apache/tajo/engine/planner/PhysicalPlanningException.java","10","0"
"TAJO","1","0.2-incubating","tajo/tajo-core/tajo-core-backend/src/main/java/org/apache/tajo/engine/planner/PlannerUtil.java","478","10"
"TAJO","1","0.2-incubating","tajo/tajo-core/tajo-core-backend/src/main/java/org/apache/tajo/engine/planner/PlanningException.java","9","0"
"TAJO","1","0.2-incubating","tajo/tajo-core/tajo-core-backend/src/main/java/org/apache/tajo/engine/planner/PlanString.java","64","3"
"TAJO","1","0.2-incubating","tajo/tajo-core/tajo-core-backend/src/main/java/org/apache/tajo/engine/planner/Projector.java","78","2"
"TAJO","1","0.2-incubating","tajo/tajo-core/tajo-core-backend/src/main/java/org/apache/tajo/engine/planner/RangePartitionAlgorithm.java","72","3"
"TAJO","1","0.2-incubating","tajo/tajo-core/tajo-core-backend/src/main/java/org/apache/tajo/engine/planner/rewrite/BasicQueryRewriteEngine.java","28","3"
"TAJO","1","0.2-incubating","tajo/tajo-core/tajo-core-backend/src/main/java/org/apache/tajo/engine/planner/rewrite/FilterPushDownRule.java","183","2"
"TAJO","1","0.2-incubating","tajo/tajo-core/tajo-core-backend/src/main/java/org/apache/tajo/engine/planner/rewrite/ProjectionPushDownRule.java","366","4"
"TAJO","1","0.2-incubating","tajo/tajo-core/tajo-core-backend/src/main/java/org/apache/tajo/engine/planner/rewrite/QueryRewriteEngine.java","6","0"
"TAJO","1","0.2-incubating","tajo/tajo-core/tajo-core-backend/src/main/java/org/apache/tajo/engine/planner/rewrite/RewriteRule.java","8","0"
"TAJO","1","0.2-incubating","tajo/tajo-core/tajo-core-backend/src/main/java/org/apache/tajo/engine/planner/Target.java","75","1"
"TAJO","1","0.2-incubating","tajo/tajo-core/tajo-core-backend/src/main/java/org/apache/tajo/engine/planner/TargetListManager.java","176","6"
"TAJO","1","0.2-incubating","tajo/tajo-core/tajo-core-backend/src/main/java/org/apache/tajo/engine/planner/UniformRangePartition.java","281","9"
"TAJO","1","0.2-incubating","tajo/tajo-core/tajo-core-backend/src/main/java/org/apache/tajo/engine/planner/VerificationState.java","15","0"
"TAJO","1","0.2-incubating","tajo/tajo-core/tajo-core-backend/src/main/java/org/apache/tajo/engine/query/QueryContext.java","108","4"
"TAJO","1","0.2-incubating","tajo/tajo-core/tajo-core-backend/src/main/java/org/apache/tajo/engine/query/QueryUnitRequest.java","25","14"
"TAJO","1","0.2-incubating","tajo/tajo-core/tajo-core-backend/src/main/java/org/apache/tajo/engine/query/QueryUnitRequestImpl.java","278","2"
"TAJO","1","0.2-incubating","tajo/tajo-core/tajo-core-backend/src/main/java/org/apache/tajo/engine/utils/ProtoUtil.java","9","1"
"TAJO","1","0.2-incubating","tajo/tajo-core/tajo-core-backend/src/main/java/org/apache/tajo/engine/utils/SchemaUtil.java","36","2"
"TAJO","1","0.2-incubating","tajo/tajo-core/tajo-core-backend/src/main/java/org/apache/tajo/engine/utils/ThreadUtil.java","76","4"
"TAJO","1","0.2-incubating","tajo/tajo-core/tajo-core-backend/src/main/java/org/apache/tajo/engine/utils/TupleUtil.java","335","9"
"TAJO","1","0.2-incubating","tajo/tajo-core/tajo-core-backend/src/main/java/org/apache/tajo/jdbc/MetaDataTuple.java","145","3"
"TAJO","1","0.2-incubating","tajo/tajo-core/tajo-core-backend/src/main/java/org/apache/tajo/jdbc/TajoConnection.java","300","7"
"TAJO","1","0.2-incubating","tajo/tajo-core/tajo-core-backend/src/main/java/org/apache/tajo/jdbc/TajoDatabaseMetaData.java","965","5"
"TAJO","1","0.2-incubating","tajo/tajo-core/tajo-core-backend/src/main/java/org/apache/tajo/jdbc/TajoDriver.java","187","3"
"TAJO","1","0.2-incubating","tajo/tajo-core/tajo-core-backend/src/main/java/org/apache/tajo/jdbc/TajoMetaDataResultSet.java","49","1"
"TAJO","1","0.2-incubating","tajo/tajo-core/tajo-core-backend/src/main/java/org/apache/tajo/jdbc/TajoPreparedStatement.java","482","2"
"TAJO","1","0.2-incubating","tajo/tajo-core/tajo-core-backend/src/main/java/org/apache/tajo/jdbc/TajoResultSet.java","115","3"
"TAJO","1","0.2-incubating","tajo/tajo-core/tajo-core-backend/src/main/java/org/apache/tajo/jdbc/TajoResultSetBase.java","900","5"
"TAJO","1","0.2-incubating","tajo/tajo-core/tajo-core-backend/src/main/java/org/apache/tajo/jdbc/TajoResultSetMetaData.java","109","0"
"TAJO","1","0.2-incubating","tajo/tajo-core/tajo-core-backend/src/main/java/org/apache/tajo/jdbc/TajoStatement.java","201","2"
"TAJO","1","0.2-incubating","tajo/tajo-core/tajo-core-backend/src/main/java/org/apache/tajo/master/cluster/ServerName.java","85","5"
"TAJO","1","0.2-incubating","tajo/tajo-core/tajo-core-backend/src/main/java/org/apache/tajo/master/ContainerProxy.java","49","3"
"TAJO","1","0.2-incubating","tajo/tajo-core/tajo-core-backend/src/main/java/org/apache/tajo/master/event/ContainerAllocationEvent.java","48","0"
"TAJO","1","0.2-incubating","tajo/tajo-core/tajo-core-backend/src/main/java/org/apache/tajo/master/event/ContainerAllocatorEventType.java","6","0"
"TAJO","1","0.2-incubating","tajo/tajo-core/tajo-core-backend/src/main/java/org/apache/tajo/master/event/ContainerEvent.java","15","1"
"TAJO","1","0.2-incubating","tajo/tajo-core/tajo-core-backend/src/main/java/org/apache/tajo/master/event/GrouppedContainerAllocatorEvent.java","22","3"
"TAJO","1","0.2-incubating","tajo/tajo-core/tajo-core-backend/src/main/java/org/apache/tajo/master/event/QueryDiagnosticsUpdateEvent.java","12","0"
"TAJO","1","0.2-incubating","tajo/tajo-core/tajo-core-backend/src/main/java/org/apache/tajo/master/event/QueryEvent.java","13","0"
"TAJO","1","0.2-incubating","tajo/tajo-core/tajo-core-backend/src/main/java/org/apache/tajo/master/event/QueryEventType.java","10","0"
"TAJO","1","0.2-incubating","tajo/tajo-core/tajo-core-backend/src/main/java/org/apache/tajo/master/event/QueryFinishEvent.java","16","0"
"TAJO","1","0.2-incubating","tajo/tajo-core/tajo-core-backend/src/main/java/org/apache/tajo/master/event/QueryStartEvent.java","36","0"
"TAJO","1","0.2-incubating","tajo/tajo-core/tajo-core-backend/src/main/java/org/apache/tajo/master/event/QuerySubQueryEvent.java","13","0"
"TAJO","1","0.2-incubating","tajo/tajo-core/tajo-core-backend/src/main/java/org/apache/tajo/master/event/SubQueryCompletedEvent.java","19","0"
"TAJO","1","0.2-incubating","tajo/tajo-core/tajo-core-backend/src/main/java/org/apache/tajo/master/event/SubQueryContainerAllocationEvent.java","15","0"
"TAJO","1","0.2-incubating","tajo/tajo-core/tajo-core-backend/src/main/java/org/apache/tajo/master/event/SubQueryEvent.java","13","0"
"TAJO","1","0.2-incubating","tajo/tajo-core/tajo-core-backend/src/main/java/org/apache/tajo/master/event/SubQueryEventType.java","10","0"
"TAJO","1","0.2-incubating","tajo/tajo-core/tajo-core-backend/src/main/java/org/apache/tajo/master/event/SubQuerySucceeEvent.java","10","2"
"TAJO","1","0.2-incubating","tajo/tajo-core/tajo-core-backend/src/main/java/org/apache/tajo/master/event/SubQueryTaskEvent.java","13","0"
"TAJO","1","0.2-incubating","tajo/tajo-core/tajo-core-backend/src/main/java/org/apache/tajo/master/event/TaskAttemptAssignedEvent.java","24","0"
"TAJO","1","0.2-incubating","tajo/tajo-core/tajo-core-backend/src/main/java/org/apache/tajo/master/event/TaskAttemptEvent.java","14","0"
"TAJO","1","0.2-incubating","tajo/tajo-core/tajo-core-backend/src/main/java/org/apache/tajo/master/event/TaskAttemptEventType.java","16","0"
"TAJO","1","0.2-incubating","tajo/tajo-core/tajo-core-backend/src/main/java/org/apache/tajo/master/event/TaskAttemptStatusUpdateEvent.java","14","0"
"TAJO","1","0.2-incubating","tajo/tajo-core/tajo-core-backend/src/main/java/org/apache/tajo/master/event/TaskCompletionEvent.java","13","0"
"TAJO","1","0.2-incubating","tajo/tajo-core/tajo-core-backend/src/main/java/org/apache/tajo/master/event/TaskEvent.java","13","0"
"TAJO","1","0.2-incubating","tajo/tajo-core/tajo-core-backend/src/main/java/org/apache/tajo/master/event/TaskEventType.java","10","0"
"TAJO","1","0.2-incubating","tajo/tajo-core/tajo-core-backend/src/main/java/org/apache/tajo/master/event/TaskFatalErrorEvent.java","14","0"
"TAJO","1","0.2-incubating","tajo/tajo-core/tajo-core-backend/src/main/java/org/apache/tajo/master/event/TaskRequestEvent.java","32","0"
"TAJO","1","0.2-incubating","tajo/tajo-core/tajo-core-backend/src/main/java/org/apache/tajo/master/event/TaskScheduleEvent.java","42","0"
"TAJO","1","0.2-incubating","tajo/tajo-core/tajo-core-backend/src/main/java/org/apache/tajo/master/event/TaskSchedulerEvent.java","18","0"
"TAJO","1","0.2-incubating","tajo/tajo-core/tajo-core-backend/src/main/java/org/apache/tajo/master/event/TaskTAttemptEvent.java","13","0"
"TAJO","1","0.2-incubating","tajo/tajo-core/tajo-core-backend/src/main/java/org/apache/tajo/master/GlobalEngine.java","370","17"
"TAJO","1","0.2-incubating","tajo/tajo-core/tajo-core-backend/src/main/java/org/apache/tajo/master/querymaster/Query.java","366","14"
"TAJO","1","0.2-incubating","tajo/tajo-core/tajo-core-backend/src/main/java/org/apache/tajo/master/querymaster/QueryInfo.java","86","0"
"TAJO","1","0.2-incubating","tajo/tajo-core/tajo-core-backend/src/main/java/org/apache/tajo/master/querymaster/QueryInProgress.java","209","13"
"TAJO","1","0.2-incubating","tajo/tajo-core/tajo-core-backend/src/main/java/org/apache/tajo/master/querymaster/QueryJobEvent.java","19","0"
"TAJO","1","0.2-incubating","tajo/tajo-core/tajo-core-backend/src/main/java/org/apache/tajo/master/querymaster/QueryJobManager.java","142","8"
"TAJO","1","0.2-incubating","tajo/tajo-core/tajo-core-backend/src/main/java/org/apache/tajo/master/querymaster/QueryMaster.java","357","21"
"TAJO","1","0.2-incubating","tajo/tajo-core/tajo-core-backend/src/main/java/org/apache/tajo/master/querymaster/QueryMasterManagerService.java","162","12"
"TAJO","1","0.2-incubating","tajo/tajo-core/tajo-core-backend/src/main/java/org/apache/tajo/master/querymaster/QueryMasterRunner.java","111","4"
"TAJO","1","0.2-incubating","tajo/tajo-core/tajo-core-backend/src/main/java/org/apache/tajo/master/querymaster/QueryMasterTask.java","377","26"
"TAJO","1","0.2-incubating","tajo/tajo-core/tajo-core-backend/src/main/java/org/apache/tajo/master/querymaster/QueryUnit.java","416","17"
"TAJO","1","0.2-incubating","tajo/tajo-core/tajo-core-backend/src/main/java/org/apache/tajo/master/querymaster/QueryUnitAttempt.java","266","18"
"TAJO","1","0.2-incubating","tajo/tajo-core/tajo-core-backend/src/main/java/org/apache/tajo/master/querymaster/Repartitioner.java","498","18"
"TAJO","1","0.2-incubating","tajo/tajo-core/tajo-core-backend/src/main/java/org/apache/tajo/master/querymaster/SubQuery.java","574","37"
"TAJO","1","0.2-incubating","tajo/tajo-core/tajo-core-backend/src/main/java/org/apache/tajo/master/querymaster/SubQueryState.java","9","0"
"TAJO","1","0.2-incubating","tajo/tajo-core/tajo-core-backend/src/main/java/org/apache/tajo/master/rm/TajoWorkerContainer.java","75","1"
"TAJO","1","0.2-incubating","tajo/tajo-core/tajo-core-backend/src/main/java/org/apache/tajo/master/rm/TajoWorkerContainerId.java","23","0"
"TAJO","1","0.2-incubating","tajo/tajo-core/tajo-core-backend/src/main/java/org/apache/tajo/master/rm/TajoWorkerResourceManager.java","401","20"
"TAJO","1","0.2-incubating","tajo/tajo-core/tajo-core-backend/src/main/java/org/apache/tajo/master/rm/WorkerResource.java","244","1"
"TAJO","1","0.2-incubating","tajo/tajo-core/tajo-core-backend/src/main/java/org/apache/tajo/master/rm/WorkerResourceManager.java","25","14"
"TAJO","1","0.2-incubating","tajo/tajo-core/tajo-core-backend/src/main/java/org/apache/tajo/master/rm/WorkerStatus.java","6","0"
"TAJO","1","0.2-incubating","tajo/tajo-core/tajo-core-backend/src/main/java/org/apache/tajo/master/rm/YarnRMContainerAllocator.java","190","16"
"TAJO","1","0.2-incubating","tajo/tajo-core/tajo-core-backend/src/main/java/org/apache/tajo/master/rm/YarnTajoResourceManager.java","249","14"
"TAJO","1","0.2-incubating","tajo/tajo-core/tajo-core-backend/src/main/java/org/apache/tajo/master/TajoAsyncDispatcher.java","176","10"
"TAJO","1","0.2-incubating","tajo/tajo-core/tajo-core-backend/src/main/java/org/apache/tajo/master/TajoContainerProxy.java","144","9"
"TAJO","1","0.2-incubating","tajo/tajo-core/tajo-core-backend/src/main/java/org/apache/tajo/master/TajoMaster.java","482","25"
"TAJO","1","0.2-incubating","tajo/tajo-core/tajo-core-backend/src/main/java/org/apache/tajo/master/TajoMasterClientService.java","288","10"
"TAJO","1","0.2-incubating","tajo/tajo-core/tajo-core-backend/src/main/java/org/apache/tajo/master/TajoMasterService.java","121","4"
"TAJO","1","0.2-incubating","tajo/tajo-core/tajo-core-backend/src/main/java/org/apache/tajo/master/TaskRunnerGroupEvent.java","27","3"
"TAJO","1","0.2-incubating","tajo/tajo-core/tajo-core-backend/src/main/java/org/apache/tajo/master/TaskRunnerLauncher.java","4","0"
"TAJO","1","0.2-incubating","tajo/tajo-core/tajo-core-backend/src/main/java/org/apache/tajo/master/TaskScheduler.java","5","0"
"TAJO","1","0.2-incubating","tajo/tajo-core/tajo-core-backend/src/main/java/org/apache/tajo/master/TaskSchedulerImpl.java","435","24"
"TAJO","1","0.2-incubating","tajo/tajo-core/tajo-core-backend/src/main/java/org/apache/tajo/master/TaskState.java","4","0"
"TAJO","1","0.2-incubating","tajo/tajo-core/tajo-core-backend/src/main/java/org/apache/tajo/master/YarnContainerProxy.java","303","16"
"TAJO","1","0.2-incubating","tajo/tajo-core/tajo-core-backend/src/main/java/org/apache/tajo/master/YarnTaskRunnerLauncherImpl.java","117","8"
"TAJO","1","0.2-incubating","tajo/tajo-core/tajo-core-backend/src/main/java/org/apache/tajo/net/CachedDNSResolver.java","36","4"
"TAJO","1","0.2-incubating","tajo/tajo-core/tajo-core-backend/src/main/java/org/apache/tajo/util/ApplicationIdUtils.java","18","1"
"TAJO","1","0.2-incubating","tajo/tajo-core/tajo-core-backend/src/main/java/org/apache/tajo/util/GeoUtil.java","23","1"
"TAJO","1","0.2-incubating","tajo/tajo-core/tajo-core-backend/src/main/java/org/apache/tajo/util/IndexUtil.java","111","10"
"TAJO","1","0.2-incubating","tajo/tajo-core/tajo-core-backend/src/main/java/org/apache/tajo/util/JSPUtil.java","134","3"
"TAJO","1","0.2-incubating","tajo/tajo-core/tajo-core-backend/src/main/java/org/apache/tajo/webapp/HttpServer.java","302","17"
"TAJO","1","0.2-incubating","tajo/tajo-core/tajo-core-backend/src/main/java/org/apache/tajo/webapp/QueryExecutorServlet.java","302","14"
"TAJO","1","0.2-incubating","tajo/tajo-core/tajo-core-backend/src/main/java/org/apache/tajo/webapp/StaticHttpServer.java","45","4"
"TAJO","1","0.2-incubating","tajo/tajo-core/tajo-core-backend/src/main/java/org/apache/tajo/worker/AbstractResourceAllocator.java","27","2"
"TAJO","1","0.2-incubating","tajo/tajo-core/tajo-core-backend/src/main/java/org/apache/tajo/worker/dataserver/FileAccessForbiddenException.java","16","1"
"TAJO","1","0.2-incubating","tajo/tajo-core/tajo-core-backend/src/main/java/org/apache/tajo/worker/dataserver/HttpDataServer.java","55","2"
"TAJO","1","0.2-incubating","tajo/tajo-core/tajo-core-backend/src/main/java/org/apache/tajo/worker/dataserver/HttpDataServerHandler.java","146","12"
"TAJO","1","0.2-incubating","tajo/tajo-core/tajo-core-backend/src/main/java/org/apache/tajo/worker/dataserver/HttpDataServerPipelineFactory.java","22","1"
"TAJO","1","0.2-incubating","tajo/tajo-core/tajo-core-backend/src/main/java/org/apache/tajo/worker/dataserver/HttpUtil.java","35","5"
"TAJO","1","0.2-incubating","tajo/tajo-core/tajo-core-backend/src/main/java/org/apache/tajo/worker/dataserver/retriever/AdvancedDataRetriever.java","93","6"
"TAJO","1","0.2-incubating","tajo/tajo-core/tajo-core-backend/src/main/java/org/apache/tajo/worker/dataserver/retriever/DataRetriever.java","8","0"
"TAJO","1","0.2-incubating","tajo/tajo-core/tajo-core-backend/src/main/java/org/apache/tajo/worker/dataserver/retriever/DirectoryRetriever.java","31","0"
"TAJO","1","0.2-incubating","tajo/tajo-core/tajo-core-backend/src/main/java/org/apache/tajo/worker/dataserver/retriever/FileChunk.java","26","0"
"TAJO","1","0.2-incubating","tajo/tajo-core/tajo-core-backend/src/main/java/org/apache/tajo/worker/dataserver/retriever/RetrieverHandler.java","7","2"
"TAJO","1","0.2-incubating","tajo/tajo-core/tajo-core-backend/src/main/java/org/apache/tajo/worker/Fetcher.java","151","8"
"TAJO","1","0.2-incubating","tajo/tajo-core/tajo-core-backend/src/main/java/org/apache/tajo/worker/InterDataRetriever.java","76","7"
"TAJO","1","0.2-incubating","tajo/tajo-core/tajo-core-backend/src/main/java/org/apache/tajo/worker/PartitionRetrieverHandler.java","18","0"
"TAJO","1","0.2-incubating","tajo/tajo-core/tajo-core-backend/src/main/java/org/apache/tajo/worker/RangeRetrieverHandler.java","111","7"
"TAJO","1","0.2-incubating","tajo/tajo-core/tajo-core-backend/src/main/java/org/apache/tajo/worker/ResourceAllocator.java","8","3"
"TAJO","1","0.2-incubating","tajo/tajo-core/tajo-core-backend/src/main/java/org/apache/tajo/worker/TajoQueryEngine.java","24","1"
"TAJO","1","0.2-incubating","tajo/tajo-core/tajo-core-backend/src/main/java/org/apache/tajo/worker/TajoResourceAllocator.java","277","13"
"TAJO","1","0.2-incubating","tajo/tajo-core/tajo-core-backend/src/main/java/org/apache/tajo/worker/TajoWorker.java","541","16"
"TAJO","1","0.2-incubating","tajo/tajo-core/tajo-core-backend/src/main/java/org/apache/tajo/worker/TajoWorkerClientService.java","159","8"
"TAJO","1","0.2-incubating","tajo/tajo-core/tajo-core-backend/src/main/java/org/apache/tajo/worker/TajoWorkerManagerService.java","102","13"
"TAJO","1","0.2-incubating","tajo/tajo-core/tajo-core-backend/src/main/java/org/apache/tajo/worker/Task.java","500","32"
"TAJO","1","0.2-incubating","tajo/tajo-core/tajo-core-backend/src/main/java/org/apache/tajo/worker/TaskAttemptContext.java","178","3"
"TAJO","1","0.2-incubating","tajo/tajo-core/tajo-core-backend/src/main/java/org/apache/tajo/worker/TaskRunner.java","274","24"
"TAJO","1","0.2-incubating","tajo/tajo-core/tajo-core-backend/src/main/java/org/apache/tajo/worker/TaskRunnerManager.java","132","6"
"TAJO","1","0.2-incubating","tajo/tajo-core/tajo-core-backend/src/main/java/org/apache/tajo/worker/YarnResourceAllocator.java","74","5"
"TAJO","1","0.2-incubating","tajo/tajo-core/tajo-core-pullserver/src/main/java/org/apache/tajo/pullserver/FadvisedChunkedFile.java","53","2"
"TAJO","1","0.2-incubating","tajo/tajo-core/tajo-core-pullserver/src/main/java/org/apache/tajo/pullserver/FadvisedFileRegion.java","55","2"
"TAJO","1","0.2-incubating","tajo/tajo-core/tajo-core-pullserver/src/main/java/org/apache/tajo/pullserver/FileAccessForbiddenException.java","16","1"
"TAJO","1","0.2-incubating","tajo/tajo-core/tajo-core-pullserver/src/main/java/org/apache/tajo/pullserver/HttpDataServerHandler.java","166","14"
"TAJO","1","0.2-incubating","tajo/tajo-core/tajo-core-pullserver/src/main/java/org/apache/tajo/pullserver/HttpDataServerPipelineFactory.java","25","1"
"TAJO","1","0.2-incubating","tajo/tajo-core/tajo-core-pullserver/src/main/java/org/apache/tajo/pullserver/HttpUtil.java","35","5"
"TAJO","1","0.2-incubating","tajo/tajo-core/tajo-core-pullserver/src/main/java/org/apache/tajo/pullserver/PullServerAuxService.java","520","37"
"TAJO","1","0.2-incubating","tajo/tajo-core/tajo-core-pullserver/src/main/java/org/apache/tajo/pullserver/retriever/AdvancedDataRetriever.java","92","6"
"TAJO","1","0.2-incubating","tajo/tajo-core/tajo-core-pullserver/src/main/java/org/apache/tajo/pullserver/retriever/DataRetriever.java","8","0"
"TAJO","1","0.2-incubating","tajo/tajo-core/tajo-core-pullserver/src/main/java/org/apache/tajo/pullserver/retriever/DirectoryRetriever.java","31","0"
"TAJO","1","0.2-incubating","tajo/tajo-core/tajo-core-pullserver/src/main/java/org/apache/tajo/pullserver/retriever/FileChunk.java","26","0"
"TAJO","1","0.2-incubating","tajo/tajo-core/tajo-core-pullserver/src/main/java/org/apache/tajo/pullserver/retriever/RetrieverHandler.java","7","2"
"TAJO","1","0.2-incubating","tajo/tajo-core/tajo-core-pullserver/src/main/java/org/apache/tajo/pullserver/TajoPullServerService.java","511","36"
"TAJO","1","0.2-incubating","tajo/tajo-core/tajo-core-storage/src/main/java/org/apache/tajo/storage/AbstractStorageManager.java","458","14"
"TAJO","1","0.2-incubating","tajo/tajo-core/tajo-core-storage/src/main/java/org/apache/tajo/storage/annotation/ForSplitableStore.java","9","0"
"TAJO","1","0.2-incubating","tajo/tajo-core/tajo-core-storage/src/main/java/org/apache/tajo/storage/Appender.java","12","0"
"TAJO","1","0.2-incubating","tajo/tajo-core/tajo-core-storage/src/main/java/org/apache/tajo/storage/compress/CodecPool.java","101","6"
"TAJO","1","0.2-incubating","tajo/tajo-core/tajo-core-storage/src/main/java/org/apache/tajo/storage/CSVFile.java","521","21"
"TAJO","1","0.2-incubating","tajo/tajo-core/tajo-core-storage/src/main/java/org/apache/tajo/storage/DataLocation.java","22","0"
"TAJO","1","0.2-incubating","tajo/tajo-core/tajo-core-storage/src/main/java/org/apache/tajo/storage/exception/AlreadyExistsStorageException.java","12","0"
"TAJO","1","0.2-incubating","tajo/tajo-core/tajo-core-storage/src/main/java/org/apache/tajo/storage/exception/UnknownCodecException.java","9","1"
"TAJO","1","0.2-incubating","tajo/tajo-core/tajo-core-storage/src/main/java/org/apache/tajo/storage/exception/UnknownDataTypeException.java","9","1"
"TAJO","1","0.2-incubating","tajo/tajo-core/tajo-core-storage/src/main/java/org/apache/tajo/storage/exception/UnsupportedFileTypeException.java","9","1"
"TAJO","1","0.2-incubating","tajo/tajo-core/tajo-core-storage/src/main/java/org/apache/tajo/storage/FileAppender.java","33","0"
"TAJO","1","0.2-incubating","tajo/tajo-core/tajo-core-storage/src/main/java/org/apache/tajo/storage/FileScanner.java","42","0"
"TAJO","1","0.2-incubating","tajo/tajo-core/tajo-core-storage/src/main/java/org/apache/tajo/storage/fragment/FileFragment.java","157","4"
"TAJO","1","0.2-incubating","tajo/tajo-core/tajo-core-storage/src/main/java/org/apache/tajo/storage/fragment/Fragment.java","8","3"
"TAJO","1","0.2-incubating","tajo/tajo-core/tajo-core-storage/src/main/java/org/apache/tajo/storage/fragment/FragmentConvertor.java","82","5"
"TAJO","1","0.2-incubating","tajo/tajo-core/tajo-core-storage/src/main/java/org/apache/tajo/storage/FrameTuple.java","161","5"
"TAJO","1","0.2-incubating","tajo/tajo-core/tajo-core-storage/src/main/java/org/apache/tajo/storage/index/bst/BSTIndex.java","462","5"
"TAJO","1","0.2-incubating","tajo/tajo-core/tajo-core-storage/src/main/java/org/apache/tajo/storage/index/IndexMethod.java","11","2"
"TAJO","1","0.2-incubating","tajo/tajo-core/tajo-core-storage/src/main/java/org/apache/tajo/storage/index/IndexReader.java","6","1"
"TAJO","1","0.2-incubating","tajo/tajo-core/tajo-core-storage/src/main/java/org/apache/tajo/storage/index/IndexWriter.java","7","0"
"TAJO","1","0.2-incubating","tajo/tajo-core/tajo-core-storage/src/main/java/org/apache/tajo/storage/index/OrderIndexReader.java","7","2"
"TAJO","1","0.2-incubating","tajo/tajo-core/tajo-core-storage/src/main/java/org/apache/tajo/storage/LazyTuple.java","281","8"
"TAJO","1","0.2-incubating","tajo/tajo-core/tajo-core-storage/src/main/java/org/apache/tajo/storage/MergeScanner.java","99","8"
"TAJO","1","0.2-incubating","tajo/tajo-core/tajo-core-storage/src/main/java/org/apache/tajo/storage/NumericPathComparator.java","11","0"
"TAJO","1","0.2-incubating","tajo/tajo-core/tajo-core-storage/src/main/java/org/apache/tajo/storage/RawFile.java","380","2"
"TAJO","1","0.2-incubating","tajo/tajo-core/tajo-core-storage/src/main/java/org/apache/tajo/storage/rcfile/BytesRefArrayWritable.java","128","3"
"TAJO","1","0.2-incubating","tajo/tajo-core/tajo-core-storage/src/main/java/org/apache/tajo/storage/rcfile/BytesRefWritable.java","141","3"
"TAJO","1","0.2-incubating","tajo/tajo-core/tajo-core-storage/src/main/java/org/apache/tajo/storage/rcfile/ColumnProjectionUtils.java","63","0"
"TAJO","1","0.2-incubating","tajo/tajo-core/tajo-core-storage/src/main/java/org/apache/tajo/storage/rcfile/LazyDecompressionCallback.java","5","0"
"TAJO","1","0.2-incubating","tajo/tajo-core/tajo-core-storage/src/main/java/org/apache/tajo/storage/rcfile/NonSyncByteArrayInputStream.java","64","0"
"TAJO","1","0.2-incubating","tajo/tajo-core/tajo-core-storage/src/main/java/org/apache/tajo/storage/rcfile/NonSyncByteArrayOutputStream.java","63","0"
"TAJO","1","0.2-incubating","tajo/tajo-core/tajo-core-storage/src/main/java/org/apache/tajo/storage/rcfile/NonSyncDataInputBuffer.java","224","6"
"TAJO","1","0.2-incubating","tajo/tajo-core/tajo-core-storage/src/main/java/org/apache/tajo/storage/rcfile/NonSyncDataOutputBuffer.java","45","0"
"TAJO","1","0.2-incubating","tajo/tajo-core/tajo-core-storage/src/main/java/org/apache/tajo/storage/rcfile/RCFile.java","1163","18"
"TAJO","1","0.2-incubating","tajo/tajo-core/tajo-core-storage/src/main/java/org/apache/tajo/storage/rcfile/RCFileWrapper.java","276","4"
"TAJO","1","0.2-incubating","tajo/tajo-core/tajo-core-storage/src/main/java/org/apache/tajo/storage/rcfile/SchemaAwareCompressionInputStream.java","9","0"
"TAJO","1","0.2-incubating","tajo/tajo-core/tajo-core-storage/src/main/java/org/apache/tajo/storage/rcfile/SchemaAwareCompressionOutputStream.java","9","0"
"TAJO","1","0.2-incubating","tajo/tajo-core/tajo-core-storage/src/main/java/org/apache/tajo/storage/RowFile.java","402","13"
"TAJO","1","0.2-incubating","tajo/tajo-core/tajo-core-storage/src/main/java/org/apache/tajo/storage/RowStoreUtil.java","156","9"
"TAJO","1","0.2-incubating","tajo/tajo-core/tajo-core-storage/src/main/java/org/apache/tajo/storage/Scanner.java","16","0"
"TAJO","1","0.2-incubating","tajo/tajo-core/tajo-core-storage/src/main/java/org/apache/tajo/storage/SeekableScanner.java","6","2"
"TAJO","1","0.2-incubating","tajo/tajo-core/tajo-core-storage/src/main/java/org/apache/tajo/storage/Storage.java","20","0"
"TAJO","1","0.2-incubating","tajo/tajo-core/tajo-core-storage/src/main/java/org/apache/tajo/storage/StorageManager.java","36","0"
"TAJO","1","0.2-incubating","tajo/tajo-core/tajo-core-storage/src/main/java/org/apache/tajo/storage/StorageManagerFactory.java","61","4"
"TAJO","1","0.2-incubating","tajo/tajo-core/tajo-core-storage/src/main/java/org/apache/tajo/storage/StorageUtil.java","55","3"
"TAJO","1","0.2-incubating","tajo/tajo-core/tajo-core-storage/src/main/java/org/apache/tajo/storage/TableStatistics.java","78","0"
"TAJO","1","0.2-incubating","tajo/tajo-core/tajo-core-storage/src/main/java/org/apache/tajo/storage/trevni/TrevniAppender.java","160","2"
"TAJO","1","0.2-incubating","tajo/tajo-core/tajo-core-storage/src/main/java/org/apache/tajo/storage/trevni/TrevniScanner.java","145","3"
"TAJO","1","0.2-incubating","tajo/tajo-core/tajo-core-storage/src/main/java/org/apache/tajo/storage/Tuple.java","32","28"
"TAJO","1","0.2-incubating","tajo/tajo-core/tajo-core-storage/src/main/java/org/apache/tajo/storage/TupleComparator.java","110","5"
"TAJO","1","0.2-incubating","tajo/tajo-core/tajo-core-storage/src/main/java/org/apache/tajo/storage/TupleRange.java","67","2"
"TAJO","1","0.2-incubating","tajo/tajo-core/tajo-core-storage/src/main/java/org/apache/tajo/storage/v2/CSVFileScanner.java","321","21"
"TAJO","1","0.2-incubating","tajo/tajo-core/tajo-core-storage/src/main/java/org/apache/tajo/storage/v2/DiskDeviceInfo.java","33","0"
"TAJO","1","0.2-incubating","tajo/tajo-core/tajo-core-storage/src/main/java/org/apache/tajo/storage/v2/DiskFileScanScheduler.java","152","5"
"TAJO","1","0.2-incubating","tajo/tajo-core/tajo-core-storage/src/main/java/org/apache/tajo/storage/v2/DiskInfo.java","42","0"
"TAJO","1","0.2-incubating","tajo/tajo-core/tajo-core-storage/src/main/java/org/apache/tajo/storage/v2/DiskMountInfo.java","53","1"
"TAJO","1","0.2-incubating","tajo/tajo-core/tajo-core-storage/src/main/java/org/apache/tajo/storage/v2/DiskUtil.java","150","3"
"TAJO","1","0.2-incubating","tajo/tajo-core/tajo-core-storage/src/main/java/org/apache/tajo/storage/v2/FileScannerV2.java","149","2"
"TAJO","1","0.2-incubating","tajo/tajo-core/tajo-core-storage/src/main/java/org/apache/tajo/storage/v2/FileScanRunner.java","44","8"
"TAJO","1","0.2-incubating","tajo/tajo-core/tajo-core-storage/src/main/java/org/apache/tajo/storage/v2/RCFile.java","1180","16"
"TAJO","1","0.2-incubating","tajo/tajo-core/tajo-core-storage/src/main/java/org/apache/tajo/storage/v2/RCFileScanner.java","270","7"
"TAJO","1","0.2-incubating","tajo/tajo-core/tajo-core-storage/src/main/java/org/apache/tajo/storage/v2/ScanScheduler.java","141","5"
"TAJO","1","0.2-incubating","tajo/tajo-core/tajo-core-storage/src/main/java/org/apache/tajo/storage/v2/ScheduledInputStream.java","425","14"
"TAJO","1","0.2-incubating","tajo/tajo-core/tajo-core-storage/src/main/java/org/apache/tajo/storage/v2/StorageManagerV2.java","94","1"
"TAJO","1","0.2-incubating","tajo/tajo-core/tajo-core-storage/src/main/java/org/apache/tajo/storage/VTuple.java","159","4"
"TAJO","1","0.2-incubating","tajo/tajo-rpc/src/main/java/org/apache/tajo/rpc/AsyncRpcClient.java","170","9"
"TAJO","1","0.2-incubating","tajo/tajo-rpc/src/main/java/org/apache/tajo/rpc/AsyncRpcServer.java","84","4"
"TAJO","1","0.2-incubating","tajo/tajo-rpc/src/main/java/org/apache/tajo/rpc/BlockingRpcClient.java","208","11"
"TAJO","1","0.2-incubating","tajo/tajo-rpc/src/main/java/org/apache/tajo/rpc/BlockingRpcServer.java","83","6"
"TAJO","1","0.2-incubating","tajo/tajo-rpc/src/main/java/org/apache/tajo/rpc/CallFuture.java","51","0"
"TAJO","1","0.2-incubating","tajo/tajo-rpc/src/main/java/org/apache/tajo/rpc/DefaultRpcController.java","33","3"
"TAJO","1","0.2-incubating","tajo/tajo-rpc/src/main/java/org/apache/tajo/rpc/NettyClientBase.java","62","5"
"TAJO","1","0.2-incubating","tajo/tajo-rpc/src/main/java/org/apache/tajo/rpc/NettyRpcController.java","34","0"
"TAJO","1","0.2-incubating","tajo/tajo-rpc/src/main/java/org/apache/tajo/rpc/NettyServerBase.java","132","2"
"TAJO","1","0.2-incubating","tajo/tajo-rpc/src/main/java/org/apache/tajo/rpc/NullCallback.java","14","0"
"TAJO","1","0.2-incubating","tajo/tajo-rpc/src/main/java/org/apache/tajo/rpc/ProtoPipelineFactory.java","29","0"
"TAJO","1","0.2-incubating","tajo/tajo-rpc/src/main/java/org/apache/tajo/rpc/RemoteCallException.java","30","0"
"TAJO","1","0.2-incubating","tajo/tajo-rpc/src/main/java/org/apache/tajo/rpc/RemoteException.java","15","0"
"TAJO","1","0.2-incubating","tajo/tajo-rpc/src/main/java/org/apache/tajo/rpc/RetriesExhaustedException.java","60","0"
"TAJO","1","0.2-incubating","tajo/tajo-rpc/src/main/java/org/apache/tajo/rpc/RpcConnectionPool.java","99","6"
"TAJO","1","0.2-incubating","tajo/tajo-rpc/src/main/java/org/apache/tajo/rpc/ServerCallable.java","116","3"
"TAJO","2","0.8.0","tajo/tajo-algebra/src/main/java/org/apache/tajo/algebra/Aggregation.java","84","2"
"TAJO","2","0.8.0","tajo/tajo-algebra/src/main/java/org/apache/tajo/algebra/BetweenPredicate.java","37","0"
"TAJO","2","0.8.0","tajo/tajo-algebra/src/main/java/org/apache/tajo/algebra/BinaryOperator.java","29","0"
"TAJO","2","0.8.0","tajo/tajo-algebra/src/main/java/org/apache/tajo/algebra/CaseWhenPredicate.java","55","2"
"TAJO","2","0.8.0","tajo/tajo-algebra/src/main/java/org/apache/tajo/algebra/CastExpr.java","21","0"
"TAJO","2","0.8.0","tajo/tajo-algebra/src/main/java/org/apache/tajo/algebra/ColumnReferenceExpr.java","39","0"
"TAJO","2","0.8.0","tajo/tajo-algebra/src/main/java/org/apache/tajo/algebra/CountRowsFunctionExpr.java","6","0"
"TAJO","2","0.8.0","tajo/tajo-algebra/src/main/java/org/apache/tajo/algebra/CreateTable.java","245","5"
"TAJO","2","0.8.0","tajo/tajo-algebra/src/main/java/org/apache/tajo/algebra/DataType.java","39","0"
"TAJO","2","0.8.0","tajo/tajo-algebra/src/main/java/org/apache/tajo/algebra/DropTable.java","19","0"
"TAJO","2","0.8.0","tajo/tajo-algebra/src/main/java/org/apache/tajo/algebra/ExistsPredicate.java","21","0"
"TAJO","2","0.8.0","tajo/tajo-algebra/src/main/java/org/apache/tajo/algebra/Expr.java","73","2"
"TAJO","2","0.8.0","tajo/tajo-algebra/src/main/java/org/apache/tajo/algebra/ExprVisitor.java","4","0"
"TAJO","2","0.8.0","tajo/tajo-algebra/src/main/java/org/apache/tajo/algebra/FunctionExpr.java","46","0"
"TAJO","2","0.8.0","tajo/tajo-algebra/src/main/java/org/apache/tajo/algebra/GeneralSetFunctionExpr.java","11","0"
"TAJO","2","0.8.0","tajo/tajo-algebra/src/main/java/org/apache/tajo/algebra/Having.java","30","0"
"TAJO","2","0.8.0","tajo/tajo-algebra/src/main/java/org/apache/tajo/algebra/InPredicate.java","17","1"
"TAJO","2","0.8.0","tajo/tajo-algebra/src/main/java/org/apache/tajo/algebra/Insert.java","82","3"
"TAJO","2","0.8.0","tajo/tajo-algebra/src/main/java/org/apache/tajo/algebra/IsNullPredicate.java","21","0"
"TAJO","2","0.8.0","tajo/tajo-algebra/src/main/java/org/apache/tajo/algebra/Join.java","60","1"
"TAJO","2","0.8.0","tajo/tajo-algebra/src/main/java/org/apache/tajo/algebra/JoinType.java","13","0"
"TAJO","2","0.8.0","tajo/tajo-algebra/src/main/java/org/apache/tajo/algebra/JsonHelper.java","29","2"
"TAJO","2","0.8.0","tajo/tajo-algebra/src/main/java/org/apache/tajo/algebra/JsonSerializable.java","4","0"
"TAJO","2","0.8.0","tajo/tajo-algebra/src/main/java/org/apache/tajo/algebra/Limit.java","24","0"
"TAJO","2","0.8.0","tajo/tajo-algebra/src/main/java/org/apache/tajo/algebra/LiteralValue.java","29","1"
"TAJO","2","0.8.0","tajo/tajo-algebra/src/main/java/org/apache/tajo/algebra/NotExpr.java","11","0"
"TAJO","2","0.8.0","tajo/tajo-algebra/src/main/java/org/apache/tajo/algebra/NullValue.java","10","0"
"TAJO","2","0.8.0","tajo/tajo-algebra/src/main/java/org/apache/tajo/algebra/OpType.java","82","1"
"TAJO","2","0.8.0","tajo/tajo-algebra/src/main/java/org/apache/tajo/algebra/PatternMatchPredicate.java","42","0"
"TAJO","2","0.8.0","tajo/tajo-algebra/src/main/java/org/apache/tajo/algebra/Projection.java","41","0"
"TAJO","2","0.8.0","tajo/tajo-algebra/src/main/java/org/apache/tajo/algebra/Relation.java","44","1"
"TAJO","2","0.8.0","tajo/tajo-algebra/src/main/java/org/apache/tajo/algebra/RelationList.java","39","0"
"TAJO","2","0.8.0","tajo/tajo-algebra/src/main/java/org/apache/tajo/algebra/ScalarSubQuery.java","19","0"
"TAJO","2","0.8.0","tajo/tajo-algebra/src/main/java/org/apache/tajo/algebra/Selection.java","30","0"
"TAJO","2","0.8.0","tajo/tajo-algebra/src/main/java/org/apache/tajo/algebra/SetOperation.java","22","0"
"TAJO","2","0.8.0","tajo/tajo-algebra/src/main/java/org/apache/tajo/algebra/SimpleTableSubQuery.java","18","0"
"TAJO","2","0.8.0","tajo/tajo-algebra/src/main/java/org/apache/tajo/algebra/Sort.java","64","1"
"TAJO","2","0.8.0","tajo/tajo-algebra/src/main/java/org/apache/tajo/algebra/TablePrimarySubQuery.java","28","0"
"TAJO","2","0.8.0","tajo/tajo-algebra/src/main/java/org/apache/tajo/algebra/Target.java","38","0"
"TAJO","2","0.8.0","tajo/tajo-algebra/src/main/java/org/apache/tajo/algebra/UnaryOperator.java","16","0"
"TAJO","2","0.8.0","tajo/tajo-algebra/src/main/java/org/apache/tajo/algebra/ValueListExpr.java","17","0"
"TAJO","2","0.8.0","tajo/tajo-catalog/tajo-catalog-client/src/main/java/org/apache/tajo/catalog/AbstractCatalogClient.java","317","26"
"TAJO","2","0.8.0","tajo/tajo-catalog/tajo-catalog-client/src/main/java/org/apache/tajo/catalog/CatalogClient.java","21","1"
"TAJO","2","0.8.0","tajo/tajo-catalog/tajo-catalog-client/src/main/java/org/apache/tajo/catalog/CatalogService.java","24","3"
"TAJO","2","0.8.0","tajo/tajo-catalog/tajo-catalog-common/src/main/java/org/apache/tajo/catalog/AlreadyRegisteredURIException.java","13","1"
"TAJO","2","0.8.0","tajo/tajo-catalog/tajo-catalog-common/src/main/java/org/apache/tajo/catalog/AttributeType.java","6","0"
"TAJO","2","0.8.0","tajo/tajo-catalog/tajo-catalog-common/src/main/java/org/apache/tajo/catalog/CatalogConstants.java","17","0"
"TAJO","2","0.8.0","tajo/tajo-catalog/tajo-catalog-common/src/main/java/org/apache/tajo/catalog/CatalogUtil.java","113","6"
"TAJO","2","0.8.0","tajo/tajo-catalog/tajo-catalog-common/src/main/java/org/apache/tajo/catalog/Column.java","118","1"
"TAJO","2","0.8.0","tajo/tajo-catalog/tajo-catalog-common/src/main/java/org/apache/tajo/catalog/DDLBuilder.java","60","1"
"TAJO","2","0.8.0","tajo/tajo-catalog/tajo-catalog-common/src/main/java/org/apache/tajo/catalog/exception/AlreadyExistsFieldException.java","9","1"
"TAJO","2","0.8.0","tajo/tajo-catalog/tajo-catalog-common/src/main/java/org/apache/tajo/catalog/exception/AlreadyExistsFunctionException.java","7","0"
"TAJO","2","0.8.0","tajo/tajo-catalog/tajo-catalog-common/src/main/java/org/apache/tajo/catalog/exception/AlreadyExistsIndexException.java","15","1"
"TAJO","2","0.8.0","tajo/tajo-catalog/tajo-catalog-common/src/main/java/org/apache/tajo/catalog/exception/AlreadyExistsTableException.java","9","1"
"TAJO","2","0.8.0","tajo/tajo-catalog/tajo-catalog-common/src/main/java/org/apache/tajo/catalog/exception/CatalogException.java","15","1"
"TAJO","2","0.8.0","tajo/tajo-catalog/tajo-catalog-common/src/main/java/org/apache/tajo/catalog/exception/InvalidTableException.java","10","1"
"TAJO","2","0.8.0","tajo/tajo-catalog/tajo-catalog-common/src/main/java/org/apache/tajo/catalog/exception/NoSuchFunctionException.java","8","1"
"TAJO","2","0.8.0","tajo/tajo-catalog/tajo-catalog-common/src/main/java/org/apache/tajo/catalog/exception/NoSuchIndexException.java","15","1"
"TAJO","2","0.8.0","tajo/tajo-catalog/tajo-catalog-common/src/main/java/org/apache/tajo/catalog/exception/NoSuchTableException.java","8","1"
"TAJO","2","0.8.0","tajo/tajo-catalog/tajo-catalog-common/src/main/java/org/apache/tajo/catalog/function/Function.java","37","1"
"TAJO","2","0.8.0","tajo/tajo-catalog/tajo-catalog-common/src/main/java/org/apache/tajo/catalog/FunctionDesc.java","108","5"
"TAJO","2","0.8.0","tajo/tajo-catalog/tajo-catalog-common/src/main/java/org/apache/tajo/catalog/IndexDesc.java","103","1"
"TAJO","2","0.8.0","tajo/tajo-catalog/tajo-catalog-common/src/main/java/org/apache/tajo/catalog/json/CatalogGsonHelper.java","51","6"
"TAJO","2","0.8.0","tajo/tajo-catalog/tajo-catalog-common/src/main/java/org/apache/tajo/catalog/json/FunctionAdapter.java","31","0"
"TAJO","2","0.8.0","tajo/tajo-catalog/tajo-catalog-common/src/main/java/org/apache/tajo/catalog/json/TableMetaAdapter.java","29","1"
"TAJO","2","0.8.0","tajo/tajo-catalog/tajo-catalog-common/src/main/java/org/apache/tajo/catalog/Options.java","106","7"
"TAJO","2","0.8.0","tajo/tajo-catalog/tajo-catalog-common/src/main/java/org/apache/tajo/catalog/Schema.java","196","6"
"TAJO","2","0.8.0","tajo/tajo-catalog/tajo-catalog-common/src/main/java/org/apache/tajo/catalog/SchemaObject.java","4","1"
"TAJO","2","0.8.0","tajo/tajo-catalog/tajo-catalog-common/src/main/java/org/apache/tajo/catalog/SortSpec.java","73","3"
"TAJO","2","0.8.0","tajo/tajo-catalog/tajo-catalog-common/src/main/java/org/apache/tajo/catalog/statistics/ColumnStats.java","126","1"
"TAJO","2","0.8.0","tajo/tajo-catalog/tajo-catalog-common/src/main/java/org/apache/tajo/catalog/statistics/Stat.java","65","1"
"TAJO","2","0.8.0","tajo/tajo-catalog/tajo-catalog-common/src/main/java/org/apache/tajo/catalog/statistics/StatisticsUtil.java","93","6"
"TAJO","2","0.8.0","tajo/tajo-catalog/tajo-catalog-common/src/main/java/org/apache/tajo/catalog/statistics/StatSet.java","96","5"
"TAJO","2","0.8.0","tajo/tajo-catalog/tajo-catalog-common/src/main/java/org/apache/tajo/catalog/statistics/TableStats.java","156","1"
"TAJO","2","0.8.0","tajo/tajo-catalog/tajo-catalog-common/src/main/java/org/apache/tajo/catalog/statistics/TupleUtil.java","42","2"
"TAJO","2","0.8.0","tajo/tajo-catalog/tajo-catalog-common/src/main/java/org/apache/tajo/catalog/TableDesc.java","115","2"
"TAJO","2","0.8.0","tajo/tajo-catalog/tajo-catalog-common/src/main/java/org/apache/tajo/catalog/TableMeta.java","148","2"
"TAJO","2","0.8.0","tajo/tajo-catalog/tajo-catalog-common/src/main/java/org/apache/tajo/catalog/TableUtil.java","26","1"
"TAJO","2","0.8.0","tajo/tajo-catalog/tajo-catalog-server/src/main/java/org/apache/tajo/catalog/CatalogServer.java","500","24"
"TAJO","2","0.8.0","tajo/tajo-catalog/tajo-catalog-server/src/main/java/org/apache/tajo/catalog/LocalCatalogWrapper.java","27","0"
"TAJO","2","0.8.0","tajo/tajo-catalog/tajo-catalog-server/src/main/java/org/apache/tajo/catalog/MiniCatalogServer.java","23","0"
"TAJO","2","0.8.0","tajo/tajo-catalog/tajo-catalog-server/src/main/java/org/apache/tajo/catalog/store/AbstractDBStore.java","642","42"
"TAJO","2","0.8.0","tajo/tajo-catalog/tajo-catalog-server/src/main/java/org/apache/tajo/catalog/store/CatalogStore.java","26","0"
"TAJO","2","0.8.0","tajo/tajo-catalog/tajo-catalog-server/src/main/java/org/apache/tajo/catalog/store/DerbyStore.java","753","51"
"TAJO","2","0.8.0","tajo/tajo-catalog/tajo-catalog-server/src/main/java/org/apache/tajo/catalog/store/HCatalogStore.java","285","17"
"TAJO","2","0.8.0","tajo/tajo-catalog/tajo-catalog-server/src/main/java/org/apache/tajo/catalog/store/HCatalogUtil.java","128","21"
"TAJO","2","0.8.0","tajo/tajo-catalog/tajo-catalog-server/src/main/java/org/apache/tajo/catalog/store/MemStore.java","105","6"
"TAJO","2","0.8.0","tajo/tajo-catalog/tajo-catalog-server/src/main/java/org/apache/tajo/catalog/store/MySQLStore.java","132","17"
"TAJO","2","0.8.0","tajo/tajo-common/src/main/java/org/apache/tajo/annotation/NotNull.java","6","0"
"TAJO","2","0.8.0","tajo/tajo-common/src/main/java/org/apache/tajo/annotation/NotThreadSafe.java","7","1"
"TAJO","2","0.8.0","tajo/tajo-common/src/main/java/org/apache/tajo/annotation/Nullable.java","8","0"
"TAJO","2","0.8.0","tajo/tajo-common/src/main/java/org/apache/tajo/annotation/ThreadSafe.java","7","1"
"TAJO","2","0.8.0","tajo/tajo-common/src/main/java/org/apache/tajo/common/exception/InvalidAddressException.java","4","0"
"TAJO","2","0.8.0","tajo/tajo-common/src/main/java/org/apache/tajo/common/exception/NotImplementedException.java","15","1"
"TAJO","2","0.8.0","tajo/tajo-common/src/main/java/org/apache/tajo/common/ProtoObject.java","5","1"
"TAJO","2","0.8.0","tajo/tajo-common/src/main/java/org/apache/tajo/common/Sleeper.java","21","1"
"TAJO","2","0.8.0","tajo/tajo-common/src/main/java/org/apache/tajo/common/type/IPv4.java","126","7"
"TAJO","2","0.8.0","tajo/tajo-common/src/main/java/org/apache/tajo/common/type/TimeRange.java","46","1"
"TAJO","2","0.8.0","tajo/tajo-common/src/main/java/org/apache/tajo/conf/TajoConf.java","312","23"
"TAJO","2","0.8.0","tajo/tajo-common/src/main/java/org/apache/tajo/datum/BitDatum.java","97","1"
"TAJO","2","0.8.0","tajo/tajo-common/src/main/java/org/apache/tajo/datum/BlobDatum.java","115","1"
"TAJO","2","0.8.0","tajo/tajo-common/src/main/java/org/apache/tajo/datum/BooleanDatum.java","108","0"
"TAJO","2","0.8.0","tajo/tajo-common/src/main/java/org/apache/tajo/datum/CharDatum.java","113","1"
"TAJO","2","0.8.0","tajo/tajo-common/src/main/java/org/apache/tajo/datum/Datum.java","113","1"
"TAJO","2","0.8.0","tajo/tajo-common/src/main/java/org/apache/tajo/datum/DatumFactory.java","142","1"
"TAJO","2","0.8.0","tajo/tajo-common/src/main/java/org/apache/tajo/datum/exception/InvalidCastException.java","9","1"
"TAJO","2","0.8.0","tajo/tajo-common/src/main/java/org/apache/tajo/datum/exception/InvalidOperationException.java","13","2"
"TAJO","2","0.8.0","tajo/tajo-common/src/main/java/org/apache/tajo/datum/Float4Datum.java","261","0"
"TAJO","2","0.8.0","tajo/tajo-common/src/main/java/org/apache/tajo/datum/Float8Datum.java","255","1"
"TAJO","2","0.8.0","tajo/tajo-common/src/main/java/org/apache/tajo/datum/Inet4Datum.java","95","2"
"TAJO","2","0.8.0","tajo/tajo-common/src/main/java/org/apache/tajo/datum/Int2Datum.java","256","1"
"TAJO","2","0.8.0","tajo/tajo-common/src/main/java/org/apache/tajo/datum/Int4Datum.java","256","0"
"TAJO","2","0.8.0","tajo/tajo-common/src/main/java/org/apache/tajo/datum/Int8Datum.java","262","0"
"TAJO","2","0.8.0","tajo/tajo-common/src/main/java/org/apache/tajo/datum/NullDatum.java","70","2"
"TAJO","2","0.8.0","tajo/tajo-common/src/main/java/org/apache/tajo/datum/NumericDatum.java","8","0"
"TAJO","2","0.8.0","tajo/tajo-common/src/main/java/org/apache/tajo/datum/protobuf/AbstractCharBasedFormatter.java","38","1"
"TAJO","2","0.8.0","tajo/tajo-common/src/main/java/org/apache/tajo/datum/protobuf/ProtobufFormatter.java","73","4"
"TAJO","2","0.8.0","tajo/tajo-common/src/main/java/org/apache/tajo/datum/protobuf/ProtobufJsonFormat.java","1036","16"
"TAJO","2","0.8.0","tajo/tajo-common/src/main/java/org/apache/tajo/datum/protobuf/TextUtils.java","294","7"
"TAJO","2","0.8.0","tajo/tajo-common/src/main/java/org/apache/tajo/datum/ProtobufDatum.java","52","0"
"TAJO","2","0.8.0","tajo/tajo-common/src/main/java/org/apache/tajo/datum/ProtobufDatumFactory.java","62","6"
"TAJO","2","0.8.0","tajo/tajo-common/src/main/java/org/apache/tajo/datum/TextDatum.java","111","3"
"TAJO","2","0.8.0","tajo/tajo-common/src/main/java/org/apache/tajo/exception/InternalException.java","16","1"
"TAJO","2","0.8.0","tajo/tajo-common/src/main/java/org/apache/tajo/exception/UnimplementedException.java","15","1"
"TAJO","2","0.8.0","tajo/tajo-common/src/main/java/org/apache/tajo/exception/UnsupportedException.java","15","1"
"TAJO","2","0.8.0","tajo/tajo-common/src/main/java/org/apache/tajo/ExecutionBlockId.java","58","1"
"TAJO","2","0.8.0","tajo/tajo-common/src/main/java/org/apache/tajo/json/ClassNameDeserializer.java","18","0"
"TAJO","2","0.8.0","tajo/tajo-common/src/main/java/org/apache/tajo/json/ClassNameSerializer.java","20","0"
"TAJO","2","0.8.0","tajo/tajo-common/src/main/java/org/apache/tajo/json/CommonGsonHelper.java","41","5"
"TAJO","2","0.8.0","tajo/tajo-common/src/main/java/org/apache/tajo/json/DataTypeAdapter.java","36","0"
"TAJO","2","0.8.0","tajo/tajo-common/src/main/java/org/apache/tajo/json/DatumAdapter.java","24","0"
"TAJO","2","0.8.0","tajo/tajo-common/src/main/java/org/apache/tajo/json/GsonHelper.java","25","2"
"TAJO","2","0.8.0","tajo/tajo-common/src/main/java/org/apache/tajo/json/GsonObject.java","4","0"
"TAJO","2","0.8.0","tajo/tajo-common/src/main/java/org/apache/tajo/json/GsonSerDerAdapter.java","5","0"
"TAJO","2","0.8.0","tajo/tajo-common/src/main/java/org/apache/tajo/json/PathDeserializer.java","14","0"
"TAJO","2","0.8.0","tajo/tajo-common/src/main/java/org/apache/tajo/json/PathSerializer.java","16","0"
"TAJO","2","0.8.0","tajo/tajo-common/src/main/java/org/apache/tajo/QueryId.java","59","1"
"TAJO","2","0.8.0","tajo/tajo-common/src/main/java/org/apache/tajo/QueryIdFactory.java","62","2"
"TAJO","2","0.8.0","tajo/tajo-common/src/main/java/org/apache/tajo/QueryUnitAttemptId.java","61","1"
"TAJO","2","0.8.0","tajo/tajo-common/src/main/java/org/apache/tajo/QueryUnitId.java","58","1"
"TAJO","2","0.8.0","tajo/tajo-common/src/main/java/org/apache/tajo/storage/Tuple.java","32","28"
"TAJO","2","0.8.0","tajo/tajo-common/src/main/java/org/apache/tajo/TajoConstants.java","10","1"
"TAJO","2","0.8.0","tajo/tajo-common/src/main/java/org/apache/tajo/unit/StorageUnit.java","9","0"
"TAJO","2","0.8.0","tajo/tajo-common/src/main/java/org/apache/tajo/unit/TimeUnit.java","8","1"
"TAJO","2","0.8.0","tajo/tajo-common/src/main/java/org/apache/tajo/util/BitArray.java","68","5"
"TAJO","2","0.8.0","tajo/tajo-common/src/main/java/org/apache/tajo/util/Bytes.java","957","49"
"TAJO","2","0.8.0","tajo/tajo-common/src/main/java/org/apache/tajo/util/CommonTestingUtil.java","26","3"
"TAJO","2","0.8.0","tajo/tajo-common/src/main/java/org/apache/tajo/util/FileUtil.java","64","4"
"TAJO","2","0.8.0","tajo/tajo-common/src/main/java/org/apache/tajo/util/JarUtil.java","29","3"
"TAJO","2","0.8.0","tajo/tajo-common/src/main/java/org/apache/tajo/util/NetUtils.java","51","4"
"TAJO","2","0.8.0","tajo/tajo-common/src/main/java/org/apache/tajo/util/NumberUtil.java","43","1"
"TAJO","2","0.8.0","tajo/tajo-common/src/main/java/org/apache/tajo/util/ReflectionUtil.java","13","4"
"TAJO","2","0.8.0","tajo/tajo-common/src/main/java/org/apache/tajo/util/StringUtils.java","28","2"
"TAJO","2","0.8.0","tajo/tajo-common/src/main/java/org/apache/tajo/util/TajoIdUtils.java","15","1"
"TAJO","2","0.8.0","tajo/tajo-common/src/main/java/org/apache/tajo/util/TUtil.java","129","11"
"TAJO","2","0.8.0","tajo/tajo-core/tajo-core-backend/src/main/java/org/apache/tajo/benchmark/BenchmarkSet.java","83","6"
"TAJO","2","0.8.0","tajo/tajo-core/tajo-core-backend/src/main/java/org/apache/tajo/benchmark/Driver.java","22","1"
"TAJO","2","0.8.0","tajo/tajo-core/tajo-core-backend/src/main/java/org/apache/tajo/benchmark/SimpleQuery.java","8","1"
"TAJO","2","0.8.0","tajo/tajo-core/tajo-core-backend/src/main/java/org/apache/tajo/benchmark/TPCH.java","139","3"
"TAJO","2","0.8.0","tajo/tajo-core/tajo-core-backend/src/main/java/org/apache/tajo/cli/TajoCli.java","574","14"
"TAJO","2","0.8.0","tajo/tajo-core/tajo-core-backend/src/main/java/org/apache/tajo/client/QueryStatus.java","60","0"
"TAJO","2","0.8.0","tajo/tajo-core/tajo-core-backend/src/main/java/org/apache/tajo/client/ResultSetUtil.java","26","3"
"TAJO","2","0.8.0","tajo/tajo-core/tajo-core-backend/src/main/java/org/apache/tajo/client/SQLStates.java","11","0"
"TAJO","2","0.8.0","tajo/tajo-core/tajo-core-backend/src/main/java/org/apache/tajo/client/TajoClient.java","352","7"
"TAJO","2","0.8.0","tajo/tajo-core/tajo-core-backend/src/main/java/org/apache/tajo/client/TajoDump.java","91","2"
"TAJO","2","0.8.0","tajo/tajo-core/tajo-core-backend/src/main/java/org/apache/tajo/engine/eval/AggregationFunctionCallEval.java","71","1"
"TAJO","2","0.8.0","tajo/tajo-core/tajo-core-backend/src/main/java/org/apache/tajo/engine/eval/AlgebraicException.java","15","1"
"TAJO","2","0.8.0","tajo/tajo-core/tajo-core-backend/src/main/java/org/apache/tajo/engine/eval/AlgebraicUtil.java","176","6"
"TAJO","2","0.8.0","tajo/tajo-core/tajo-core-backend/src/main/java/org/apache/tajo/engine/eval/BasicEvalNodeVisitor.java","229","2"
"TAJO","2","0.8.0","tajo/tajo-core/tajo-core-backend/src/main/java/org/apache/tajo/engine/eval/BetweenPredicateEval.java","190","4"
"TAJO","2","0.8.0","tajo/tajo-core/tajo-core-backend/src/main/java/org/apache/tajo/engine/eval/BinaryEval.java","174","10"
"TAJO","2","0.8.0","tajo/tajo-core/tajo-core-backend/src/main/java/org/apache/tajo/engine/eval/CaseWhenEval.java","201","3"
"TAJO","2","0.8.0","tajo/tajo-core/tajo-core-backend/src/main/java/org/apache/tajo/engine/eval/CastEval.java","87","3"
"TAJO","2","0.8.0","tajo/tajo-core/tajo-core-backend/src/main/java/org/apache/tajo/engine/eval/ConstEval.java","67","1"
"TAJO","2","0.8.0","tajo/tajo-core/tajo-core-backend/src/main/java/org/apache/tajo/engine/eval/EvalContext.java","3","0"
"TAJO","2","0.8.0","tajo/tajo-core/tajo-core-backend/src/main/java/org/apache/tajo/engine/eval/EvalNode.java","78","3"
"TAJO","2","0.8.0","tajo/tajo-core/tajo-core-backend/src/main/java/org/apache/tajo/engine/eval/EvalNodeVisitor.java","5","1"
"TAJO","2","0.8.0","tajo/tajo-core/tajo-core-backend/src/main/java/org/apache/tajo/engine/eval/EvalNodeVisitor2.java","31","2"
"TAJO","2","0.8.0","tajo/tajo-core/tajo-core-backend/src/main/java/org/apache/tajo/engine/eval/EvalTreeFactory.java","11","1"
"TAJO","2","0.8.0","tajo/tajo-core/tajo-core-backend/src/main/java/org/apache/tajo/engine/eval/EvalTreeUtil.java","256","9"
"TAJO","2","0.8.0","tajo/tajo-core/tajo-core-backend/src/main/java/org/apache/tajo/engine/eval/EvalType.java","47","0"
"TAJO","2","0.8.0","tajo/tajo-core/tajo-core-backend/src/main/java/org/apache/tajo/engine/eval/FieldEval.java","98","2"
"TAJO","2","0.8.0","tajo/tajo-core/tajo-core-backend/src/main/java/org/apache/tajo/engine/eval/FunctionEval.java","121","6"
"TAJO","2","0.8.0","tajo/tajo-core/tajo-core-backend/src/main/java/org/apache/tajo/engine/eval/GeneralFunctionEval.java","60","2"
"TAJO","2","0.8.0","tajo/tajo-core/tajo-core-backend/src/main/java/org/apache/tajo/engine/eval/InEval.java","76","1"
"TAJO","2","0.8.0","tajo/tajo-core/tajo-core-backend/src/main/java/org/apache/tajo/engine/eval/InvalidCastException.java","9","1"
"TAJO","2","0.8.0","tajo/tajo-core/tajo-core-backend/src/main/java/org/apache/tajo/engine/eval/InvalidEvalException.java","9","1"
"TAJO","2","0.8.0","tajo/tajo-core/tajo-core-backend/src/main/java/org/apache/tajo/engine/eval/IsNullEval.java","70","5"
"TAJO","2","0.8.0","tajo/tajo-core/tajo-core-backend/src/main/java/org/apache/tajo/engine/eval/LikePredicateEval.java","25","0"
"TAJO","2","0.8.0","tajo/tajo-core/tajo-core-backend/src/main/java/org/apache/tajo/engine/eval/NotEval.java","74","3"
"TAJO","2","0.8.0","tajo/tajo-core/tajo-core-backend/src/main/java/org/apache/tajo/engine/eval/PartialBinaryExpr.java","53","1"
"TAJO","2","0.8.0","tajo/tajo-core/tajo-core-backend/src/main/java/org/apache/tajo/engine/eval/PatternMatchPredicateEval.java","58","0"
"TAJO","2","0.8.0","tajo/tajo-core/tajo-core-backend/src/main/java/org/apache/tajo/engine/eval/RegexPredicateEval.java","30","0"
"TAJO","2","0.8.0","tajo/tajo-core/tajo-core-backend/src/main/java/org/apache/tajo/engine/eval/RowConstantEval.java","49","2"
"TAJO","2","0.8.0","tajo/tajo-core/tajo-core-backend/src/main/java/org/apache/tajo/engine/eval/SimilarToPredicateEval.java","19","0"
"TAJO","2","0.8.0","tajo/tajo-core/tajo-core-backend/src/main/java/org/apache/tajo/engine/exception/AmbiguousFieldException.java","7","0"
"TAJO","2","0.8.0","tajo/tajo-core/tajo-core-backend/src/main/java/org/apache/tajo/engine/exception/IllegalQueryStatusException.java","14","1"
"TAJO","2","0.8.0","tajo/tajo-core/tajo-core-backend/src/main/java/org/apache/tajo/engine/exception/InvalidQueryException.java","13","0"
"TAJO","2","0.8.0","tajo/tajo-core/tajo-core-backend/src/main/java/org/apache/tajo/engine/exception/NoSuchColumnException.java","6","0"
"TAJO","2","0.8.0","tajo/tajo-core/tajo-core-backend/src/main/java/org/apache/tajo/engine/exception/RangeOverflowException.java","8","0"
"TAJO","2","0.8.0","tajo/tajo-core/tajo-core-backend/src/main/java/org/apache/tajo/engine/exception/UndefinedFunctionException.java","7","0"
"TAJO","2","0.8.0","tajo/tajo-core/tajo-core-backend/src/main/java/org/apache/tajo/engine/exception/VerifyException.java","7","0"
"TAJO","2","0.8.0","tajo/tajo-core/tajo-core-backend/src/main/java/org/apache/tajo/engine/function/AggFunction.java","24","0"
"TAJO","2","0.8.0","tajo/tajo-core/tajo-core-backend/src/main/java/org/apache/tajo/engine/function/builtin/AvgDouble.java","59","2"
"TAJO","2","0.8.0","tajo/tajo-core/tajo-core-backend/src/main/java/org/apache/tajo/engine/function/builtin/AvgFloat.java","13","2"
"TAJO","2","0.8.0","tajo/tajo-core/tajo-core-backend/src/main/java/org/apache/tajo/engine/function/builtin/AvgInt.java","14","1"
"TAJO","2","0.8.0","tajo/tajo-core/tajo-core-backend/src/main/java/org/apache/tajo/engine/function/builtin/AvgLong.java","58","1"
"TAJO","2","0.8.0","tajo/tajo-core/tajo-core-backend/src/main/java/org/apache/tajo/engine/function/builtin/CountRows.java","46","0"
"TAJO","2","0.8.0","tajo/tajo-core/tajo-core-backend/src/main/java/org/apache/tajo/engine/function/builtin/CountValue.java","19","0"
"TAJO","2","0.8.0","tajo/tajo-core/tajo-core-backend/src/main/java/org/apache/tajo/engine/function/builtin/CountValueDistinct.java","44","3"
"TAJO","2","0.8.0","tajo/tajo-core/tajo-core-backend/src/main/java/org/apache/tajo/engine/function/builtin/Date.java","28","2"
"TAJO","2","0.8.0","tajo/tajo-core/tajo-core-backend/src/main/java/org/apache/tajo/engine/function/builtin/MaxDouble.java","42","1"
"TAJO","2","0.8.0","tajo/tajo-core/tajo-core-backend/src/main/java/org/apache/tajo/engine/function/builtin/MaxFloat.java","41","1"
"TAJO","2","0.8.0","tajo/tajo-core/tajo-core-backend/src/main/java/org/apache/tajo/engine/function/builtin/MaxInt.java","41","1"
"TAJO","2","0.8.0","tajo/tajo-core/tajo-core-backend/src/main/java/org/apache/tajo/engine/function/builtin/MaxLong.java","42","1"
"TAJO","2","0.8.0","tajo/tajo-core/tajo-core-backend/src/main/java/org/apache/tajo/engine/function/builtin/MinDouble.java","41","1"
"TAJO","2","0.8.0","tajo/tajo-core/tajo-core-backend/src/main/java/org/apache/tajo/engine/function/builtin/MinFloat.java","42","1"
"TAJO","2","0.8.0","tajo/tajo-core/tajo-core-backend/src/main/java/org/apache/tajo/engine/function/builtin/MinInt.java","41","1"
"TAJO","2","0.8.0","tajo/tajo-core/tajo-core-backend/src/main/java/org/apache/tajo/engine/function/builtin/MinLong.java","42","1"
"TAJO","2","0.8.0","tajo/tajo-core/tajo-core-backend/src/main/java/org/apache/tajo/engine/function/builtin/MinString.java","46","1"
"TAJO","2","0.8.0","tajo/tajo-core/tajo-core-backend/src/main/java/org/apache/tajo/engine/function/builtin/RandomInt.java","21","1"
"TAJO","2","0.8.0","tajo/tajo-core/tajo-core-backend/src/main/java/org/apache/tajo/engine/function/builtin/SumDouble.java","41","1"
"TAJO","2","0.8.0","tajo/tajo-core/tajo-core-backend/src/main/java/org/apache/tajo/engine/function/builtin/SumFloat.java","40","1"
"TAJO","2","0.8.0","tajo/tajo-core/tajo-core-backend/src/main/java/org/apache/tajo/engine/function/builtin/SumInt.java","41","1"
"TAJO","2","0.8.0","tajo/tajo-core/tajo-core-backend/src/main/java/org/apache/tajo/engine/function/builtin/SumLong.java","41","1"
"TAJO","2","0.8.0","tajo/tajo-core/tajo-core-backend/src/main/java/org/apache/tajo/engine/function/builtin/Today.java","15","0"
"TAJO","2","0.8.0","tajo/tajo-core/tajo-core-backend/src/main/java/org/apache/tajo/engine/function/Country.java","15","1"
"TAJO","2","0.8.0","tajo/tajo-core/tajo-core-backend/src/main/java/org/apache/tajo/engine/function/FunctionContext.java","3","0"
"TAJO","2","0.8.0","tajo/tajo-core/tajo-core-backend/src/main/java/org/apache/tajo/engine/function/GeneralFunction.java","23","1"
"TAJO","2","0.8.0","tajo/tajo-core/tajo-core-backend/src/main/java/org/apache/tajo/engine/function/InCountry.java","19","0"
"TAJO","2","0.8.0","tajo/tajo-core/tajo-core-backend/src/main/java/org/apache/tajo/engine/function/string/BTrim.java","34","1"
"TAJO","2","0.8.0","tajo/tajo-core/tajo-core-backend/src/main/java/org/apache/tajo/engine/function/string/CharLength.java","21","1"
"TAJO","2","0.8.0","tajo/tajo-core/tajo-core-backend/src/main/java/org/apache/tajo/engine/function/string/Lower.java","21","1"
"TAJO","2","0.8.0","tajo/tajo-core/tajo-core-backend/src/main/java/org/apache/tajo/engine/function/string/LTrim.java","35","1"
"TAJO","2","0.8.0","tajo/tajo-core/tajo-core-backend/src/main/java/org/apache/tajo/engine/function/string/RegexpReplace.java","63","3"
"TAJO","2","0.8.0","tajo/tajo-core/tajo-core-backend/src/main/java/org/apache/tajo/engine/function/string/RTrim.java","34","1"
"TAJO","2","0.8.0","tajo/tajo-core/tajo-core-backend/src/main/java/org/apache/tajo/engine/function/string/SplitPart.java","30","1"
"TAJO","2","0.8.0","tajo/tajo-core/tajo-core-backend/src/main/java/org/apache/tajo/engine/function/string/Upper.java","21","1"
"TAJO","2","0.8.0","tajo/tajo-core/tajo-core-backend/src/main/java/org/apache/tajo/engine/json/CoreGsonHelper.java","61","6"
"TAJO","2","0.8.0","tajo/tajo-core/tajo-core-backend/src/main/java/org/apache/tajo/engine/json/EvalNodeAdapter.java","25","1"
"TAJO","2","0.8.0","tajo/tajo-core/tajo-core-backend/src/main/java/org/apache/tajo/engine/json/LogicalNodeAdapter.java","24","0"
"TAJO","2","0.8.0","tajo/tajo-core/tajo-core-backend/src/main/java/org/apache/tajo/engine/parser/HiveConverter.java","1250","107"
"TAJO","2","0.8.0","tajo/tajo-core/tajo-core-backend/src/main/java/org/apache/tajo/engine/parser/SQLAnalyzer.java","990","23"
"TAJO","2","0.8.0","tajo/tajo-core/tajo-core-backend/src/main/java/org/apache/tajo/engine/parser/SQLErrorListener.java","17","1"
"TAJO","2","0.8.0","tajo/tajo-core/tajo-core-backend/src/main/java/org/apache/tajo/engine/parser/SQLErrorStrategy.java","41","0"
"TAJO","2","0.8.0","tajo/tajo-core/tajo-core-backend/src/main/java/org/apache/tajo/engine/parser/SQLParseError.java","77","1"
"TAJO","2","0.8.0","tajo/tajo-core/tajo-core-backend/src/main/java/org/apache/tajo/engine/parser/SQLSyntaxError.java","26","0"
"TAJO","2","0.8.0","tajo/tajo-core/tajo-core-backend/src/main/java/org/apache/tajo/engine/planner/AlgebraVisitor.java","20","3"
"TAJO","2","0.8.0","tajo/tajo-core/tajo-core-backend/src/main/java/org/apache/tajo/engine/planner/BaseAlgebraVisitor.java","183","4"
"TAJO","2","0.8.0","tajo/tajo-core/tajo-core-backend/src/main/java/org/apache/tajo/engine/planner/BasicLogicalPlanVisitor.java","198","7"
"TAJO","2","0.8.0","tajo/tajo-core/tajo-core-backend/src/main/java/org/apache/tajo/engine/planner/enforce/Enforcer.java","138","5"
"TAJO","2","0.8.0","tajo/tajo-core/tajo-core-backend/src/main/java/org/apache/tajo/engine/planner/ExplainLogicalPlanVisitor.java","155","1"
"TAJO","2","0.8.0","tajo/tajo-core/tajo-core-backend/src/main/java/org/apache/tajo/engine/planner/ExprsVerifier.java","121","4"
"TAJO","2","0.8.0","tajo/tajo-core/tajo-core-backend/src/main/java/org/apache/tajo/engine/planner/global/DataChannel.java","150","2"
"TAJO","2","0.8.0","tajo/tajo-core/tajo-core-backend/src/main/java/org/apache/tajo/engine/planner/global/ExecutionBlock.java","110","4"
"TAJO","2","0.8.0","tajo/tajo-core/tajo-core-backend/src/main/java/org/apache/tajo/engine/planner/global/ExecutionBlockCursor.java","42","0"
"TAJO","2","0.8.0","tajo/tajo-core/tajo-core-backend/src/main/java/org/apache/tajo/engine/planner/global/GlobalPlanner.java","465","12"
"TAJO","2","0.8.0","tajo/tajo-core/tajo-core-backend/src/main/java/org/apache/tajo/engine/planner/global/MasterPlan.java","183","2"
"TAJO","2","0.8.0","tajo/tajo-core/tajo-core-backend/src/main/java/org/apache/tajo/engine/planner/graph/DirectedGraph.java","16","0"
"TAJO","2","0.8.0","tajo/tajo-core/tajo-core-backend/src/main/java/org/apache/tajo/engine/planner/graph/DirectedGraphCursor.java","37","0"
"TAJO","2","0.8.0","tajo/tajo-core/tajo-core-backend/src/main/java/org/apache/tajo/engine/planner/graph/DirectedGraphVisitor.java","5","0"
"TAJO","2","0.8.0","tajo/tajo-core/tajo-core-backend/src/main/java/org/apache/tajo/engine/planner/graph/Graph.java","12","1"
"TAJO","2","0.8.0","tajo/tajo-core/tajo-core-backend/src/main/java/org/apache/tajo/engine/planner/graph/SimpleDirectedGraph.java","179","2"
"TAJO","2","0.8.0","tajo/tajo-core/tajo-core-backend/src/main/java/org/apache/tajo/engine/planner/graph/SimpleUndirectedGraph.java","57","1"
"TAJO","2","0.8.0","tajo/tajo-core/tajo-core-backend/src/main/java/org/apache/tajo/engine/planner/graph/UndirectedGraph.java","7","1"
"TAJO","2","0.8.0","tajo/tajo-core/tajo-core-backend/src/main/java/org/apache/tajo/engine/planner/GroupElement.java","38","1"
"TAJO","2","0.8.0","tajo/tajo-core/tajo-core-backend/src/main/java/org/apache/tajo/engine/planner/InsertNode.java","147","2"
"TAJO","2","0.8.0","tajo/tajo-core/tajo-core-backend/src/main/java/org/apache/tajo/engine/planner/logical/BinaryNode.java","47","1"
"TAJO","2","0.8.0","tajo/tajo-core/tajo-core-backend/src/main/java/org/apache/tajo/engine/planner/logical/CreateTableNode.java","120","3"
"TAJO","2","0.8.0","tajo/tajo-core/tajo-core-backend/src/main/java/org/apache/tajo/engine/planner/logical/DropTableNode.java","42","3"
"TAJO","2","0.8.0","tajo/tajo-core/tajo-core-backend/src/main/java/org/apache/tajo/engine/planner/logical/EvalExprNode.java","62","1"
"TAJO","2","0.8.0","tajo/tajo-core/tajo-core-backend/src/main/java/org/apache/tajo/engine/planner/logical/ExceptNode.java","20","0"
"TAJO","2","0.8.0","tajo/tajo-core/tajo-core-backend/src/main/java/org/apache/tajo/engine/planner/logical/GroupbyNode.java","148","3"
"TAJO","2","0.8.0","tajo/tajo-core/tajo-core-backend/src/main/java/org/apache/tajo/engine/planner/logical/IndexScanNode.java","90","4"
"TAJO","2","0.8.0","tajo/tajo-core/tajo-core-backend/src/main/java/org/apache/tajo/engine/planner/logical/IntersectNode.java","20","0"
"TAJO","2","0.8.0","tajo/tajo-core/tajo-core-backend/src/main/java/org/apache/tajo/engine/planner/logical/join/Edge.java","25","0"
"TAJO","2","0.8.0","tajo/tajo-core/tajo-core-backend/src/main/java/org/apache/tajo/engine/planner/logical/join/FoundJoinOrder.java","24","0"
"TAJO","2","0.8.0","tajo/tajo-core/tajo-core-backend/src/main/java/org/apache/tajo/engine/planner/logical/join/GreedyHeuristicJoinOrderAlgorithm.java","211","1"
"TAJO","2","0.8.0","tajo/tajo-core/tajo-core-backend/src/main/java/org/apache/tajo/engine/planner/logical/join/JoinEdge.java","43","0"
"TAJO","2","0.8.0","tajo/tajo-core/tajo-core-backend/src/main/java/org/apache/tajo/engine/planner/logical/join/JoinGraph.java","39","2"
"TAJO","2","0.8.0","tajo/tajo-core/tajo-core-backend/src/main/java/org/apache/tajo/engine/planner/logical/join/JoinOrderAlgorithm.java","10","0"
"TAJO","2","0.8.0","tajo/tajo-core/tajo-core-backend/src/main/java/org/apache/tajo/engine/planner/logical/JoinNode.java","113","3"
"TAJO","2","0.8.0","tajo/tajo-core/tajo-core-backend/src/main/java/org/apache/tajo/engine/planner/logical/LimitNode.java","40","2"
"TAJO","2","0.8.0","tajo/tajo-core/tajo-core-backend/src/main/java/org/apache/tajo/engine/planner/logical/LogicalNode.java","77","2"
"TAJO","2","0.8.0","tajo/tajo-core/tajo-core-backend/src/main/java/org/apache/tajo/engine/planner/logical/LogicalNodeVisitor.java","4","0"
"TAJO","2","0.8.0","tajo/tajo-core/tajo-core-backend/src/main/java/org/apache/tajo/engine/planner/logical/LogicalRootNode.java","18","1"
"TAJO","2","0.8.0","tajo/tajo-core/tajo-core-backend/src/main/java/org/apache/tajo/engine/planner/logical/NodeType.java","29","0"
"TAJO","2","0.8.0","tajo/tajo-core/tajo-core-backend/src/main/java/org/apache/tajo/engine/planner/logical/Projectable.java","7","0"
"TAJO","2","0.8.0","tajo/tajo-core/tajo-core-backend/src/main/java/org/apache/tajo/engine/planner/logical/ProjectionNode.java","87","4"
"TAJO","2","0.8.0","tajo/tajo-core/tajo-core-backend/src/main/java/org/apache/tajo/engine/planner/logical/RelationNode.java","11","1"
"TAJO","2","0.8.0","tajo/tajo-core/tajo-core-backend/src/main/java/org/apache/tajo/engine/planner/logical/ScanNode.java","153","2"
"TAJO","2","0.8.0","tajo/tajo-core/tajo-core-backend/src/main/java/org/apache/tajo/engine/planner/logical/SelectionNode.java","47","2"
"TAJO","2","0.8.0","tajo/tajo-core/tajo-core-backend/src/main/java/org/apache/tajo/engine/planner/logical/SortNode.java","70","2"
"TAJO","2","0.8.0","tajo/tajo-core/tajo-core-backend/src/main/java/org/apache/tajo/engine/planner/logical/StoreIndexNode.java","6","0"
"TAJO","2","0.8.0","tajo/tajo-core/tajo-core-backend/src/main/java/org/apache/tajo/engine/planner/logical/StoreTableNode.java","133","6"
"TAJO","2","0.8.0","tajo/tajo-core/tajo-core-backend/src/main/java/org/apache/tajo/engine/planner/logical/TableSubQueryNode.java","87","2"
"TAJO","2","0.8.0","tajo/tajo-core/tajo-core-backend/src/main/java/org/apache/tajo/engine/planner/logical/UnaryNode.java","36","1"
"TAJO","2","0.8.0","tajo/tajo-core/tajo-core-backend/src/main/java/org/apache/tajo/engine/planner/logical/UnionNode.java","20","0"
"TAJO","2","0.8.0","tajo/tajo-core/tajo-core-backend/src/main/java/org/apache/tajo/engine/planner/LogicalOptimizer.java","167","7"
"TAJO","2","0.8.0","tajo/tajo-core/tajo-core-backend/src/main/java/org/apache/tajo/engine/planner/LogicalPlan.java","600","8"
"TAJO","2","0.8.0","tajo/tajo-core/tajo-core-backend/src/main/java/org/apache/tajo/engine/planner/LogicalPlanner.java","886","16"
"TAJO","2","0.8.0","tajo/tajo-core/tajo-core-backend/src/main/java/org/apache/tajo/engine/planner/LogicalPlanVerifier.java","167","2"
"TAJO","2","0.8.0","tajo/tajo-core/tajo-core-backend/src/main/java/org/apache/tajo/engine/planner/LogicalPlanVisitor.java","37","3"
"TAJO","2","0.8.0","tajo/tajo-core/tajo-core-backend/src/main/java/org/apache/tajo/engine/planner/physical/AggregationExec.java","78","0"
"TAJO","2","0.8.0","tajo/tajo-core/tajo-core-backend/src/main/java/org/apache/tajo/engine/planner/physical/BasicPhysicalExecutorVisitor.java","93","2"
"TAJO","2","0.8.0","tajo/tajo-core/tajo-core-backend/src/main/java/org/apache/tajo/engine/planner/physical/BinaryPhysicalExec.java","36","0"
"TAJO","2","0.8.0","tajo/tajo-core/tajo-core-backend/src/main/java/org/apache/tajo/engine/planner/physical/BNLJoinExec.java","158","3"
"TAJO","2","0.8.0","tajo/tajo-core/tajo-core-backend/src/main/java/org/apache/tajo/engine/planner/physical/BSTIndexScanExec.java","109","3"
"TAJO","2","0.8.0","tajo/tajo-core/tajo-core-backend/src/main/java/org/apache/tajo/engine/planner/physical/EvalExprExec.java","39","3"
"TAJO","2","0.8.0","tajo/tajo-core/tajo-core-backend/src/main/java/org/apache/tajo/engine/planner/physical/ExternalSortExec.java","147","4"
"TAJO","2","0.8.0","tajo/tajo-core/tajo-core-backend/src/main/java/org/apache/tajo/engine/planner/physical/HashAggregateExec.java","88","1"
"TAJO","2","0.8.0","tajo/tajo-core/tajo-core-backend/src/main/java/org/apache/tajo/engine/planner/physical/HashFullOuterJoinExec.java","177","1"
"TAJO","2","0.8.0","tajo/tajo-core/tajo-core-backend/src/main/java/org/apache/tajo/engine/planner/physical/HashJoinExec.java","137","1"
"TAJO","2","0.8.0","tajo/tajo-core/tajo-core-backend/src/main/java/org/apache/tajo/engine/planner/physical/HashLeftAntiJoinExec.java","57","0"
"TAJO","2","0.8.0","tajo/tajo-core/tajo-core-backend/src/main/java/org/apache/tajo/engine/planner/physical/HashLeftOuterJoinExec.java","148","3"
"TAJO","2","0.8.0","tajo/tajo-core/tajo-core-backend/src/main/java/org/apache/tajo/engine/planner/physical/HashLeftSemiJoinExec.java","53","1"
"TAJO","2","0.8.0","tajo/tajo-core/tajo-core-backend/src/main/java/org/apache/tajo/engine/planner/physical/HashPartitioner.java","18","0"
"TAJO","2","0.8.0","tajo/tajo-core/tajo-core-backend/src/main/java/org/apache/tajo/engine/planner/physical/IndexedStoreExec.java","86","8"
"TAJO","2","0.8.0","tajo/tajo-core/tajo-core-backend/src/main/java/org/apache/tajo/engine/planner/physical/JoinTupleComparator.java","54","2"
"TAJO","2","0.8.0","tajo/tajo-core/tajo-core-backend/src/main/java/org/apache/tajo/engine/planner/physical/LimitExec.java","29","0"
"TAJO","2","0.8.0","tajo/tajo-core/tajo-core-backend/src/main/java/org/apache/tajo/engine/planner/physical/MemSortExec.java","51","0"
"TAJO","2","0.8.0","tajo/tajo-core/tajo-core-backend/src/main/java/org/apache/tajo/engine/planner/physical/MergeFullOuterJoinExec.java","213","0"
"TAJO","2","0.8.0","tajo/tajo-core/tajo-core-backend/src/main/java/org/apache/tajo/engine/planner/physical/MergeJoinExec.java","136","1"
"TAJO","2","0.8.0","tajo/tajo-core/tajo-core-backend/src/main/java/org/apache/tajo/engine/planner/physical/NLJoinExec.java","74","1"
"TAJO","2","0.8.0","tajo/tajo-core/tajo-core-backend/src/main/java/org/apache/tajo/engine/planner/physical/NLLeftOuterJoinExec.java","86","1"
"TAJO","2","0.8.0","tajo/tajo-core/tajo-core-backend/src/main/java/org/apache/tajo/engine/planner/physical/PartitionedStoreExec.java","110","6"
"TAJO","2","0.8.0","tajo/tajo-core/tajo-core-backend/src/main/java/org/apache/tajo/engine/planner/physical/Partitioner.java","18","0"
"TAJO","2","0.8.0","tajo/tajo-core/tajo-core-backend/src/main/java/org/apache/tajo/engine/planner/physical/PhysicalExec.java","26","0"
"TAJO","2","0.8.0","tajo/tajo-core/tajo-core-backend/src/main/java/org/apache/tajo/engine/planner/physical/PhysicalExecutorVisitor.java","15","2"
"TAJO","2","0.8.0","tajo/tajo-core/tajo-core-backend/src/main/java/org/apache/tajo/engine/planner/physical/PhysicalPlanningException.java","10","0"
"TAJO","2","0.8.0","tajo/tajo-core/tajo-core-backend/src/main/java/org/apache/tajo/engine/planner/physical/PhysicalPlanUtil.java","18","2"
"TAJO","2","0.8.0","tajo/tajo-core/tajo-core-backend/src/main/java/org/apache/tajo/engine/planner/physical/ProjectionExec.java","35","0"
"TAJO","2","0.8.0","tajo/tajo-core/tajo-core-backend/src/main/java/org/apache/tajo/engine/planner/physical/RightOuterMergeJoinExec.java","207","1"
"TAJO","2","0.8.0","tajo/tajo-core/tajo-core-backend/src/main/java/org/apache/tajo/engine/planner/physical/SelectionExec.java","42","0"
"TAJO","2","0.8.0","tajo/tajo-core/tajo-core-backend/src/main/java/org/apache/tajo/engine/planner/physical/SeqScanExec.java","105","3"
"TAJO","2","0.8.0","tajo/tajo-core/tajo-core-backend/src/main/java/org/apache/tajo/engine/planner/physical/SortAggregateExec.java","64","0"
"TAJO","2","0.8.0","tajo/tajo-core/tajo-core-backend/src/main/java/org/apache/tajo/engine/planner/physical/SortExec.java","26","0"
"TAJO","2","0.8.0","tajo/tajo-core/tajo-core-backend/src/main/java/org/apache/tajo/engine/planner/physical/StoreTableExec.java","60","1"
"TAJO","2","0.8.0","tajo/tajo-core/tajo-core-backend/src/main/java/org/apache/tajo/engine/planner/physical/TunnelExec.java","19","1"
"TAJO","2","0.8.0","tajo/tajo-core/tajo-core-backend/src/main/java/org/apache/tajo/engine/planner/physical/UnaryPhysicalExec.java","30","0"
"TAJO","2","0.8.0","tajo/tajo-core/tajo-core-backend/src/main/java/org/apache/tajo/engine/planner/physical/UnionExec.java","33","1"
"TAJO","2","0.8.0","tajo/tajo-core/tajo-core-backend/src/main/java/org/apache/tajo/engine/planner/PhysicalPlanner.java","10","1"
"TAJO","2","0.8.0","tajo/tajo-core/tajo-core-backend/src/main/java/org/apache/tajo/engine/planner/PhysicalPlannerImpl.java","646","54"
"TAJO","2","0.8.0","tajo/tajo-core/tajo-core-backend/src/main/java/org/apache/tajo/engine/planner/PhysicalPlanningException.java","10","0"
"TAJO","2","0.8.0","tajo/tajo-core/tajo-core-backend/src/main/java/org/apache/tajo/engine/planner/PlannerUtil.java","478","10"
"TAJO","2","0.8.0","tajo/tajo-core/tajo-core-backend/src/main/java/org/apache/tajo/engine/planner/PlanningException.java","9","0"
"TAJO","2","0.8.0","tajo/tajo-core/tajo-core-backend/src/main/java/org/apache/tajo/engine/planner/PlanString.java","64","3"
"TAJO","2","0.8.0","tajo/tajo-core/tajo-core-backend/src/main/java/org/apache/tajo/engine/planner/Projector.java","78","2"
"TAJO","2","0.8.0","tajo/tajo-core/tajo-core-backend/src/main/java/org/apache/tajo/engine/planner/RangePartitionAlgorithm.java","72","3"
"TAJO","2","0.8.0","tajo/tajo-core/tajo-core-backend/src/main/java/org/apache/tajo/engine/planner/rewrite/BasicQueryRewriteEngine.java","28","3"
"TAJO","2","0.8.0","tajo/tajo-core/tajo-core-backend/src/main/java/org/apache/tajo/engine/planner/rewrite/FilterPushDownRule.java","183","2"
"TAJO","2","0.8.0","tajo/tajo-core/tajo-core-backend/src/main/java/org/apache/tajo/engine/planner/rewrite/ProjectionPushDownRule.java","366","4"
"TAJO","2","0.8.0","tajo/tajo-core/tajo-core-backend/src/main/java/org/apache/tajo/engine/planner/rewrite/QueryRewriteEngine.java","6","0"
"TAJO","2","0.8.0","tajo/tajo-core/tajo-core-backend/src/main/java/org/apache/tajo/engine/planner/rewrite/RewriteRule.java","8","0"
"TAJO","2","0.8.0","tajo/tajo-core/tajo-core-backend/src/main/java/org/apache/tajo/engine/planner/Target.java","75","1"
"TAJO","2","0.8.0","tajo/tajo-core/tajo-core-backend/src/main/java/org/apache/tajo/engine/planner/TargetListManager.java","176","6"
"TAJO","2","0.8.0","tajo/tajo-core/tajo-core-backend/src/main/java/org/apache/tajo/engine/planner/UniformRangePartition.java","281","9"
"TAJO","2","0.8.0","tajo/tajo-core/tajo-core-backend/src/main/java/org/apache/tajo/engine/planner/VerificationState.java","15","0"
"TAJO","2","0.8.0","tajo/tajo-core/tajo-core-backend/src/main/java/org/apache/tajo/engine/query/QueryContext.java","108","4"
"TAJO","2","0.8.0","tajo/tajo-core/tajo-core-backend/src/main/java/org/apache/tajo/engine/query/QueryUnitRequest.java","25","14"
"TAJO","2","0.8.0","tajo/tajo-core/tajo-core-backend/src/main/java/org/apache/tajo/engine/query/QueryUnitRequestImpl.java","278","2"
"TAJO","2","0.8.0","tajo/tajo-core/tajo-core-backend/src/main/java/org/apache/tajo/engine/utils/ProtoUtil.java","9","1"
"TAJO","2","0.8.0","tajo/tajo-core/tajo-core-backend/src/main/java/org/apache/tajo/engine/utils/SchemaUtil.java","36","2"
"TAJO","2","0.8.0","tajo/tajo-core/tajo-core-backend/src/main/java/org/apache/tajo/engine/utils/ThreadUtil.java","76","4"
"TAJO","2","0.8.0","tajo/tajo-core/tajo-core-backend/src/main/java/org/apache/tajo/engine/utils/TupleUtil.java","335","9"
"TAJO","2","0.8.0","tajo/tajo-core/tajo-core-backend/src/main/java/org/apache/tajo/jdbc/MetaDataTuple.java","145","3"
"TAJO","2","0.8.0","tajo/tajo-core/tajo-core-backend/src/main/java/org/apache/tajo/jdbc/TajoConnection.java","300","7"
"TAJO","2","0.8.0","tajo/tajo-core/tajo-core-backend/src/main/java/org/apache/tajo/jdbc/TajoDatabaseMetaData.java","965","5"
"TAJO","2","0.8.0","tajo/tajo-core/tajo-core-backend/src/main/java/org/apache/tajo/jdbc/TajoDriver.java","187","3"
"TAJO","2","0.8.0","tajo/tajo-core/tajo-core-backend/src/main/java/org/apache/tajo/jdbc/TajoMetaDataResultSet.java","49","1"
"TAJO","2","0.8.0","tajo/tajo-core/tajo-core-backend/src/main/java/org/apache/tajo/jdbc/TajoPreparedStatement.java","482","2"
"TAJO","2","0.8.0","tajo/tajo-core/tajo-core-backend/src/main/java/org/apache/tajo/jdbc/TajoResultSet.java","115","3"
"TAJO","2","0.8.0","tajo/tajo-core/tajo-core-backend/src/main/java/org/apache/tajo/jdbc/TajoResultSetBase.java","900","5"
"TAJO","2","0.8.0","tajo/tajo-core/tajo-core-backend/src/main/java/org/apache/tajo/jdbc/TajoResultSetMetaData.java","109","0"
"TAJO","2","0.8.0","tajo/tajo-core/tajo-core-backend/src/main/java/org/apache/tajo/jdbc/TajoStatement.java","201","2"
"TAJO","2","0.8.0","tajo/tajo-core/tajo-core-backend/src/main/java/org/apache/tajo/master/cluster/ServerName.java","85","5"
"TAJO","2","0.8.0","tajo/tajo-core/tajo-core-backend/src/main/java/org/apache/tajo/master/ContainerProxy.java","49","3"
"TAJO","2","0.8.0","tajo/tajo-core/tajo-core-backend/src/main/java/org/apache/tajo/master/event/ContainerAllocationEvent.java","48","0"
"TAJO","2","0.8.0","tajo/tajo-core/tajo-core-backend/src/main/java/org/apache/tajo/master/event/ContainerAllocatorEventType.java","6","0"
"TAJO","2","0.8.0","tajo/tajo-core/tajo-core-backend/src/main/java/org/apache/tajo/master/event/ContainerEvent.java","15","1"
"TAJO","2","0.8.0","tajo/tajo-core/tajo-core-backend/src/main/java/org/apache/tajo/master/event/GrouppedContainerAllocatorEvent.java","22","3"
"TAJO","2","0.8.0","tajo/tajo-core/tajo-core-backend/src/main/java/org/apache/tajo/master/event/QueryDiagnosticsUpdateEvent.java","12","0"
"TAJO","2","0.8.0","tajo/tajo-core/tajo-core-backend/src/main/java/org/apache/tajo/master/event/QueryEvent.java","13","0"
"TAJO","2","0.8.0","tajo/tajo-core/tajo-core-backend/src/main/java/org/apache/tajo/master/event/QueryEventType.java","10","0"
"TAJO","2","0.8.0","tajo/tajo-core/tajo-core-backend/src/main/java/org/apache/tajo/master/event/QueryFinishEvent.java","16","0"
"TAJO","2","0.8.0","tajo/tajo-core/tajo-core-backend/src/main/java/org/apache/tajo/master/event/QueryStartEvent.java","36","0"
"TAJO","2","0.8.0","tajo/tajo-core/tajo-core-backend/src/main/java/org/apache/tajo/master/event/QuerySubQueryEvent.java","13","0"
"TAJO","2","0.8.0","tajo/tajo-core/tajo-core-backend/src/main/java/org/apache/tajo/master/event/SubQueryCompletedEvent.java","19","0"
"TAJO","2","0.8.0","tajo/tajo-core/tajo-core-backend/src/main/java/org/apache/tajo/master/event/SubQueryContainerAllocationEvent.java","15","0"
"TAJO","2","0.8.0","tajo/tajo-core/tajo-core-backend/src/main/java/org/apache/tajo/master/event/SubQueryEvent.java","13","0"
"TAJO","2","0.8.0","tajo/tajo-core/tajo-core-backend/src/main/java/org/apache/tajo/master/event/SubQueryEventType.java","10","0"
"TAJO","2","0.8.0","tajo/tajo-core/tajo-core-backend/src/main/java/org/apache/tajo/master/event/SubQuerySucceeEvent.java","10","2"
"TAJO","2","0.8.0","tajo/tajo-core/tajo-core-backend/src/main/java/org/apache/tajo/master/event/SubQueryTaskEvent.java","13","0"
"TAJO","2","0.8.0","tajo/tajo-core/tajo-core-backend/src/main/java/org/apache/tajo/master/event/TaskAttemptAssignedEvent.java","24","0"
"TAJO","2","0.8.0","tajo/tajo-core/tajo-core-backend/src/main/java/org/apache/tajo/master/event/TaskAttemptEvent.java","14","0"
"TAJO","2","0.8.0","tajo/tajo-core/tajo-core-backend/src/main/java/org/apache/tajo/master/event/TaskAttemptEventType.java","16","0"
"TAJO","2","0.8.0","tajo/tajo-core/tajo-core-backend/src/main/java/org/apache/tajo/master/event/TaskAttemptStatusUpdateEvent.java","14","0"
"TAJO","2","0.8.0","tajo/tajo-core/tajo-core-backend/src/main/java/org/apache/tajo/master/event/TaskCompletionEvent.java","13","0"
"TAJO","2","0.8.0","tajo/tajo-core/tajo-core-backend/src/main/java/org/apache/tajo/master/event/TaskEvent.java","13","0"
"TAJO","2","0.8.0","tajo/tajo-core/tajo-core-backend/src/main/java/org/apache/tajo/master/event/TaskEventType.java","10","0"
"TAJO","2","0.8.0","tajo/tajo-core/tajo-core-backend/src/main/java/org/apache/tajo/master/event/TaskFatalErrorEvent.java","14","0"
"TAJO","2","0.8.0","tajo/tajo-core/tajo-core-backend/src/main/java/org/apache/tajo/master/event/TaskRequestEvent.java","32","0"
"TAJO","2","0.8.0","tajo/tajo-core/tajo-core-backend/src/main/java/org/apache/tajo/master/event/TaskScheduleEvent.java","42","0"
"TAJO","2","0.8.0","tajo/tajo-core/tajo-core-backend/src/main/java/org/apache/tajo/master/event/TaskSchedulerEvent.java","18","0"
"TAJO","2","0.8.0","tajo/tajo-core/tajo-core-backend/src/main/java/org/apache/tajo/master/event/TaskTAttemptEvent.java","13","0"
"TAJO","2","0.8.0","tajo/tajo-core/tajo-core-backend/src/main/java/org/apache/tajo/master/GlobalEngine.java","370","17"
"TAJO","2","0.8.0","tajo/tajo-core/tajo-core-backend/src/main/java/org/apache/tajo/master/querymaster/Query.java","366","14"
"TAJO","2","0.8.0","tajo/tajo-core/tajo-core-backend/src/main/java/org/apache/tajo/master/querymaster/QueryInfo.java","86","0"
"TAJO","2","0.8.0","tajo/tajo-core/tajo-core-backend/src/main/java/org/apache/tajo/master/querymaster/QueryInProgress.java","209","13"
"TAJO","2","0.8.0","tajo/tajo-core/tajo-core-backend/src/main/java/org/apache/tajo/master/querymaster/QueryJobEvent.java","19","0"
"TAJO","2","0.8.0","tajo/tajo-core/tajo-core-backend/src/main/java/org/apache/tajo/master/querymaster/QueryJobManager.java","142","8"
"TAJO","2","0.8.0","tajo/tajo-core/tajo-core-backend/src/main/java/org/apache/tajo/master/querymaster/QueryMaster.java","357","21"
"TAJO","2","0.8.0","tajo/tajo-core/tajo-core-backend/src/main/java/org/apache/tajo/master/querymaster/QueryMasterManagerService.java","162","12"
"TAJO","2","0.8.0","tajo/tajo-core/tajo-core-backend/src/main/java/org/apache/tajo/master/querymaster/QueryMasterRunner.java","111","4"
"TAJO","2","0.8.0","tajo/tajo-core/tajo-core-backend/src/main/java/org/apache/tajo/master/querymaster/QueryMasterTask.java","377","26"
"TAJO","2","0.8.0","tajo/tajo-core/tajo-core-backend/src/main/java/org/apache/tajo/master/querymaster/QueryUnit.java","416","17"
"TAJO","2","0.8.0","tajo/tajo-core/tajo-core-backend/src/main/java/org/apache/tajo/master/querymaster/QueryUnitAttempt.java","266","18"
"TAJO","2","0.8.0","tajo/tajo-core/tajo-core-backend/src/main/java/org/apache/tajo/master/querymaster/Repartitioner.java","498","18"
"TAJO","2","0.8.0","tajo/tajo-core/tajo-core-backend/src/main/java/org/apache/tajo/master/querymaster/SubQuery.java","574","37"
"TAJO","2","0.8.0","tajo/tajo-core/tajo-core-backend/src/main/java/org/apache/tajo/master/querymaster/SubQueryState.java","9","0"
"TAJO","2","0.8.0","tajo/tajo-core/tajo-core-backend/src/main/java/org/apache/tajo/master/rm/TajoWorkerContainer.java","75","1"
"TAJO","2","0.8.0","tajo/tajo-core/tajo-core-backend/src/main/java/org/apache/tajo/master/rm/TajoWorkerContainerId.java","23","0"
"TAJO","2","0.8.0","tajo/tajo-core/tajo-core-backend/src/main/java/org/apache/tajo/master/rm/TajoWorkerResourceManager.java","401","20"
"TAJO","2","0.8.0","tajo/tajo-core/tajo-core-backend/src/main/java/org/apache/tajo/master/rm/WorkerResource.java","244","1"
"TAJO","2","0.8.0","tajo/tajo-core/tajo-core-backend/src/main/java/org/apache/tajo/master/rm/WorkerResourceManager.java","25","14"
"TAJO","2","0.8.0","tajo/tajo-core/tajo-core-backend/src/main/java/org/apache/tajo/master/rm/WorkerStatus.java","6","0"
"TAJO","2","0.8.0","tajo/tajo-core/tajo-core-backend/src/main/java/org/apache/tajo/master/rm/YarnRMContainerAllocator.java","190","16"
"TAJO","2","0.8.0","tajo/tajo-core/tajo-core-backend/src/main/java/org/apache/tajo/master/rm/YarnTajoResourceManager.java","249","14"
"TAJO","2","0.8.0","tajo/tajo-core/tajo-core-backend/src/main/java/org/apache/tajo/master/TajoAsyncDispatcher.java","176","10"
"TAJO","2","0.8.0","tajo/tajo-core/tajo-core-backend/src/main/java/org/apache/tajo/master/TajoContainerProxy.java","144","9"
"TAJO","2","0.8.0","tajo/tajo-core/tajo-core-backend/src/main/java/org/apache/tajo/master/TajoMaster.java","482","25"
"TAJO","2","0.8.0","tajo/tajo-core/tajo-core-backend/src/main/java/org/apache/tajo/master/TajoMasterClientService.java","288","10"
"TAJO","2","0.8.0","tajo/tajo-core/tajo-core-backend/src/main/java/org/apache/tajo/master/TajoMasterService.java","121","4"
"TAJO","2","0.8.0","tajo/tajo-core/tajo-core-backend/src/main/java/org/apache/tajo/master/TaskRunnerGroupEvent.java","27","3"
"TAJO","2","0.8.0","tajo/tajo-core/tajo-core-backend/src/main/java/org/apache/tajo/master/TaskRunnerLauncher.java","4","0"
"TAJO","2","0.8.0","tajo/tajo-core/tajo-core-backend/src/main/java/org/apache/tajo/master/TaskScheduler.java","5","0"
"TAJO","2","0.8.0","tajo/tajo-core/tajo-core-backend/src/main/java/org/apache/tajo/master/TaskSchedulerImpl.java","435","24"
"TAJO","2","0.8.0","tajo/tajo-core/tajo-core-backend/src/main/java/org/apache/tajo/master/TaskState.java","4","0"
"TAJO","2","0.8.0","tajo/tajo-core/tajo-core-backend/src/main/java/org/apache/tajo/master/YarnContainerProxy.java","303","16"
"TAJO","2","0.8.0","tajo/tajo-core/tajo-core-backend/src/main/java/org/apache/tajo/master/YarnTaskRunnerLauncherImpl.java","117","8"
"TAJO","2","0.8.0","tajo/tajo-core/tajo-core-backend/src/main/java/org/apache/tajo/net/CachedDNSResolver.java","36","4"
"TAJO","2","0.8.0","tajo/tajo-core/tajo-core-backend/src/main/java/org/apache/tajo/util/ApplicationIdUtils.java","18","1"
"TAJO","2","0.8.0","tajo/tajo-core/tajo-core-backend/src/main/java/org/apache/tajo/util/GeoUtil.java","23","1"
"TAJO","2","0.8.0","tajo/tajo-core/tajo-core-backend/src/main/java/org/apache/tajo/util/IndexUtil.java","111","10"
"TAJO","2","0.8.0","tajo/tajo-core/tajo-core-backend/src/main/java/org/apache/tajo/util/JSPUtil.java","134","3"
"TAJO","2","0.8.0","tajo/tajo-core/tajo-core-backend/src/main/java/org/apache/tajo/webapp/HttpServer.java","302","17"
"TAJO","2","0.8.0","tajo/tajo-core/tajo-core-backend/src/main/java/org/apache/tajo/webapp/QueryExecutorServlet.java","302","14"
"TAJO","2","0.8.0","tajo/tajo-core/tajo-core-backend/src/main/java/org/apache/tajo/webapp/StaticHttpServer.java","45","4"
"TAJO","2","0.8.0","tajo/tajo-core/tajo-core-backend/src/main/java/org/apache/tajo/worker/AbstractResourceAllocator.java","27","2"
"TAJO","2","0.8.0","tajo/tajo-core/tajo-core-backend/src/main/java/org/apache/tajo/worker/dataserver/FileAccessForbiddenException.java","16","1"
"TAJO","2","0.8.0","tajo/tajo-core/tajo-core-backend/src/main/java/org/apache/tajo/worker/dataserver/HttpDataServer.java","55","2"
"TAJO","2","0.8.0","tajo/tajo-core/tajo-core-backend/src/main/java/org/apache/tajo/worker/dataserver/HttpDataServerHandler.java","146","12"
"TAJO","2","0.8.0","tajo/tajo-core/tajo-core-backend/src/main/java/org/apache/tajo/worker/dataserver/HttpDataServerPipelineFactory.java","22","1"
"TAJO","2","0.8.0","tajo/tajo-core/tajo-core-backend/src/main/java/org/apache/tajo/worker/dataserver/HttpUtil.java","35","5"
"TAJO","2","0.8.0","tajo/tajo-core/tajo-core-backend/src/main/java/org/apache/tajo/worker/dataserver/retriever/AdvancedDataRetriever.java","93","6"
"TAJO","2","0.8.0","tajo/tajo-core/tajo-core-backend/src/main/java/org/apache/tajo/worker/dataserver/retriever/DataRetriever.java","8","0"
"TAJO","2","0.8.0","tajo/tajo-core/tajo-core-backend/src/main/java/org/apache/tajo/worker/dataserver/retriever/DirectoryRetriever.java","31","0"
"TAJO","2","0.8.0","tajo/tajo-core/tajo-core-backend/src/main/java/org/apache/tajo/worker/dataserver/retriever/FileChunk.java","26","0"
"TAJO","2","0.8.0","tajo/tajo-core/tajo-core-backend/src/main/java/org/apache/tajo/worker/dataserver/retriever/RetrieverHandler.java","7","2"
"TAJO","2","0.8.0","tajo/tajo-core/tajo-core-backend/src/main/java/org/apache/tajo/worker/Fetcher.java","151","8"
"TAJO","2","0.8.0","tajo/tajo-core/tajo-core-backend/src/main/java/org/apache/tajo/worker/InterDataRetriever.java","76","7"
"TAJO","2","0.8.0","tajo/tajo-core/tajo-core-backend/src/main/java/org/apache/tajo/worker/PartitionRetrieverHandler.java","18","0"
"TAJO","2","0.8.0","tajo/tajo-core/tajo-core-backend/src/main/java/org/apache/tajo/worker/RangeRetrieverHandler.java","111","7"
"TAJO","2","0.8.0","tajo/tajo-core/tajo-core-backend/src/main/java/org/apache/tajo/worker/ResourceAllocator.java","8","3"
"TAJO","2","0.8.0","tajo/tajo-core/tajo-core-backend/src/main/java/org/apache/tajo/worker/TajoQueryEngine.java","24","1"
"TAJO","2","0.8.0","tajo/tajo-core/tajo-core-backend/src/main/java/org/apache/tajo/worker/TajoResourceAllocator.java","277","13"
"TAJO","2","0.8.0","tajo/tajo-core/tajo-core-backend/src/main/java/org/apache/tajo/worker/TajoWorker.java","541","16"
"TAJO","2","0.8.0","tajo/tajo-core/tajo-core-backend/src/main/java/org/apache/tajo/worker/TajoWorkerClientService.java","159","8"
"TAJO","2","0.8.0","tajo/tajo-core/tajo-core-backend/src/main/java/org/apache/tajo/worker/TajoWorkerManagerService.java","102","13"
"TAJO","2","0.8.0","tajo/tajo-core/tajo-core-backend/src/main/java/org/apache/tajo/worker/Task.java","500","32"
"TAJO","2","0.8.0","tajo/tajo-core/tajo-core-backend/src/main/java/org/apache/tajo/worker/TaskAttemptContext.java","178","3"
"TAJO","2","0.8.0","tajo/tajo-core/tajo-core-backend/src/main/java/org/apache/tajo/worker/TaskRunner.java","274","24"
"TAJO","2","0.8.0","tajo/tajo-core/tajo-core-backend/src/main/java/org/apache/tajo/worker/TaskRunnerManager.java","132","6"
"TAJO","2","0.8.0","tajo/tajo-core/tajo-core-backend/src/main/java/org/apache/tajo/worker/YarnResourceAllocator.java","74","5"
"TAJO","2","0.8.0","tajo/tajo-core/tajo-core-pullserver/src/main/java/org/apache/tajo/pullserver/FadvisedChunkedFile.java","53","2"
"TAJO","2","0.8.0","tajo/tajo-core/tajo-core-pullserver/src/main/java/org/apache/tajo/pullserver/FadvisedFileRegion.java","55","2"
"TAJO","2","0.8.0","tajo/tajo-core/tajo-core-pullserver/src/main/java/org/apache/tajo/pullserver/FileAccessForbiddenException.java","16","1"
"TAJO","2","0.8.0","tajo/tajo-core/tajo-core-pullserver/src/main/java/org/apache/tajo/pullserver/HttpDataServerHandler.java","166","14"
"TAJO","2","0.8.0","tajo/tajo-core/tajo-core-pullserver/src/main/java/org/apache/tajo/pullserver/HttpDataServerPipelineFactory.java","25","1"
"TAJO","2","0.8.0","tajo/tajo-core/tajo-core-pullserver/src/main/java/org/apache/tajo/pullserver/HttpUtil.java","35","5"
"TAJO","2","0.8.0","tajo/tajo-core/tajo-core-pullserver/src/main/java/org/apache/tajo/pullserver/PullServerAuxService.java","520","37"
"TAJO","2","0.8.0","tajo/tajo-core/tajo-core-pullserver/src/main/java/org/apache/tajo/pullserver/retriever/AdvancedDataRetriever.java","92","6"
"TAJO","2","0.8.0","tajo/tajo-core/tajo-core-pullserver/src/main/java/org/apache/tajo/pullserver/retriever/DataRetriever.java","8","0"
"TAJO","2","0.8.0","tajo/tajo-core/tajo-core-pullserver/src/main/java/org/apache/tajo/pullserver/retriever/DirectoryRetriever.java","31","0"
"TAJO","2","0.8.0","tajo/tajo-core/tajo-core-pullserver/src/main/java/org/apache/tajo/pullserver/retriever/FileChunk.java","26","0"
"TAJO","2","0.8.0","tajo/tajo-core/tajo-core-pullserver/src/main/java/org/apache/tajo/pullserver/retriever/RetrieverHandler.java","7","2"
"TAJO","2","0.8.0","tajo/tajo-core/tajo-core-pullserver/src/main/java/org/apache/tajo/pullserver/TajoPullServerService.java","511","36"
"TAJO","2","0.8.0","tajo/tajo-core/tajo-core-storage/src/main/java/org/apache/tajo/storage/AbstractStorageManager.java","458","14"
"TAJO","2","0.8.0","tajo/tajo-core/tajo-core-storage/src/main/java/org/apache/tajo/storage/annotation/ForSplitableStore.java","9","0"
"TAJO","2","0.8.0","tajo/tajo-core/tajo-core-storage/src/main/java/org/apache/tajo/storage/Appender.java","12","0"
"TAJO","2","0.8.0","tajo/tajo-core/tajo-core-storage/src/main/java/org/apache/tajo/storage/compress/CodecPool.java","101","6"
"TAJO","2","0.8.0","tajo/tajo-core/tajo-core-storage/src/main/java/org/apache/tajo/storage/CSVFile.java","521","21"
"TAJO","2","0.8.0","tajo/tajo-core/tajo-core-storage/src/main/java/org/apache/tajo/storage/DataLocation.java","22","0"
"TAJO","2","0.8.0","tajo/tajo-core/tajo-core-storage/src/main/java/org/apache/tajo/storage/exception/AlreadyExistsStorageException.java","12","0"
"TAJO","2","0.8.0","tajo/tajo-core/tajo-core-storage/src/main/java/org/apache/tajo/storage/exception/UnknownCodecException.java","9","1"
"TAJO","2","0.8.0","tajo/tajo-core/tajo-core-storage/src/main/java/org/apache/tajo/storage/exception/UnknownDataTypeException.java","9","1"
"TAJO","2","0.8.0","tajo/tajo-core/tajo-core-storage/src/main/java/org/apache/tajo/storage/exception/UnsupportedFileTypeException.java","9","1"
"TAJO","2","0.8.0","tajo/tajo-core/tajo-core-storage/src/main/java/org/apache/tajo/storage/FileAppender.java","33","0"
"TAJO","2","0.8.0","tajo/tajo-core/tajo-core-storage/src/main/java/org/apache/tajo/storage/FileScanner.java","42","0"
"TAJO","2","0.8.0","tajo/tajo-core/tajo-core-storage/src/main/java/org/apache/tajo/storage/fragment/FileFragment.java","157","4"
"TAJO","2","0.8.0","tajo/tajo-core/tajo-core-storage/src/main/java/org/apache/tajo/storage/fragment/Fragment.java","8","3"
"TAJO","2","0.8.0","tajo/tajo-core/tajo-core-storage/src/main/java/org/apache/tajo/storage/fragment/FragmentConvertor.java","82","5"
"TAJO","2","0.8.0","tajo/tajo-core/tajo-core-storage/src/main/java/org/apache/tajo/storage/FrameTuple.java","161","5"
"TAJO","2","0.8.0","tajo/tajo-core/tajo-core-storage/src/main/java/org/apache/tajo/storage/index/bst/BSTIndex.java","462","5"
"TAJO","2","0.8.0","tajo/tajo-core/tajo-core-storage/src/main/java/org/apache/tajo/storage/index/IndexMethod.java","11","2"
"TAJO","2","0.8.0","tajo/tajo-core/tajo-core-storage/src/main/java/org/apache/tajo/storage/index/IndexReader.java","6","1"
"TAJO","2","0.8.0","tajo/tajo-core/tajo-core-storage/src/main/java/org/apache/tajo/storage/index/IndexWriter.java","7","0"
"TAJO","2","0.8.0","tajo/tajo-core/tajo-core-storage/src/main/java/org/apache/tajo/storage/index/OrderIndexReader.java","7","2"
"TAJO","2","0.8.0","tajo/tajo-core/tajo-core-storage/src/main/java/org/apache/tajo/storage/LazyTuple.java","281","8"
"TAJO","2","0.8.0","tajo/tajo-core/tajo-core-storage/src/main/java/org/apache/tajo/storage/MergeScanner.java","99","8"
"TAJO","2","0.8.0","tajo/tajo-core/tajo-core-storage/src/main/java/org/apache/tajo/storage/NumericPathComparator.java","11","0"
"TAJO","2","0.8.0","tajo/tajo-core/tajo-core-storage/src/main/java/org/apache/tajo/storage/RawFile.java","380","2"
"TAJO","2","0.8.0","tajo/tajo-core/tajo-core-storage/src/main/java/org/apache/tajo/storage/rcfile/BytesRefArrayWritable.java","128","3"
"TAJO","2","0.8.0","tajo/tajo-core/tajo-core-storage/src/main/java/org/apache/tajo/storage/rcfile/BytesRefWritable.java","141","3"
"TAJO","2","0.8.0","tajo/tajo-core/tajo-core-storage/src/main/java/org/apache/tajo/storage/rcfile/ColumnProjectionUtils.java","63","0"
"TAJO","2","0.8.0","tajo/tajo-core/tajo-core-storage/src/main/java/org/apache/tajo/storage/rcfile/LazyDecompressionCallback.java","5","0"
"TAJO","2","0.8.0","tajo/tajo-core/tajo-core-storage/src/main/java/org/apache/tajo/storage/rcfile/NonSyncByteArrayInputStream.java","64","0"
"TAJO","2","0.8.0","tajo/tajo-core/tajo-core-storage/src/main/java/org/apache/tajo/storage/rcfile/NonSyncByteArrayOutputStream.java","63","0"
"TAJO","2","0.8.0","tajo/tajo-core/tajo-core-storage/src/main/java/org/apache/tajo/storage/rcfile/NonSyncDataInputBuffer.java","224","6"
"TAJO","2","0.8.0","tajo/tajo-core/tajo-core-storage/src/main/java/org/apache/tajo/storage/rcfile/NonSyncDataOutputBuffer.java","45","0"
"TAJO","2","0.8.0","tajo/tajo-core/tajo-core-storage/src/main/java/org/apache/tajo/storage/rcfile/RCFile.java","1163","18"
"TAJO","2","0.8.0","tajo/tajo-core/tajo-core-storage/src/main/java/org/apache/tajo/storage/rcfile/RCFileWrapper.java","276","4"
"TAJO","2","0.8.0","tajo/tajo-core/tajo-core-storage/src/main/java/org/apache/tajo/storage/rcfile/SchemaAwareCompressionInputStream.java","9","0"
"TAJO","2","0.8.0","tajo/tajo-core/tajo-core-storage/src/main/java/org/apache/tajo/storage/rcfile/SchemaAwareCompressionOutputStream.java","9","0"
"TAJO","2","0.8.0","tajo/tajo-core/tajo-core-storage/src/main/java/org/apache/tajo/storage/RowFile.java","402","13"
"TAJO","2","0.8.0","tajo/tajo-core/tajo-core-storage/src/main/java/org/apache/tajo/storage/RowStoreUtil.java","156","9"
"TAJO","2","0.8.0","tajo/tajo-core/tajo-core-storage/src/main/java/org/apache/tajo/storage/Scanner.java","16","0"
"TAJO","2","0.8.0","tajo/tajo-core/tajo-core-storage/src/main/java/org/apache/tajo/storage/SeekableScanner.java","6","2"
"TAJO","2","0.8.0","tajo/tajo-core/tajo-core-storage/src/main/java/org/apache/tajo/storage/Storage.java","20","0"
"TAJO","2","0.8.0","tajo/tajo-core/tajo-core-storage/src/main/java/org/apache/tajo/storage/StorageManager.java","36","0"
"TAJO","2","0.8.0","tajo/tajo-core/tajo-core-storage/src/main/java/org/apache/tajo/storage/StorageManagerFactory.java","61","4"
"TAJO","2","0.8.0","tajo/tajo-core/tajo-core-storage/src/main/java/org/apache/tajo/storage/StorageUtil.java","55","3"
"TAJO","2","0.8.0","tajo/tajo-core/tajo-core-storage/src/main/java/org/apache/tajo/storage/TableStatistics.java","78","0"
"TAJO","2","0.8.0","tajo/tajo-core/tajo-core-storage/src/main/java/org/apache/tajo/storage/trevni/TrevniAppender.java","160","2"
"TAJO","2","0.8.0","tajo/tajo-core/tajo-core-storage/src/main/java/org/apache/tajo/storage/trevni/TrevniScanner.java","145","3"
"TAJO","2","0.8.0","tajo/tajo-core/tajo-core-storage/src/main/java/org/apache/tajo/storage/Tuple.java","32","28"
"TAJO","2","0.8.0","tajo/tajo-core/tajo-core-storage/src/main/java/org/apache/tajo/storage/TupleComparator.java","110","5"
"TAJO","2","0.8.0","tajo/tajo-core/tajo-core-storage/src/main/java/org/apache/tajo/storage/TupleRange.java","67","2"
"TAJO","2","0.8.0","tajo/tajo-core/tajo-core-storage/src/main/java/org/apache/tajo/storage/v2/CSVFileScanner.java","321","21"
"TAJO","2","0.8.0","tajo/tajo-core/tajo-core-storage/src/main/java/org/apache/tajo/storage/v2/DiskDeviceInfo.java","33","0"
"TAJO","2","0.8.0","tajo/tajo-core/tajo-core-storage/src/main/java/org/apache/tajo/storage/v2/DiskFileScanScheduler.java","152","5"
"TAJO","2","0.8.0","tajo/tajo-core/tajo-core-storage/src/main/java/org/apache/tajo/storage/v2/DiskInfo.java","42","0"
"TAJO","2","0.8.0","tajo/tajo-core/tajo-core-storage/src/main/java/org/apache/tajo/storage/v2/DiskMountInfo.java","53","1"
"TAJO","2","0.8.0","tajo/tajo-core/tajo-core-storage/src/main/java/org/apache/tajo/storage/v2/DiskUtil.java","150","3"
"TAJO","2","0.8.0","tajo/tajo-core/tajo-core-storage/src/main/java/org/apache/tajo/storage/v2/FileScannerV2.java","149","2"
"TAJO","2","0.8.0","tajo/tajo-core/tajo-core-storage/src/main/java/org/apache/tajo/storage/v2/FileScanRunner.java","44","8"
"TAJO","2","0.8.0","tajo/tajo-core/tajo-core-storage/src/main/java/org/apache/tajo/storage/v2/RCFile.java","1180","16"
"TAJO","2","0.8.0","tajo/tajo-core/tajo-core-storage/src/main/java/org/apache/tajo/storage/v2/RCFileScanner.java","270","7"
"TAJO","2","0.8.0","tajo/tajo-core/tajo-core-storage/src/main/java/org/apache/tajo/storage/v2/ScanScheduler.java","141","5"
"TAJO","2","0.8.0","tajo/tajo-core/tajo-core-storage/src/main/java/org/apache/tajo/storage/v2/ScheduledInputStream.java","425","14"
"TAJO","2","0.8.0","tajo/tajo-core/tajo-core-storage/src/main/java/org/apache/tajo/storage/v2/StorageManagerV2.java","94","1"
"TAJO","2","0.8.0","tajo/tajo-core/tajo-core-storage/src/main/java/org/apache/tajo/storage/VTuple.java","159","4"
"TAJO","2","0.8.0","tajo/tajo-rpc/src/main/java/org/apache/tajo/rpc/AsyncRpcClient.java","170","9"
"TAJO","2","0.8.0","tajo/tajo-rpc/src/main/java/org/apache/tajo/rpc/AsyncRpcServer.java","84","4"
"TAJO","2","0.8.0","tajo/tajo-rpc/src/main/java/org/apache/tajo/rpc/BlockingRpcClient.java","208","11"
"TAJO","2","0.8.0","tajo/tajo-rpc/src/main/java/org/apache/tajo/rpc/BlockingRpcServer.java","83","6"
"TAJO","2","0.8.0","tajo/tajo-rpc/src/main/java/org/apache/tajo/rpc/CallFuture.java","51","0"
"TAJO","2","0.8.0","tajo/tajo-rpc/src/main/java/org/apache/tajo/rpc/DefaultRpcController.java","33","3"
"TAJO","2","0.8.0","tajo/tajo-rpc/src/main/java/org/apache/tajo/rpc/NettyClientBase.java","62","5"
"TAJO","2","0.8.0","tajo/tajo-rpc/src/main/java/org/apache/tajo/rpc/NettyRpcController.java","34","0"
"TAJO","2","0.8.0","tajo/tajo-rpc/src/main/java/org/apache/tajo/rpc/NettyServerBase.java","132","2"
"TAJO","2","0.8.0","tajo/tajo-rpc/src/main/java/org/apache/tajo/rpc/NullCallback.java","14","0"
"TAJO","2","0.8.0","tajo/tajo-rpc/src/main/java/org/apache/tajo/rpc/ProtoPipelineFactory.java","29","0"
"TAJO","2","0.8.0","tajo/tajo-rpc/src/main/java/org/apache/tajo/rpc/RemoteCallException.java","30","0"
"TAJO","2","0.8.0","tajo/tajo-rpc/src/main/java/org/apache/tajo/rpc/RemoteException.java","15","0"
"TAJO","2","0.8.0","tajo/tajo-rpc/src/main/java/org/apache/tajo/rpc/RetriesExhaustedException.java","60","0"
"TAJO","2","0.8.0","tajo/tajo-rpc/src/main/java/org/apache/tajo/rpc/RpcConnectionPool.java","99","6"
"TAJO","2","0.8.0","tajo/tajo-rpc/src/main/java/org/apache/tajo/rpc/ServerCallable.java","116","3"
"TAJO","3","0.9.0","tajo/tajo-algebra/src/main/java/org/apache/tajo/algebra/Aggregation.java","84","2"
"TAJO","3","0.9.0","tajo/tajo-algebra/src/main/java/org/apache/tajo/algebra/BetweenPredicate.java","37","0"
"TAJO","3","0.9.0","tajo/tajo-algebra/src/main/java/org/apache/tajo/algebra/BinaryOperator.java","29","0"
"TAJO","3","0.9.0","tajo/tajo-algebra/src/main/java/org/apache/tajo/algebra/CaseWhenPredicate.java","55","2"
"TAJO","3","0.9.0","tajo/tajo-algebra/src/main/java/org/apache/tajo/algebra/CastExpr.java","21","0"
"TAJO","3","0.9.0","tajo/tajo-algebra/src/main/java/org/apache/tajo/algebra/ColumnReferenceExpr.java","39","0"
"TAJO","3","0.9.0","tajo/tajo-algebra/src/main/java/org/apache/tajo/algebra/CountRowsFunctionExpr.java","6","0"
"TAJO","3","0.9.0","tajo/tajo-algebra/src/main/java/org/apache/tajo/algebra/CreateTable.java","245","5"
"TAJO","3","0.9.0","tajo/tajo-algebra/src/main/java/org/apache/tajo/algebra/DataType.java","39","0"
"TAJO","3","0.9.0","tajo/tajo-algebra/src/main/java/org/apache/tajo/algebra/DropTable.java","19","0"
"TAJO","3","0.9.0","tajo/tajo-algebra/src/main/java/org/apache/tajo/algebra/ExistsPredicate.java","21","0"
"TAJO","3","0.9.0","tajo/tajo-algebra/src/main/java/org/apache/tajo/algebra/Expr.java","73","2"
"TAJO","3","0.9.0","tajo/tajo-algebra/src/main/java/org/apache/tajo/algebra/ExprVisitor.java","4","0"
"TAJO","3","0.9.0","tajo/tajo-algebra/src/main/java/org/apache/tajo/algebra/FunctionExpr.java","46","0"
"TAJO","3","0.9.0","tajo/tajo-algebra/src/main/java/org/apache/tajo/algebra/GeneralSetFunctionExpr.java","11","0"
"TAJO","3","0.9.0","tajo/tajo-algebra/src/main/java/org/apache/tajo/algebra/Having.java","30","0"
"TAJO","3","0.9.0","tajo/tajo-algebra/src/main/java/org/apache/tajo/algebra/InPredicate.java","17","1"
"TAJO","3","0.9.0","tajo/tajo-algebra/src/main/java/org/apache/tajo/algebra/Insert.java","82","3"
"TAJO","3","0.9.0","tajo/tajo-algebra/src/main/java/org/apache/tajo/algebra/IsNullPredicate.java","21","0"
"TAJO","3","0.9.0","tajo/tajo-algebra/src/main/java/org/apache/tajo/algebra/Join.java","60","1"
"TAJO","3","0.9.0","tajo/tajo-algebra/src/main/java/org/apache/tajo/algebra/JoinType.java","13","0"
"TAJO","3","0.9.0","tajo/tajo-algebra/src/main/java/org/apache/tajo/algebra/JsonHelper.java","29","2"
"TAJO","3","0.9.0","tajo/tajo-algebra/src/main/java/org/apache/tajo/algebra/JsonSerializable.java","4","0"
"TAJO","3","0.9.0","tajo/tajo-algebra/src/main/java/org/apache/tajo/algebra/Limit.java","24","0"
"TAJO","3","0.9.0","tajo/tajo-algebra/src/main/java/org/apache/tajo/algebra/LiteralValue.java","29","1"
"TAJO","3","0.9.0","tajo/tajo-algebra/src/main/java/org/apache/tajo/algebra/NotExpr.java","11","0"
"TAJO","3","0.9.0","tajo/tajo-algebra/src/main/java/org/apache/tajo/algebra/NullValue.java","10","0"
"TAJO","3","0.9.0","tajo/tajo-algebra/src/main/java/org/apache/tajo/algebra/OpType.java","82","1"
"TAJO","3","0.9.0","tajo/tajo-algebra/src/main/java/org/apache/tajo/algebra/PatternMatchPredicate.java","42","0"
"TAJO","3","0.9.0","tajo/tajo-algebra/src/main/java/org/apache/tajo/algebra/Projection.java","41","0"
"TAJO","3","0.9.0","tajo/tajo-algebra/src/main/java/org/apache/tajo/algebra/Relation.java","44","1"
"TAJO","3","0.9.0","tajo/tajo-algebra/src/main/java/org/apache/tajo/algebra/RelationList.java","39","0"
"TAJO","3","0.9.0","tajo/tajo-algebra/src/main/java/org/apache/tajo/algebra/ScalarSubQuery.java","19","0"
"TAJO","3","0.9.0","tajo/tajo-algebra/src/main/java/org/apache/tajo/algebra/Selection.java","30","0"
"TAJO","3","0.9.0","tajo/tajo-algebra/src/main/java/org/apache/tajo/algebra/SetOperation.java","22","0"
"TAJO","3","0.9.0","tajo/tajo-algebra/src/main/java/org/apache/tajo/algebra/SimpleTableSubQuery.java","18","0"
"TAJO","3","0.9.0","tajo/tajo-algebra/src/main/java/org/apache/tajo/algebra/Sort.java","64","1"
"TAJO","3","0.9.0","tajo/tajo-algebra/src/main/java/org/apache/tajo/algebra/TablePrimarySubQuery.java","28","0"
"TAJO","3","0.9.0","tajo/tajo-algebra/src/main/java/org/apache/tajo/algebra/Target.java","38","0"
"TAJO","3","0.9.0","tajo/tajo-algebra/src/main/java/org/apache/tajo/algebra/UnaryOperator.java","16","0"
"TAJO","3","0.9.0","tajo/tajo-algebra/src/main/java/org/apache/tajo/algebra/ValueListExpr.java","17","0"
"TAJO","3","0.9.0","tajo/tajo-catalog/tajo-catalog-client/src/main/java/org/apache/tajo/catalog/AbstractCatalogClient.java","317","26"
"TAJO","3","0.9.0","tajo/tajo-catalog/tajo-catalog-client/src/main/java/org/apache/tajo/catalog/CatalogClient.java","21","1"
"TAJO","3","0.9.0","tajo/tajo-catalog/tajo-catalog-client/src/main/java/org/apache/tajo/catalog/CatalogService.java","24","3"
"TAJO","3","0.9.0","tajo/tajo-catalog/tajo-catalog-common/src/main/java/org/apache/tajo/catalog/AlreadyRegisteredURIException.java","13","1"
"TAJO","3","0.9.0","tajo/tajo-catalog/tajo-catalog-common/src/main/java/org/apache/tajo/catalog/AttributeType.java","6","0"
"TAJO","3","0.9.0","tajo/tajo-catalog/tajo-catalog-common/src/main/java/org/apache/tajo/catalog/CatalogConstants.java","17","0"
"TAJO","3","0.9.0","tajo/tajo-catalog/tajo-catalog-common/src/main/java/org/apache/tajo/catalog/CatalogUtil.java","113","6"
"TAJO","3","0.9.0","tajo/tajo-catalog/tajo-catalog-common/src/main/java/org/apache/tajo/catalog/Column.java","118","1"
"TAJO","3","0.9.0","tajo/tajo-catalog/tajo-catalog-common/src/main/java/org/apache/tajo/catalog/DDLBuilder.java","60","1"
"TAJO","3","0.9.0","tajo/tajo-catalog/tajo-catalog-common/src/main/java/org/apache/tajo/catalog/exception/AlreadyExistsFieldException.java","9","1"
"TAJO","3","0.9.0","tajo/tajo-catalog/tajo-catalog-common/src/main/java/org/apache/tajo/catalog/exception/AlreadyExistsFunctionException.java","7","0"
"TAJO","3","0.9.0","tajo/tajo-catalog/tajo-catalog-common/src/main/java/org/apache/tajo/catalog/exception/AlreadyExistsIndexException.java","15","1"
"TAJO","3","0.9.0","tajo/tajo-catalog/tajo-catalog-common/src/main/java/org/apache/tajo/catalog/exception/AlreadyExistsTableException.java","9","1"
"TAJO","3","0.9.0","tajo/tajo-catalog/tajo-catalog-common/src/main/java/org/apache/tajo/catalog/exception/CatalogException.java","15","1"
"TAJO","3","0.9.0","tajo/tajo-catalog/tajo-catalog-common/src/main/java/org/apache/tajo/catalog/exception/InvalidTableException.java","10","1"
"TAJO","3","0.9.0","tajo/tajo-catalog/tajo-catalog-common/src/main/java/org/apache/tajo/catalog/exception/NoSuchFunctionException.java","8","1"
"TAJO","3","0.9.0","tajo/tajo-catalog/tajo-catalog-common/src/main/java/org/apache/tajo/catalog/exception/NoSuchIndexException.java","15","1"
"TAJO","3","0.9.0","tajo/tajo-catalog/tajo-catalog-common/src/main/java/org/apache/tajo/catalog/exception/NoSuchTableException.java","8","1"
"TAJO","3","0.9.0","tajo/tajo-catalog/tajo-catalog-common/src/main/java/org/apache/tajo/catalog/function/Function.java","37","1"
"TAJO","3","0.9.0","tajo/tajo-catalog/tajo-catalog-common/src/main/java/org/apache/tajo/catalog/FunctionDesc.java","108","5"
"TAJO","3","0.9.0","tajo/tajo-catalog/tajo-catalog-common/src/main/java/org/apache/tajo/catalog/IndexDesc.java","103","1"
"TAJO","3","0.9.0","tajo/tajo-catalog/tajo-catalog-common/src/main/java/org/apache/tajo/catalog/json/CatalogGsonHelper.java","51","6"
"TAJO","3","0.9.0","tajo/tajo-catalog/tajo-catalog-common/src/main/java/org/apache/tajo/catalog/json/FunctionAdapter.java","31","0"
"TAJO","3","0.9.0","tajo/tajo-catalog/tajo-catalog-common/src/main/java/org/apache/tajo/catalog/json/TableMetaAdapter.java","29","1"
"TAJO","3","0.9.0","tajo/tajo-catalog/tajo-catalog-common/src/main/java/org/apache/tajo/catalog/Options.java","106","7"
"TAJO","3","0.9.0","tajo/tajo-catalog/tajo-catalog-common/src/main/java/org/apache/tajo/catalog/Schema.java","196","6"
"TAJO","3","0.9.0","tajo/tajo-catalog/tajo-catalog-common/src/main/java/org/apache/tajo/catalog/SchemaObject.java","4","1"
"TAJO","3","0.9.0","tajo/tajo-catalog/tajo-catalog-common/src/main/java/org/apache/tajo/catalog/SortSpec.java","73","3"
"TAJO","3","0.9.0","tajo/tajo-catalog/tajo-catalog-common/src/main/java/org/apache/tajo/catalog/statistics/ColumnStats.java","126","1"
"TAJO","3","0.9.0","tajo/tajo-catalog/tajo-catalog-common/src/main/java/org/apache/tajo/catalog/statistics/Stat.java","65","1"
"TAJO","3","0.9.0","tajo/tajo-catalog/tajo-catalog-common/src/main/java/org/apache/tajo/catalog/statistics/StatisticsUtil.java","93","6"
"TAJO","3","0.9.0","tajo/tajo-catalog/tajo-catalog-common/src/main/java/org/apache/tajo/catalog/statistics/StatSet.java","96","5"
"TAJO","3","0.9.0","tajo/tajo-catalog/tajo-catalog-common/src/main/java/org/apache/tajo/catalog/statistics/TableStats.java","156","1"
"TAJO","3","0.9.0","tajo/tajo-catalog/tajo-catalog-common/src/main/java/org/apache/tajo/catalog/statistics/TupleUtil.java","42","2"
"TAJO","3","0.9.0","tajo/tajo-catalog/tajo-catalog-common/src/main/java/org/apache/tajo/catalog/TableDesc.java","115","2"
"TAJO","3","0.9.0","tajo/tajo-catalog/tajo-catalog-common/src/main/java/org/apache/tajo/catalog/TableMeta.java","148","2"
"TAJO","3","0.9.0","tajo/tajo-catalog/tajo-catalog-common/src/main/java/org/apache/tajo/catalog/TableUtil.java","26","1"
"TAJO","3","0.9.0","tajo/tajo-catalog/tajo-catalog-server/src/main/java/org/apache/tajo/catalog/CatalogServer.java","500","24"
"TAJO","3","0.9.0","tajo/tajo-catalog/tajo-catalog-server/src/main/java/org/apache/tajo/catalog/LocalCatalogWrapper.java","27","0"
"TAJO","3","0.9.0","tajo/tajo-catalog/tajo-catalog-server/src/main/java/org/apache/tajo/catalog/MiniCatalogServer.java","23","0"
"TAJO","3","0.9.0","tajo/tajo-catalog/tajo-catalog-server/src/main/java/org/apache/tajo/catalog/store/AbstractDBStore.java","642","42"
"TAJO","3","0.9.0","tajo/tajo-catalog/tajo-catalog-server/src/main/java/org/apache/tajo/catalog/store/CatalogStore.java","26","0"
"TAJO","3","0.9.0","tajo/tajo-catalog/tajo-catalog-server/src/main/java/org/apache/tajo/catalog/store/DerbyStore.java","753","51"
"TAJO","3","0.9.0","tajo/tajo-catalog/tajo-catalog-server/src/main/java/org/apache/tajo/catalog/store/HCatalogStore.java","285","17"
"TAJO","3","0.9.0","tajo/tajo-catalog/tajo-catalog-server/src/main/java/org/apache/tajo/catalog/store/HCatalogUtil.java","128","21"
"TAJO","3","0.9.0","tajo/tajo-catalog/tajo-catalog-server/src/main/java/org/apache/tajo/catalog/store/MemStore.java","105","6"
"TAJO","3","0.9.0","tajo/tajo-catalog/tajo-catalog-server/src/main/java/org/apache/tajo/catalog/store/MySQLStore.java","132","17"
"TAJO","3","0.9.0","tajo/tajo-common/src/main/java/org/apache/tajo/annotation/NotNull.java","6","0"
"TAJO","3","0.9.0","tajo/tajo-common/src/main/java/org/apache/tajo/annotation/NotThreadSafe.java","7","1"
"TAJO","3","0.9.0","tajo/tajo-common/src/main/java/org/apache/tajo/annotation/Nullable.java","8","0"
"TAJO","3","0.9.0","tajo/tajo-common/src/main/java/org/apache/tajo/annotation/ThreadSafe.java","7","1"
"TAJO","3","0.9.0","tajo/tajo-common/src/main/java/org/apache/tajo/common/exception/InvalidAddressException.java","4","0"
"TAJO","3","0.9.0","tajo/tajo-common/src/main/java/org/apache/tajo/common/exception/NotImplementedException.java","15","1"
"TAJO","3","0.9.0","tajo/tajo-common/src/main/java/org/apache/tajo/common/ProtoObject.java","5","1"
"TAJO","3","0.9.0","tajo/tajo-common/src/main/java/org/apache/tajo/common/Sleeper.java","21","1"
"TAJO","3","0.9.0","tajo/tajo-common/src/main/java/org/apache/tajo/common/type/IPv4.java","126","7"
"TAJO","3","0.9.0","tajo/tajo-common/src/main/java/org/apache/tajo/common/type/TimeRange.java","46","1"
"TAJO","3","0.9.0","tajo/tajo-common/src/main/java/org/apache/tajo/conf/TajoConf.java","312","23"
"TAJO","3","0.9.0","tajo/tajo-common/src/main/java/org/apache/tajo/datum/BitDatum.java","97","1"
"TAJO","3","0.9.0","tajo/tajo-common/src/main/java/org/apache/tajo/datum/BlobDatum.java","115","1"
"TAJO","3","0.9.0","tajo/tajo-common/src/main/java/org/apache/tajo/datum/BooleanDatum.java","108","0"
"TAJO","3","0.9.0","tajo/tajo-common/src/main/java/org/apache/tajo/datum/CharDatum.java","113","1"
"TAJO","3","0.9.0","tajo/tajo-common/src/main/java/org/apache/tajo/datum/Datum.java","113","1"
"TAJO","3","0.9.0","tajo/tajo-common/src/main/java/org/apache/tajo/datum/DatumFactory.java","142","1"
"TAJO","3","0.9.0","tajo/tajo-common/src/main/java/org/apache/tajo/datum/exception/InvalidCastException.java","9","1"
"TAJO","3","0.9.0","tajo/tajo-common/src/main/java/org/apache/tajo/datum/exception/InvalidOperationException.java","13","2"
"TAJO","3","0.9.0","tajo/tajo-common/src/main/java/org/apache/tajo/datum/Float4Datum.java","261","0"
"TAJO","3","0.9.0","tajo/tajo-common/src/main/java/org/apache/tajo/datum/Float8Datum.java","255","1"
"TAJO","3","0.9.0","tajo/tajo-common/src/main/java/org/apache/tajo/datum/Inet4Datum.java","95","2"
"TAJO","3","0.9.0","tajo/tajo-common/src/main/java/org/apache/tajo/datum/Int2Datum.java","256","1"
"TAJO","3","0.9.0","tajo/tajo-common/src/main/java/org/apache/tajo/datum/Int4Datum.java","256","0"
"TAJO","3","0.9.0","tajo/tajo-common/src/main/java/org/apache/tajo/datum/Int8Datum.java","262","0"
"TAJO","3","0.9.0","tajo/tajo-common/src/main/java/org/apache/tajo/datum/NullDatum.java","70","2"
"TAJO","3","0.9.0","tajo/tajo-common/src/main/java/org/apache/tajo/datum/NumericDatum.java","8","0"
"TAJO","3","0.9.0","tajo/tajo-common/src/main/java/org/apache/tajo/datum/protobuf/AbstractCharBasedFormatter.java","38","1"
"TAJO","3","0.9.0","tajo/tajo-common/src/main/java/org/apache/tajo/datum/protobuf/ProtobufFormatter.java","73","4"
"TAJO","3","0.9.0","tajo/tajo-common/src/main/java/org/apache/tajo/datum/protobuf/ProtobufJsonFormat.java","1036","16"
"TAJO","3","0.9.0","tajo/tajo-common/src/main/java/org/apache/tajo/datum/protobuf/TextUtils.java","294","7"
"TAJO","3","0.9.0","tajo/tajo-common/src/main/java/org/apache/tajo/datum/ProtobufDatum.java","52","0"
"TAJO","3","0.9.0","tajo/tajo-common/src/main/java/org/apache/tajo/datum/ProtobufDatumFactory.java","62","6"
"TAJO","3","0.9.0","tajo/tajo-common/src/main/java/org/apache/tajo/datum/TextDatum.java","111","3"
"TAJO","3","0.9.0","tajo/tajo-common/src/main/java/org/apache/tajo/exception/InternalException.java","16","1"
"TAJO","3","0.9.0","tajo/tajo-common/src/main/java/org/apache/tajo/exception/UnimplementedException.java","15","1"
"TAJO","3","0.9.0","tajo/tajo-common/src/main/java/org/apache/tajo/exception/UnsupportedException.java","15","1"
"TAJO","3","0.9.0","tajo/tajo-common/src/main/java/org/apache/tajo/ExecutionBlockId.java","58","1"
"TAJO","3","0.9.0","tajo/tajo-common/src/main/java/org/apache/tajo/json/ClassNameDeserializer.java","18","0"
"TAJO","3","0.9.0","tajo/tajo-common/src/main/java/org/apache/tajo/json/ClassNameSerializer.java","20","0"
"TAJO","3","0.9.0","tajo/tajo-common/src/main/java/org/apache/tajo/json/CommonGsonHelper.java","41","5"
"TAJO","3","0.9.0","tajo/tajo-common/src/main/java/org/apache/tajo/json/DataTypeAdapter.java","36","0"
"TAJO","3","0.9.0","tajo/tajo-common/src/main/java/org/apache/tajo/json/DatumAdapter.java","24","0"
"TAJO","3","0.9.0","tajo/tajo-common/src/main/java/org/apache/tajo/json/GsonHelper.java","25","2"
"TAJO","3","0.9.0","tajo/tajo-common/src/main/java/org/apache/tajo/json/GsonObject.java","4","0"
"TAJO","3","0.9.0","tajo/tajo-common/src/main/java/org/apache/tajo/json/GsonSerDerAdapter.java","5","0"
"TAJO","3","0.9.0","tajo/tajo-common/src/main/java/org/apache/tajo/json/PathDeserializer.java","14","0"
"TAJO","3","0.9.0","tajo/tajo-common/src/main/java/org/apache/tajo/json/PathSerializer.java","16","0"
"TAJO","3","0.9.0","tajo/tajo-common/src/main/java/org/apache/tajo/QueryId.java","59","1"
"TAJO","3","0.9.0","tajo/tajo-common/src/main/java/org/apache/tajo/QueryIdFactory.java","62","2"
"TAJO","3","0.9.0","tajo/tajo-common/src/main/java/org/apache/tajo/QueryUnitAttemptId.java","61","1"
"TAJO","3","0.9.0","tajo/tajo-common/src/main/java/org/apache/tajo/QueryUnitId.java","58","1"
"TAJO","3","0.9.0","tajo/tajo-common/src/main/java/org/apache/tajo/storage/Tuple.java","32","28"
"TAJO","3","0.9.0","tajo/tajo-common/src/main/java/org/apache/tajo/TajoConstants.java","10","1"
"TAJO","3","0.9.0","tajo/tajo-common/src/main/java/org/apache/tajo/unit/StorageUnit.java","9","0"
"TAJO","3","0.9.0","tajo/tajo-common/src/main/java/org/apache/tajo/unit/TimeUnit.java","8","1"
"TAJO","3","0.9.0","tajo/tajo-common/src/main/java/org/apache/tajo/util/BitArray.java","68","5"
"TAJO","3","0.9.0","tajo/tajo-common/src/main/java/org/apache/tajo/util/Bytes.java","957","49"
"TAJO","3","0.9.0","tajo/tajo-common/src/main/java/org/apache/tajo/util/CommonTestingUtil.java","26","3"
"TAJO","3","0.9.0","tajo/tajo-common/src/main/java/org/apache/tajo/util/FileUtil.java","64","4"
"TAJO","3","0.9.0","tajo/tajo-common/src/main/java/org/apache/tajo/util/JarUtil.java","29","3"
"TAJO","3","0.9.0","tajo/tajo-common/src/main/java/org/apache/tajo/util/NetUtils.java","51","4"
"TAJO","3","0.9.0","tajo/tajo-common/src/main/java/org/apache/tajo/util/NumberUtil.java","43","1"
"TAJO","3","0.9.0","tajo/tajo-common/src/main/java/org/apache/tajo/util/ReflectionUtil.java","13","4"
"TAJO","3","0.9.0","tajo/tajo-common/src/main/java/org/apache/tajo/util/StringUtils.java","28","2"
"TAJO","3","0.9.0","tajo/tajo-common/src/main/java/org/apache/tajo/util/TajoIdUtils.java","15","1"
"TAJO","3","0.9.0","tajo/tajo-common/src/main/java/org/apache/tajo/util/TUtil.java","129","11"
"TAJO","3","0.9.0","tajo/tajo-core/tajo-core-backend/src/main/java/org/apache/tajo/benchmark/BenchmarkSet.java","83","6"
"TAJO","3","0.9.0","tajo/tajo-core/tajo-core-backend/src/main/java/org/apache/tajo/benchmark/Driver.java","22","1"
"TAJO","3","0.9.0","tajo/tajo-core/tajo-core-backend/src/main/java/org/apache/tajo/benchmark/SimpleQuery.java","8","1"
"TAJO","3","0.9.0","tajo/tajo-core/tajo-core-backend/src/main/java/org/apache/tajo/benchmark/TPCH.java","139","3"
"TAJO","3","0.9.0","tajo/tajo-core/tajo-core-backend/src/main/java/org/apache/tajo/cli/TajoCli.java","574","14"
"TAJO","3","0.9.0","tajo/tajo-core/tajo-core-backend/src/main/java/org/apache/tajo/client/QueryStatus.java","60","0"
"TAJO","3","0.9.0","tajo/tajo-core/tajo-core-backend/src/main/java/org/apache/tajo/client/ResultSetUtil.java","26","3"
"TAJO","3","0.9.0","tajo/tajo-core/tajo-core-backend/src/main/java/org/apache/tajo/client/SQLStates.java","11","0"
"TAJO","3","0.9.0","tajo/tajo-core/tajo-core-backend/src/main/java/org/apache/tajo/client/TajoClient.java","352","7"
"TAJO","3","0.9.0","tajo/tajo-core/tajo-core-backend/src/main/java/org/apache/tajo/client/TajoDump.java","91","2"
"TAJO","3","0.9.0","tajo/tajo-core/tajo-core-backend/src/main/java/org/apache/tajo/engine/eval/AggregationFunctionCallEval.java","71","1"
"TAJO","3","0.9.0","tajo/tajo-core/tajo-core-backend/src/main/java/org/apache/tajo/engine/eval/AlgebraicException.java","15","1"
"TAJO","3","0.9.0","tajo/tajo-core/tajo-core-backend/src/main/java/org/apache/tajo/engine/eval/AlgebraicUtil.java","176","6"
"TAJO","3","0.9.0","tajo/tajo-core/tajo-core-backend/src/main/java/org/apache/tajo/engine/eval/BasicEvalNodeVisitor.java","229","2"
"TAJO","3","0.9.0","tajo/tajo-core/tajo-core-backend/src/main/java/org/apache/tajo/engine/eval/BetweenPredicateEval.java","190","4"
"TAJO","3","0.9.0","tajo/tajo-core/tajo-core-backend/src/main/java/org/apache/tajo/engine/eval/BinaryEval.java","174","10"
"TAJO","3","0.9.0","tajo/tajo-core/tajo-core-backend/src/main/java/org/apache/tajo/engine/eval/CaseWhenEval.java","201","3"
"TAJO","3","0.9.0","tajo/tajo-core/tajo-core-backend/src/main/java/org/apache/tajo/engine/eval/CastEval.java","87","3"
"TAJO","3","0.9.0","tajo/tajo-core/tajo-core-backend/src/main/java/org/apache/tajo/engine/eval/ConstEval.java","67","1"
"TAJO","3","0.9.0","tajo/tajo-core/tajo-core-backend/src/main/java/org/apache/tajo/engine/eval/EvalContext.java","3","0"
"TAJO","3","0.9.0","tajo/tajo-core/tajo-core-backend/src/main/java/org/apache/tajo/engine/eval/EvalNode.java","78","3"
"TAJO","3","0.9.0","tajo/tajo-core/tajo-core-backend/src/main/java/org/apache/tajo/engine/eval/EvalNodeVisitor.java","5","1"
"TAJO","3","0.9.0","tajo/tajo-core/tajo-core-backend/src/main/java/org/apache/tajo/engine/eval/EvalNodeVisitor2.java","31","2"
"TAJO","3","0.9.0","tajo/tajo-core/tajo-core-backend/src/main/java/org/apache/tajo/engine/eval/EvalTreeFactory.java","11","1"
"TAJO","3","0.9.0","tajo/tajo-core/tajo-core-backend/src/main/java/org/apache/tajo/engine/eval/EvalTreeUtil.java","256","9"
"TAJO","3","0.9.0","tajo/tajo-core/tajo-core-backend/src/main/java/org/apache/tajo/engine/eval/EvalType.java","47","0"
"TAJO","3","0.9.0","tajo/tajo-core/tajo-core-backend/src/main/java/org/apache/tajo/engine/eval/FieldEval.java","98","2"
"TAJO","3","0.9.0","tajo/tajo-core/tajo-core-backend/src/main/java/org/apache/tajo/engine/eval/FunctionEval.java","121","6"
"TAJO","3","0.9.0","tajo/tajo-core/tajo-core-backend/src/main/java/org/apache/tajo/engine/eval/GeneralFunctionEval.java","60","2"
"TAJO","3","0.9.0","tajo/tajo-core/tajo-core-backend/src/main/java/org/apache/tajo/engine/eval/InEval.java","76","1"
"TAJO","3","0.9.0","tajo/tajo-core/tajo-core-backend/src/main/java/org/apache/tajo/engine/eval/InvalidCastException.java","9","1"
"TAJO","3","0.9.0","tajo/tajo-core/tajo-core-backend/src/main/java/org/apache/tajo/engine/eval/InvalidEvalException.java","9","1"
"TAJO","3","0.9.0","tajo/tajo-core/tajo-core-backend/src/main/java/org/apache/tajo/engine/eval/IsNullEval.java","70","5"
"TAJO","3","0.9.0","tajo/tajo-core/tajo-core-backend/src/main/java/org/apache/tajo/engine/eval/LikePredicateEval.java","25","0"
"TAJO","3","0.9.0","tajo/tajo-core/tajo-core-backend/src/main/java/org/apache/tajo/engine/eval/NotEval.java","74","3"
"TAJO","3","0.9.0","tajo/tajo-core/tajo-core-backend/src/main/java/org/apache/tajo/engine/eval/PartialBinaryExpr.java","53","1"
"TAJO","3","0.9.0","tajo/tajo-core/tajo-core-backend/src/main/java/org/apache/tajo/engine/eval/PatternMatchPredicateEval.java","58","0"
"TAJO","3","0.9.0","tajo/tajo-core/tajo-core-backend/src/main/java/org/apache/tajo/engine/eval/RegexPredicateEval.java","30","0"
"TAJO","3","0.9.0","tajo/tajo-core/tajo-core-backend/src/main/java/org/apache/tajo/engine/eval/RowConstantEval.java","49","2"
"TAJO","3","0.9.0","tajo/tajo-core/tajo-core-backend/src/main/java/org/apache/tajo/engine/eval/SimilarToPredicateEval.java","19","0"
"TAJO","3","0.9.0","tajo/tajo-core/tajo-core-backend/src/main/java/org/apache/tajo/engine/exception/AmbiguousFieldException.java","7","0"
"TAJO","3","0.9.0","tajo/tajo-core/tajo-core-backend/src/main/java/org/apache/tajo/engine/exception/IllegalQueryStatusException.java","14","1"
"TAJO","3","0.9.0","tajo/tajo-core/tajo-core-backend/src/main/java/org/apache/tajo/engine/exception/InvalidQueryException.java","13","0"
"TAJO","3","0.9.0","tajo/tajo-core/tajo-core-backend/src/main/java/org/apache/tajo/engine/exception/NoSuchColumnException.java","6","0"
"TAJO","3","0.9.0","tajo/tajo-core/tajo-core-backend/src/main/java/org/apache/tajo/engine/exception/RangeOverflowException.java","8","0"
"TAJO","3","0.9.0","tajo/tajo-core/tajo-core-backend/src/main/java/org/apache/tajo/engine/exception/UndefinedFunctionException.java","7","0"
"TAJO","3","0.9.0","tajo/tajo-core/tajo-core-backend/src/main/java/org/apache/tajo/engine/exception/VerifyException.java","7","0"
"TAJO","3","0.9.0","tajo/tajo-core/tajo-core-backend/src/main/java/org/apache/tajo/engine/function/AggFunction.java","24","0"
"TAJO","3","0.9.0","tajo/tajo-core/tajo-core-backend/src/main/java/org/apache/tajo/engine/function/builtin/AvgDouble.java","59","2"
"TAJO","3","0.9.0","tajo/tajo-core/tajo-core-backend/src/main/java/org/apache/tajo/engine/function/builtin/AvgFloat.java","13","2"
"TAJO","3","0.9.0","tajo/tajo-core/tajo-core-backend/src/main/java/org/apache/tajo/engine/function/builtin/AvgInt.java","14","1"
"TAJO","3","0.9.0","tajo/tajo-core/tajo-core-backend/src/main/java/org/apache/tajo/engine/function/builtin/AvgLong.java","58","1"
"TAJO","3","0.9.0","tajo/tajo-core/tajo-core-backend/src/main/java/org/apache/tajo/engine/function/builtin/CountRows.java","46","0"
"TAJO","3","0.9.0","tajo/tajo-core/tajo-core-backend/src/main/java/org/apache/tajo/engine/function/builtin/CountValue.java","19","0"
"TAJO","3","0.9.0","tajo/tajo-core/tajo-core-backend/src/main/java/org/apache/tajo/engine/function/builtin/CountValueDistinct.java","44","3"
"TAJO","3","0.9.0","tajo/tajo-core/tajo-core-backend/src/main/java/org/apache/tajo/engine/function/builtin/Date.java","28","2"
"TAJO","3","0.9.0","tajo/tajo-core/tajo-core-backend/src/main/java/org/apache/tajo/engine/function/builtin/MaxDouble.java","42","1"
"TAJO","3","0.9.0","tajo/tajo-core/tajo-core-backend/src/main/java/org/apache/tajo/engine/function/builtin/MaxFloat.java","41","1"
"TAJO","3","0.9.0","tajo/tajo-core/tajo-core-backend/src/main/java/org/apache/tajo/engine/function/builtin/MaxInt.java","41","1"
"TAJO","3","0.9.0","tajo/tajo-core/tajo-core-backend/src/main/java/org/apache/tajo/engine/function/builtin/MaxLong.java","42","1"
"TAJO","3","0.9.0","tajo/tajo-core/tajo-core-backend/src/main/java/org/apache/tajo/engine/function/builtin/MinDouble.java","41","1"
"TAJO","3","0.9.0","tajo/tajo-core/tajo-core-backend/src/main/java/org/apache/tajo/engine/function/builtin/MinFloat.java","42","1"
"TAJO","3","0.9.0","tajo/tajo-core/tajo-core-backend/src/main/java/org/apache/tajo/engine/function/builtin/MinInt.java","41","1"
"TAJO","3","0.9.0","tajo/tajo-core/tajo-core-backend/src/main/java/org/apache/tajo/engine/function/builtin/MinLong.java","42","1"
"TAJO","3","0.9.0","tajo/tajo-core/tajo-core-backend/src/main/java/org/apache/tajo/engine/function/builtin/MinString.java","46","1"
"TAJO","3","0.9.0","tajo/tajo-core/tajo-core-backend/src/main/java/org/apache/tajo/engine/function/builtin/RandomInt.java","21","1"
"TAJO","3","0.9.0","tajo/tajo-core/tajo-core-backend/src/main/java/org/apache/tajo/engine/function/builtin/SumDouble.java","41","1"
"TAJO","3","0.9.0","tajo/tajo-core/tajo-core-backend/src/main/java/org/apache/tajo/engine/function/builtin/SumFloat.java","40","1"
"TAJO","3","0.9.0","tajo/tajo-core/tajo-core-backend/src/main/java/org/apache/tajo/engine/function/builtin/SumInt.java","41","1"
"TAJO","3","0.9.0","tajo/tajo-core/tajo-core-backend/src/main/java/org/apache/tajo/engine/function/builtin/SumLong.java","41","1"
"TAJO","3","0.9.0","tajo/tajo-core/tajo-core-backend/src/main/java/org/apache/tajo/engine/function/builtin/Today.java","15","0"
"TAJO","3","0.9.0","tajo/tajo-core/tajo-core-backend/src/main/java/org/apache/tajo/engine/function/Country.java","15","1"
"TAJO","3","0.9.0","tajo/tajo-core/tajo-core-backend/src/main/java/org/apache/tajo/engine/function/FunctionContext.java","3","0"
"TAJO","3","0.9.0","tajo/tajo-core/tajo-core-backend/src/main/java/org/apache/tajo/engine/function/GeneralFunction.java","23","1"
"TAJO","3","0.9.0","tajo/tajo-core/tajo-core-backend/src/main/java/org/apache/tajo/engine/function/InCountry.java","19","0"
"TAJO","3","0.9.0","tajo/tajo-core/tajo-core-backend/src/main/java/org/apache/tajo/engine/function/string/BTrim.java","34","1"
"TAJO","3","0.9.0","tajo/tajo-core/tajo-core-backend/src/main/java/org/apache/tajo/engine/function/string/CharLength.java","21","1"
"TAJO","3","0.9.0","tajo/tajo-core/tajo-core-backend/src/main/java/org/apache/tajo/engine/function/string/Lower.java","21","1"
"TAJO","3","0.9.0","tajo/tajo-core/tajo-core-backend/src/main/java/org/apache/tajo/engine/function/string/LTrim.java","35","1"
"TAJO","3","0.9.0","tajo/tajo-core/tajo-core-backend/src/main/java/org/apache/tajo/engine/function/string/RegexpReplace.java","63","3"
"TAJO","3","0.9.0","tajo/tajo-core/tajo-core-backend/src/main/java/org/apache/tajo/engine/function/string/RTrim.java","34","1"
"TAJO","3","0.9.0","tajo/tajo-core/tajo-core-backend/src/main/java/org/apache/tajo/engine/function/string/SplitPart.java","30","1"
"TAJO","3","0.9.0","tajo/tajo-core/tajo-core-backend/src/main/java/org/apache/tajo/engine/function/string/Upper.java","21","1"
"TAJO","3","0.9.0","tajo/tajo-core/tajo-core-backend/src/main/java/org/apache/tajo/engine/json/CoreGsonHelper.java","61","6"
"TAJO","3","0.9.0","tajo/tajo-core/tajo-core-backend/src/main/java/org/apache/tajo/engine/json/EvalNodeAdapter.java","25","1"
"TAJO","3","0.9.0","tajo/tajo-core/tajo-core-backend/src/main/java/org/apache/tajo/engine/json/LogicalNodeAdapter.java","24","0"
"TAJO","3","0.9.0","tajo/tajo-core/tajo-core-backend/src/main/java/org/apache/tajo/engine/parser/HiveConverter.java","1250","107"
"TAJO","3","0.9.0","tajo/tajo-core/tajo-core-backend/src/main/java/org/apache/tajo/engine/parser/SQLAnalyzer.java","990","23"
"TAJO","3","0.9.0","tajo/tajo-core/tajo-core-backend/src/main/java/org/apache/tajo/engine/parser/SQLErrorListener.java","17","1"
"TAJO","3","0.9.0","tajo/tajo-core/tajo-core-backend/src/main/java/org/apache/tajo/engine/parser/SQLErrorStrategy.java","41","0"
"TAJO","3","0.9.0","tajo/tajo-core/tajo-core-backend/src/main/java/org/apache/tajo/engine/parser/SQLParseError.java","77","1"
"TAJO","3","0.9.0","tajo/tajo-core/tajo-core-backend/src/main/java/org/apache/tajo/engine/parser/SQLSyntaxError.java","26","0"
"TAJO","3","0.9.0","tajo/tajo-core/tajo-core-backend/src/main/java/org/apache/tajo/engine/planner/AlgebraVisitor.java","20","3"
"TAJO","3","0.9.0","tajo/tajo-core/tajo-core-backend/src/main/java/org/apache/tajo/engine/planner/BaseAlgebraVisitor.java","183","4"
"TAJO","3","0.9.0","tajo/tajo-core/tajo-core-backend/src/main/java/org/apache/tajo/engine/planner/BasicLogicalPlanVisitor.java","198","7"
"TAJO","3","0.9.0","tajo/tajo-core/tajo-core-backend/src/main/java/org/apache/tajo/engine/planner/enforce/Enforcer.java","138","5"
"TAJO","3","0.9.0","tajo/tajo-core/tajo-core-backend/src/main/java/org/apache/tajo/engine/planner/ExplainLogicalPlanVisitor.java","155","1"
"TAJO","3","0.9.0","tajo/tajo-core/tajo-core-backend/src/main/java/org/apache/tajo/engine/planner/ExprsVerifier.java","121","4"
"TAJO","3","0.9.0","tajo/tajo-core/tajo-core-backend/src/main/java/org/apache/tajo/engine/planner/global/DataChannel.java","150","2"
"TAJO","3","0.9.0","tajo/tajo-core/tajo-core-backend/src/main/java/org/apache/tajo/engine/planner/global/ExecutionBlock.java","110","4"
"TAJO","3","0.9.0","tajo/tajo-core/tajo-core-backend/src/main/java/org/apache/tajo/engine/planner/global/ExecutionBlockCursor.java","42","0"
"TAJO","3","0.9.0","tajo/tajo-core/tajo-core-backend/src/main/java/org/apache/tajo/engine/planner/global/GlobalPlanner.java","465","12"
"TAJO","3","0.9.0","tajo/tajo-core/tajo-core-backend/src/main/java/org/apache/tajo/engine/planner/global/MasterPlan.java","183","2"
"TAJO","3","0.9.0","tajo/tajo-core/tajo-core-backend/src/main/java/org/apache/tajo/engine/planner/graph/DirectedGraph.java","16","0"
"TAJO","3","0.9.0","tajo/tajo-core/tajo-core-backend/src/main/java/org/apache/tajo/engine/planner/graph/DirectedGraphCursor.java","37","0"
"TAJO","3","0.9.0","tajo/tajo-core/tajo-core-backend/src/main/java/org/apache/tajo/engine/planner/graph/DirectedGraphVisitor.java","5","0"
"TAJO","3","0.9.0","tajo/tajo-core/tajo-core-backend/src/main/java/org/apache/tajo/engine/planner/graph/Graph.java","12","1"
"TAJO","3","0.9.0","tajo/tajo-core/tajo-core-backend/src/main/java/org/apache/tajo/engine/planner/graph/SimpleDirectedGraph.java","179","2"
"TAJO","3","0.9.0","tajo/tajo-core/tajo-core-backend/src/main/java/org/apache/tajo/engine/planner/graph/SimpleUndirectedGraph.java","57","1"
"TAJO","3","0.9.0","tajo/tajo-core/tajo-core-backend/src/main/java/org/apache/tajo/engine/planner/graph/UndirectedGraph.java","7","1"
"TAJO","3","0.9.0","tajo/tajo-core/tajo-core-backend/src/main/java/org/apache/tajo/engine/planner/GroupElement.java","38","1"
"TAJO","3","0.9.0","tajo/tajo-core/tajo-core-backend/src/main/java/org/apache/tajo/engine/planner/InsertNode.java","147","2"
"TAJO","3","0.9.0","tajo/tajo-core/tajo-core-backend/src/main/java/org/apache/tajo/engine/planner/logical/BinaryNode.java","47","1"
"TAJO","3","0.9.0","tajo/tajo-core/tajo-core-backend/src/main/java/org/apache/tajo/engine/planner/logical/CreateTableNode.java","120","3"
"TAJO","3","0.9.0","tajo/tajo-core/tajo-core-backend/src/main/java/org/apache/tajo/engine/planner/logical/DropTableNode.java","42","3"
"TAJO","3","0.9.0","tajo/tajo-core/tajo-core-backend/src/main/java/org/apache/tajo/engine/planner/logical/EvalExprNode.java","62","1"
"TAJO","3","0.9.0","tajo/tajo-core/tajo-core-backend/src/main/java/org/apache/tajo/engine/planner/logical/ExceptNode.java","20","0"
"TAJO","3","0.9.0","tajo/tajo-core/tajo-core-backend/src/main/java/org/apache/tajo/engine/planner/logical/GroupbyNode.java","148","3"
"TAJO","3","0.9.0","tajo/tajo-core/tajo-core-backend/src/main/java/org/apache/tajo/engine/planner/logical/IndexScanNode.java","90","4"
"TAJO","3","0.9.0","tajo/tajo-core/tajo-core-backend/src/main/java/org/apache/tajo/engine/planner/logical/IntersectNode.java","20","0"
"TAJO","3","0.9.0","tajo/tajo-core/tajo-core-backend/src/main/java/org/apache/tajo/engine/planner/logical/join/Edge.java","25","0"
"TAJO","3","0.9.0","tajo/tajo-core/tajo-core-backend/src/main/java/org/apache/tajo/engine/planner/logical/join/FoundJoinOrder.java","24","0"
"TAJO","3","0.9.0","tajo/tajo-core/tajo-core-backend/src/main/java/org/apache/tajo/engine/planner/logical/join/GreedyHeuristicJoinOrderAlgorithm.java","211","1"
"TAJO","3","0.9.0","tajo/tajo-core/tajo-core-backend/src/main/java/org/apache/tajo/engine/planner/logical/join/JoinEdge.java","43","0"
"TAJO","3","0.9.0","tajo/tajo-core/tajo-core-backend/src/main/java/org/apache/tajo/engine/planner/logical/join/JoinGraph.java","39","2"
"TAJO","3","0.9.0","tajo/tajo-core/tajo-core-backend/src/main/java/org/apache/tajo/engine/planner/logical/join/JoinOrderAlgorithm.java","10","0"
"TAJO","3","0.9.0","tajo/tajo-core/tajo-core-backend/src/main/java/org/apache/tajo/engine/planner/logical/JoinNode.java","113","3"
"TAJO","3","0.9.0","tajo/tajo-core/tajo-core-backend/src/main/java/org/apache/tajo/engine/planner/logical/LimitNode.java","40","2"
"TAJO","3","0.9.0","tajo/tajo-core/tajo-core-backend/src/main/java/org/apache/tajo/engine/planner/logical/LogicalNode.java","77","2"
"TAJO","3","0.9.0","tajo/tajo-core/tajo-core-backend/src/main/java/org/apache/tajo/engine/planner/logical/LogicalNodeVisitor.java","4","0"
"TAJO","3","0.9.0","tajo/tajo-core/tajo-core-backend/src/main/java/org/apache/tajo/engine/planner/logical/LogicalRootNode.java","18","1"
"TAJO","3","0.9.0","tajo/tajo-core/tajo-core-backend/src/main/java/org/apache/tajo/engine/planner/logical/NodeType.java","29","0"
"TAJO","3","0.9.0","tajo/tajo-core/tajo-core-backend/src/main/java/org/apache/tajo/engine/planner/logical/Projectable.java","7","0"
"TAJO","3","0.9.0","tajo/tajo-core/tajo-core-backend/src/main/java/org/apache/tajo/engine/planner/logical/ProjectionNode.java","87","4"
"TAJO","3","0.9.0","tajo/tajo-core/tajo-core-backend/src/main/java/org/apache/tajo/engine/planner/logical/RelationNode.java","11","1"
"TAJO","3","0.9.0","tajo/tajo-core/tajo-core-backend/src/main/java/org/apache/tajo/engine/planner/logical/ScanNode.java","153","2"
"TAJO","3","0.9.0","tajo/tajo-core/tajo-core-backend/src/main/java/org/apache/tajo/engine/planner/logical/SelectionNode.java","47","2"
"TAJO","3","0.9.0","tajo/tajo-core/tajo-core-backend/src/main/java/org/apache/tajo/engine/planner/logical/SortNode.java","70","2"
"TAJO","3","0.9.0","tajo/tajo-core/tajo-core-backend/src/main/java/org/apache/tajo/engine/planner/logical/StoreIndexNode.java","6","0"
"TAJO","3","0.9.0","tajo/tajo-core/tajo-core-backend/src/main/java/org/apache/tajo/engine/planner/logical/StoreTableNode.java","133","6"
"TAJO","3","0.9.0","tajo/tajo-core/tajo-core-backend/src/main/java/org/apache/tajo/engine/planner/logical/TableSubQueryNode.java","87","2"
"TAJO","3","0.9.0","tajo/tajo-core/tajo-core-backend/src/main/java/org/apache/tajo/engine/planner/logical/UnaryNode.java","36","1"
"TAJO","3","0.9.0","tajo/tajo-core/tajo-core-backend/src/main/java/org/apache/tajo/engine/planner/logical/UnionNode.java","20","0"
"TAJO","3","0.9.0","tajo/tajo-core/tajo-core-backend/src/main/java/org/apache/tajo/engine/planner/LogicalOptimizer.java","167","7"
"TAJO","3","0.9.0","tajo/tajo-core/tajo-core-backend/src/main/java/org/apache/tajo/engine/planner/LogicalPlan.java","600","8"
"TAJO","3","0.9.0","tajo/tajo-core/tajo-core-backend/src/main/java/org/apache/tajo/engine/planner/LogicalPlanner.java","886","16"
"TAJO","3","0.9.0","tajo/tajo-core/tajo-core-backend/src/main/java/org/apache/tajo/engine/planner/LogicalPlanVerifier.java","167","2"
"TAJO","3","0.9.0","tajo/tajo-core/tajo-core-backend/src/main/java/org/apache/tajo/engine/planner/LogicalPlanVisitor.java","37","3"
"TAJO","3","0.9.0","tajo/tajo-core/tajo-core-backend/src/main/java/org/apache/tajo/engine/planner/physical/AggregationExec.java","78","0"
"TAJO","3","0.9.0","tajo/tajo-core/tajo-core-backend/src/main/java/org/apache/tajo/engine/planner/physical/BasicPhysicalExecutorVisitor.java","93","2"
"TAJO","3","0.9.0","tajo/tajo-core/tajo-core-backend/src/main/java/org/apache/tajo/engine/planner/physical/BinaryPhysicalExec.java","36","0"
"TAJO","3","0.9.0","tajo/tajo-core/tajo-core-backend/src/main/java/org/apache/tajo/engine/planner/physical/BNLJoinExec.java","158","3"
"TAJO","3","0.9.0","tajo/tajo-core/tajo-core-backend/src/main/java/org/apache/tajo/engine/planner/physical/BSTIndexScanExec.java","109","3"
"TAJO","3","0.9.0","tajo/tajo-core/tajo-core-backend/src/main/java/org/apache/tajo/engine/planner/physical/EvalExprExec.java","39","3"
"TAJO","3","0.9.0","tajo/tajo-core/tajo-core-backend/src/main/java/org/apache/tajo/engine/planner/physical/ExternalSortExec.java","147","4"
"TAJO","3","0.9.0","tajo/tajo-core/tajo-core-backend/src/main/java/org/apache/tajo/engine/planner/physical/HashAggregateExec.java","88","1"
"TAJO","3","0.9.0","tajo/tajo-core/tajo-core-backend/src/main/java/org/apache/tajo/engine/planner/physical/HashFullOuterJoinExec.java","177","1"
"TAJO","3","0.9.0","tajo/tajo-core/tajo-core-backend/src/main/java/org/apache/tajo/engine/planner/physical/HashJoinExec.java","137","1"
"TAJO","3","0.9.0","tajo/tajo-core/tajo-core-backend/src/main/java/org/apache/tajo/engine/planner/physical/HashLeftAntiJoinExec.java","57","0"
"TAJO","3","0.9.0","tajo/tajo-core/tajo-core-backend/src/main/java/org/apache/tajo/engine/planner/physical/HashLeftOuterJoinExec.java","148","3"
"TAJO","3","0.9.0","tajo/tajo-core/tajo-core-backend/src/main/java/org/apache/tajo/engine/planner/physical/HashLeftSemiJoinExec.java","53","1"
"TAJO","3","0.9.0","tajo/tajo-core/tajo-core-backend/src/main/java/org/apache/tajo/engine/planner/physical/HashPartitioner.java","18","0"
"TAJO","3","0.9.0","tajo/tajo-core/tajo-core-backend/src/main/java/org/apache/tajo/engine/planner/physical/IndexedStoreExec.java","86","8"
"TAJO","3","0.9.0","tajo/tajo-core/tajo-core-backend/src/main/java/org/apache/tajo/engine/planner/physical/JoinTupleComparator.java","54","2"
"TAJO","3","0.9.0","tajo/tajo-core/tajo-core-backend/src/main/java/org/apache/tajo/engine/planner/physical/LimitExec.java","29","0"
"TAJO","3","0.9.0","tajo/tajo-core/tajo-core-backend/src/main/java/org/apache/tajo/engine/planner/physical/MemSortExec.java","51","0"
"TAJO","3","0.9.0","tajo/tajo-core/tajo-core-backend/src/main/java/org/apache/tajo/engine/planner/physical/MergeFullOuterJoinExec.java","213","0"
"TAJO","3","0.9.0","tajo/tajo-core/tajo-core-backend/src/main/java/org/apache/tajo/engine/planner/physical/MergeJoinExec.java","136","1"
"TAJO","3","0.9.0","tajo/tajo-core/tajo-core-backend/src/main/java/org/apache/tajo/engine/planner/physical/NLJoinExec.java","74","1"
"TAJO","3","0.9.0","tajo/tajo-core/tajo-core-backend/src/main/java/org/apache/tajo/engine/planner/physical/NLLeftOuterJoinExec.java","86","1"
"TAJO","3","0.9.0","tajo/tajo-core/tajo-core-backend/src/main/java/org/apache/tajo/engine/planner/physical/PartitionedStoreExec.java","110","6"
"TAJO","3","0.9.0","tajo/tajo-core/tajo-core-backend/src/main/java/org/apache/tajo/engine/planner/physical/Partitioner.java","18","0"
"TAJO","3","0.9.0","tajo/tajo-core/tajo-core-backend/src/main/java/org/apache/tajo/engine/planner/physical/PhysicalExec.java","26","0"
"TAJO","3","0.9.0","tajo/tajo-core/tajo-core-backend/src/main/java/org/apache/tajo/engine/planner/physical/PhysicalExecutorVisitor.java","15","2"
"TAJO","3","0.9.0","tajo/tajo-core/tajo-core-backend/src/main/java/org/apache/tajo/engine/planner/physical/PhysicalPlanningException.java","10","0"
"TAJO","3","0.9.0","tajo/tajo-core/tajo-core-backend/src/main/java/org/apache/tajo/engine/planner/physical/PhysicalPlanUtil.java","18","2"
"TAJO","3","0.9.0","tajo/tajo-core/tajo-core-backend/src/main/java/org/apache/tajo/engine/planner/physical/ProjectionExec.java","35","0"
"TAJO","3","0.9.0","tajo/tajo-core/tajo-core-backend/src/main/java/org/apache/tajo/engine/planner/physical/RightOuterMergeJoinExec.java","207","1"
"TAJO","3","0.9.0","tajo/tajo-core/tajo-core-backend/src/main/java/org/apache/tajo/engine/planner/physical/SelectionExec.java","42","0"
"TAJO","3","0.9.0","tajo/tajo-core/tajo-core-backend/src/main/java/org/apache/tajo/engine/planner/physical/SeqScanExec.java","105","3"
"TAJO","3","0.9.0","tajo/tajo-core/tajo-core-backend/src/main/java/org/apache/tajo/engine/planner/physical/SortAggregateExec.java","64","0"
"TAJO","3","0.9.0","tajo/tajo-core/tajo-core-backend/src/main/java/org/apache/tajo/engine/planner/physical/SortExec.java","26","0"
"TAJO","3","0.9.0","tajo/tajo-core/tajo-core-backend/src/main/java/org/apache/tajo/engine/planner/physical/StoreTableExec.java","60","1"
"TAJO","3","0.9.0","tajo/tajo-core/tajo-core-backend/src/main/java/org/apache/tajo/engine/planner/physical/TunnelExec.java","19","1"
"TAJO","3","0.9.0","tajo/tajo-core/tajo-core-backend/src/main/java/org/apache/tajo/engine/planner/physical/UnaryPhysicalExec.java","30","0"
"TAJO","3","0.9.0","tajo/tajo-core/tajo-core-backend/src/main/java/org/apache/tajo/engine/planner/physical/UnionExec.java","33","1"
"TAJO","3","0.9.0","tajo/tajo-core/tajo-core-backend/src/main/java/org/apache/tajo/engine/planner/PhysicalPlanner.java","10","1"
"TAJO","3","0.9.0","tajo/tajo-core/tajo-core-backend/src/main/java/org/apache/tajo/engine/planner/PhysicalPlannerImpl.java","646","54"
"TAJO","3","0.9.0","tajo/tajo-core/tajo-core-backend/src/main/java/org/apache/tajo/engine/planner/PhysicalPlanningException.java","10","0"
"TAJO","3","0.9.0","tajo/tajo-core/tajo-core-backend/src/main/java/org/apache/tajo/engine/planner/PlannerUtil.java","478","10"
"TAJO","3","0.9.0","tajo/tajo-core/tajo-core-backend/src/main/java/org/apache/tajo/engine/planner/PlanningException.java","9","0"
"TAJO","3","0.9.0","tajo/tajo-core/tajo-core-backend/src/main/java/org/apache/tajo/engine/planner/PlanString.java","64","3"
"TAJO","3","0.9.0","tajo/tajo-core/tajo-core-backend/src/main/java/org/apache/tajo/engine/planner/Projector.java","78","2"
"TAJO","3","0.9.0","tajo/tajo-core/tajo-core-backend/src/main/java/org/apache/tajo/engine/planner/RangePartitionAlgorithm.java","72","3"
"TAJO","3","0.9.0","tajo/tajo-core/tajo-core-backend/src/main/java/org/apache/tajo/engine/planner/rewrite/BasicQueryRewriteEngine.java","28","3"
"TAJO","3","0.9.0","tajo/tajo-core/tajo-core-backend/src/main/java/org/apache/tajo/engine/planner/rewrite/FilterPushDownRule.java","183","2"
"TAJO","3","0.9.0","tajo/tajo-core/tajo-core-backend/src/main/java/org/apache/tajo/engine/planner/rewrite/ProjectionPushDownRule.java","366","4"
"TAJO","3","0.9.0","tajo/tajo-core/tajo-core-backend/src/main/java/org/apache/tajo/engine/planner/rewrite/QueryRewriteEngine.java","6","0"
"TAJO","3","0.9.0","tajo/tajo-core/tajo-core-backend/src/main/java/org/apache/tajo/engine/planner/rewrite/RewriteRule.java","8","0"
"TAJO","3","0.9.0","tajo/tajo-core/tajo-core-backend/src/main/java/org/apache/tajo/engine/planner/Target.java","75","1"
"TAJO","3","0.9.0","tajo/tajo-core/tajo-core-backend/src/main/java/org/apache/tajo/engine/planner/TargetListManager.java","176","6"
"TAJO","3","0.9.0","tajo/tajo-core/tajo-core-backend/src/main/java/org/apache/tajo/engine/planner/UniformRangePartition.java","281","9"
"TAJO","3","0.9.0","tajo/tajo-core/tajo-core-backend/src/main/java/org/apache/tajo/engine/planner/VerificationState.java","15","0"
"TAJO","3","0.9.0","tajo/tajo-core/tajo-core-backend/src/main/java/org/apache/tajo/engine/query/QueryContext.java","108","4"
"TAJO","3","0.9.0","tajo/tajo-core/tajo-core-backend/src/main/java/org/apache/tajo/engine/query/QueryUnitRequest.java","25","14"
"TAJO","3","0.9.0","tajo/tajo-core/tajo-core-backend/src/main/java/org/apache/tajo/engine/query/QueryUnitRequestImpl.java","278","2"
"TAJO","3","0.9.0","tajo/tajo-core/tajo-core-backend/src/main/java/org/apache/tajo/engine/utils/ProtoUtil.java","9","1"
"TAJO","3","0.9.0","tajo/tajo-core/tajo-core-backend/src/main/java/org/apache/tajo/engine/utils/SchemaUtil.java","36","2"
"TAJO","3","0.9.0","tajo/tajo-core/tajo-core-backend/src/main/java/org/apache/tajo/engine/utils/ThreadUtil.java","76","4"
"TAJO","3","0.9.0","tajo/tajo-core/tajo-core-backend/src/main/java/org/apache/tajo/engine/utils/TupleUtil.java","335","9"
"TAJO","3","0.9.0","tajo/tajo-core/tajo-core-backend/src/main/java/org/apache/tajo/jdbc/MetaDataTuple.java","145","3"
"TAJO","3","0.9.0","tajo/tajo-core/tajo-core-backend/src/main/java/org/apache/tajo/jdbc/TajoConnection.java","300","7"
"TAJO","3","0.9.0","tajo/tajo-core/tajo-core-backend/src/main/java/org/apache/tajo/jdbc/TajoDatabaseMetaData.java","965","5"
"TAJO","3","0.9.0","tajo/tajo-core/tajo-core-backend/src/main/java/org/apache/tajo/jdbc/TajoDriver.java","187","3"
"TAJO","3","0.9.0","tajo/tajo-core/tajo-core-backend/src/main/java/org/apache/tajo/jdbc/TajoMetaDataResultSet.java","49","1"
"TAJO","3","0.9.0","tajo/tajo-core/tajo-core-backend/src/main/java/org/apache/tajo/jdbc/TajoPreparedStatement.java","482","2"
"TAJO","3","0.9.0","tajo/tajo-core/tajo-core-backend/src/main/java/org/apache/tajo/jdbc/TajoResultSet.java","115","3"
"TAJO","3","0.9.0","tajo/tajo-core/tajo-core-backend/src/main/java/org/apache/tajo/jdbc/TajoResultSetBase.java","900","5"
"TAJO","3","0.9.0","tajo/tajo-core/tajo-core-backend/src/main/java/org/apache/tajo/jdbc/TajoResultSetMetaData.java","109","0"
"TAJO","3","0.9.0","tajo/tajo-core/tajo-core-backend/src/main/java/org/apache/tajo/jdbc/TajoStatement.java","201","2"
"TAJO","3","0.9.0","tajo/tajo-core/tajo-core-backend/src/main/java/org/apache/tajo/master/cluster/ServerName.java","85","5"
"TAJO","3","0.9.0","tajo/tajo-core/tajo-core-backend/src/main/java/org/apache/tajo/master/ContainerProxy.java","49","3"
"TAJO","3","0.9.0","tajo/tajo-core/tajo-core-backend/src/main/java/org/apache/tajo/master/event/ContainerAllocationEvent.java","48","0"
"TAJO","3","0.9.0","tajo/tajo-core/tajo-core-backend/src/main/java/org/apache/tajo/master/event/ContainerAllocatorEventType.java","6","0"
"TAJO","3","0.9.0","tajo/tajo-core/tajo-core-backend/src/main/java/org/apache/tajo/master/event/ContainerEvent.java","15","1"
"TAJO","3","0.9.0","tajo/tajo-core/tajo-core-backend/src/main/java/org/apache/tajo/master/event/GrouppedContainerAllocatorEvent.java","22","3"
"TAJO","3","0.9.0","tajo/tajo-core/tajo-core-backend/src/main/java/org/apache/tajo/master/event/QueryDiagnosticsUpdateEvent.java","12","0"
"TAJO","3","0.9.0","tajo/tajo-core/tajo-core-backend/src/main/java/org/apache/tajo/master/event/QueryEvent.java","13","0"
"TAJO","3","0.9.0","tajo/tajo-core/tajo-core-backend/src/main/java/org/apache/tajo/master/event/QueryEventType.java","10","0"
"TAJO","3","0.9.0","tajo/tajo-core/tajo-core-backend/src/main/java/org/apache/tajo/master/event/QueryFinishEvent.java","16","0"
"TAJO","3","0.9.0","tajo/tajo-core/tajo-core-backend/src/main/java/org/apache/tajo/master/event/QueryStartEvent.java","36","0"
"TAJO","3","0.9.0","tajo/tajo-core/tajo-core-backend/src/main/java/org/apache/tajo/master/event/QuerySubQueryEvent.java","13","0"
"TAJO","3","0.9.0","tajo/tajo-core/tajo-core-backend/src/main/java/org/apache/tajo/master/event/SubQueryCompletedEvent.java","19","0"
"TAJO","3","0.9.0","tajo/tajo-core/tajo-core-backend/src/main/java/org/apache/tajo/master/event/SubQueryContainerAllocationEvent.java","15","0"
"TAJO","3","0.9.0","tajo/tajo-core/tajo-core-backend/src/main/java/org/apache/tajo/master/event/SubQueryEvent.java","13","0"
"TAJO","3","0.9.0","tajo/tajo-core/tajo-core-backend/src/main/java/org/apache/tajo/master/event/SubQueryEventType.java","10","0"
"TAJO","3","0.9.0","tajo/tajo-core/tajo-core-backend/src/main/java/org/apache/tajo/master/event/SubQuerySucceeEvent.java","10","2"
"TAJO","3","0.9.0","tajo/tajo-core/tajo-core-backend/src/main/java/org/apache/tajo/master/event/SubQueryTaskEvent.java","13","0"
"TAJO","3","0.9.0","tajo/tajo-core/tajo-core-backend/src/main/java/org/apache/tajo/master/event/TaskAttemptAssignedEvent.java","24","0"
"TAJO","3","0.9.0","tajo/tajo-core/tajo-core-backend/src/main/java/org/apache/tajo/master/event/TaskAttemptEvent.java","14","0"
"TAJO","3","0.9.0","tajo/tajo-core/tajo-core-backend/src/main/java/org/apache/tajo/master/event/TaskAttemptEventType.java","16","0"
"TAJO","3","0.9.0","tajo/tajo-core/tajo-core-backend/src/main/java/org/apache/tajo/master/event/TaskAttemptStatusUpdateEvent.java","14","0"
"TAJO","3","0.9.0","tajo/tajo-core/tajo-core-backend/src/main/java/org/apache/tajo/master/event/TaskCompletionEvent.java","13","0"
"TAJO","3","0.9.0","tajo/tajo-core/tajo-core-backend/src/main/java/org/apache/tajo/master/event/TaskEvent.java","13","0"
"TAJO","3","0.9.0","tajo/tajo-core/tajo-core-backend/src/main/java/org/apache/tajo/master/event/TaskEventType.java","10","0"
"TAJO","3","0.9.0","tajo/tajo-core/tajo-core-backend/src/main/java/org/apache/tajo/master/event/TaskFatalErrorEvent.java","14","0"
"TAJO","3","0.9.0","tajo/tajo-core/tajo-core-backend/src/main/java/org/apache/tajo/master/event/TaskRequestEvent.java","32","0"
"TAJO","3","0.9.0","tajo/tajo-core/tajo-core-backend/src/main/java/org/apache/tajo/master/event/TaskScheduleEvent.java","42","0"
"TAJO","3","0.9.0","tajo/tajo-core/tajo-core-backend/src/main/java/org/apache/tajo/master/event/TaskSchedulerEvent.java","18","0"
"TAJO","3","0.9.0","tajo/tajo-core/tajo-core-backend/src/main/java/org/apache/tajo/master/event/TaskTAttemptEvent.java","13","0"
"TAJO","3","0.9.0","tajo/tajo-core/tajo-core-backend/src/main/java/org/apache/tajo/master/GlobalEngine.java","370","17"
"TAJO","3","0.9.0","tajo/tajo-core/tajo-core-backend/src/main/java/org/apache/tajo/master/querymaster/Query.java","366","14"
"TAJO","3","0.9.0","tajo/tajo-core/tajo-core-backend/src/main/java/org/apache/tajo/master/querymaster/QueryInfo.java","86","0"
"TAJO","3","0.9.0","tajo/tajo-core/tajo-core-backend/src/main/java/org/apache/tajo/master/querymaster/QueryInProgress.java","209","13"
"TAJO","3","0.9.0","tajo/tajo-core/tajo-core-backend/src/main/java/org/apache/tajo/master/querymaster/QueryJobEvent.java","19","0"
"TAJO","3","0.9.0","tajo/tajo-core/tajo-core-backend/src/main/java/org/apache/tajo/master/querymaster/QueryJobManager.java","142","8"
"TAJO","3","0.9.0","tajo/tajo-core/tajo-core-backend/src/main/java/org/apache/tajo/master/querymaster/QueryMaster.java","357","21"
"TAJO","3","0.9.0","tajo/tajo-core/tajo-core-backend/src/main/java/org/apache/tajo/master/querymaster/QueryMasterManagerService.java","162","12"
"TAJO","3","0.9.0","tajo/tajo-core/tajo-core-backend/src/main/java/org/apache/tajo/master/querymaster/QueryMasterRunner.java","111","4"
"TAJO","3","0.9.0","tajo/tajo-core/tajo-core-backend/src/main/java/org/apache/tajo/master/querymaster/QueryMasterTask.java","377","26"
"TAJO","3","0.9.0","tajo/tajo-core/tajo-core-backend/src/main/java/org/apache/tajo/master/querymaster/QueryUnit.java","416","17"
"TAJO","3","0.9.0","tajo/tajo-core/tajo-core-backend/src/main/java/org/apache/tajo/master/querymaster/QueryUnitAttempt.java","266","18"
"TAJO","3","0.9.0","tajo/tajo-core/tajo-core-backend/src/main/java/org/apache/tajo/master/querymaster/Repartitioner.java","498","18"
"TAJO","3","0.9.0","tajo/tajo-core/tajo-core-backend/src/main/java/org/apache/tajo/master/querymaster/SubQuery.java","574","37"
"TAJO","3","0.9.0","tajo/tajo-core/tajo-core-backend/src/main/java/org/apache/tajo/master/querymaster/SubQueryState.java","9","0"
"TAJO","3","0.9.0","tajo/tajo-core/tajo-core-backend/src/main/java/org/apache/tajo/master/rm/TajoWorkerContainer.java","75","1"
"TAJO","3","0.9.0","tajo/tajo-core/tajo-core-backend/src/main/java/org/apache/tajo/master/rm/TajoWorkerContainerId.java","23","0"
"TAJO","3","0.9.0","tajo/tajo-core/tajo-core-backend/src/main/java/org/apache/tajo/master/rm/TajoWorkerResourceManager.java","401","20"
"TAJO","3","0.9.0","tajo/tajo-core/tajo-core-backend/src/main/java/org/apache/tajo/master/rm/WorkerResource.java","244","1"
"TAJO","3","0.9.0","tajo/tajo-core/tajo-core-backend/src/main/java/org/apache/tajo/master/rm/WorkerResourceManager.java","25","14"
"TAJO","3","0.9.0","tajo/tajo-core/tajo-core-backend/src/main/java/org/apache/tajo/master/rm/WorkerStatus.java","6","0"
"TAJO","3","0.9.0","tajo/tajo-core/tajo-core-backend/src/main/java/org/apache/tajo/master/rm/YarnRMContainerAllocator.java","190","16"
"TAJO","3","0.9.0","tajo/tajo-core/tajo-core-backend/src/main/java/org/apache/tajo/master/rm/YarnTajoResourceManager.java","249","14"
"TAJO","3","0.9.0","tajo/tajo-core/tajo-core-backend/src/main/java/org/apache/tajo/master/TajoAsyncDispatcher.java","176","10"
"TAJO","3","0.9.0","tajo/tajo-core/tajo-core-backend/src/main/java/org/apache/tajo/master/TajoContainerProxy.java","144","9"
"TAJO","3","0.9.0","tajo/tajo-core/tajo-core-backend/src/main/java/org/apache/tajo/master/TajoMaster.java","482","25"
"TAJO","3","0.9.0","tajo/tajo-core/tajo-core-backend/src/main/java/org/apache/tajo/master/TajoMasterClientService.java","288","10"
"TAJO","3","0.9.0","tajo/tajo-core/tajo-core-backend/src/main/java/org/apache/tajo/master/TajoMasterService.java","121","4"
"TAJO","3","0.9.0","tajo/tajo-core/tajo-core-backend/src/main/java/org/apache/tajo/master/TaskRunnerGroupEvent.java","27","3"
"TAJO","3","0.9.0","tajo/tajo-core/tajo-core-backend/src/main/java/org/apache/tajo/master/TaskRunnerLauncher.java","4","0"
"TAJO","3","0.9.0","tajo/tajo-core/tajo-core-backend/src/main/java/org/apache/tajo/master/TaskScheduler.java","5","0"
"TAJO","3","0.9.0","tajo/tajo-core/tajo-core-backend/src/main/java/org/apache/tajo/master/TaskSchedulerImpl.java","435","24"
"TAJO","3","0.9.0","tajo/tajo-core/tajo-core-backend/src/main/java/org/apache/tajo/master/TaskState.java","4","0"
"TAJO","3","0.9.0","tajo/tajo-core/tajo-core-backend/src/main/java/org/apache/tajo/master/YarnContainerProxy.java","303","16"
"TAJO","3","0.9.0","tajo/tajo-core/tajo-core-backend/src/main/java/org/apache/tajo/master/YarnTaskRunnerLauncherImpl.java","117","8"
"TAJO","3","0.9.0","tajo/tajo-core/tajo-core-backend/src/main/java/org/apache/tajo/net/CachedDNSResolver.java","36","4"
"TAJO","3","0.9.0","tajo/tajo-core/tajo-core-backend/src/main/java/org/apache/tajo/util/ApplicationIdUtils.java","18","1"
"TAJO","3","0.9.0","tajo/tajo-core/tajo-core-backend/src/main/java/org/apache/tajo/util/GeoUtil.java","23","1"
"TAJO","3","0.9.0","tajo/tajo-core/tajo-core-backend/src/main/java/org/apache/tajo/util/IndexUtil.java","111","10"
"TAJO","3","0.9.0","tajo/tajo-core/tajo-core-backend/src/main/java/org/apache/tajo/util/JSPUtil.java","134","3"
"TAJO","3","0.9.0","tajo/tajo-core/tajo-core-backend/src/main/java/org/apache/tajo/webapp/HttpServer.java","302","17"
"TAJO","3","0.9.0","tajo/tajo-core/tajo-core-backend/src/main/java/org/apache/tajo/webapp/QueryExecutorServlet.java","302","14"
"TAJO","3","0.9.0","tajo/tajo-core/tajo-core-backend/src/main/java/org/apache/tajo/webapp/StaticHttpServer.java","45","4"
"TAJO","3","0.9.0","tajo/tajo-core/tajo-core-backend/src/main/java/org/apache/tajo/worker/AbstractResourceAllocator.java","27","2"
"TAJO","3","0.9.0","tajo/tajo-core/tajo-core-backend/src/main/java/org/apache/tajo/worker/dataserver/FileAccessForbiddenException.java","16","1"
"TAJO","3","0.9.0","tajo/tajo-core/tajo-core-backend/src/main/java/org/apache/tajo/worker/dataserver/HttpDataServer.java","55","2"
"TAJO","3","0.9.0","tajo/tajo-core/tajo-core-backend/src/main/java/org/apache/tajo/worker/dataserver/HttpDataServerHandler.java","146","12"
"TAJO","3","0.9.0","tajo/tajo-core/tajo-core-backend/src/main/java/org/apache/tajo/worker/dataserver/HttpDataServerPipelineFactory.java","22","1"
"TAJO","3","0.9.0","tajo/tajo-core/tajo-core-backend/src/main/java/org/apache/tajo/worker/dataserver/HttpUtil.java","35","5"
"TAJO","3","0.9.0","tajo/tajo-core/tajo-core-backend/src/main/java/org/apache/tajo/worker/dataserver/retriever/AdvancedDataRetriever.java","93","6"
"TAJO","3","0.9.0","tajo/tajo-core/tajo-core-backend/src/main/java/org/apache/tajo/worker/dataserver/retriever/DataRetriever.java","8","0"
"TAJO","3","0.9.0","tajo/tajo-core/tajo-core-backend/src/main/java/org/apache/tajo/worker/dataserver/retriever/DirectoryRetriever.java","31","0"
"TAJO","3","0.9.0","tajo/tajo-core/tajo-core-backend/src/main/java/org/apache/tajo/worker/dataserver/retriever/FileChunk.java","26","0"
"TAJO","3","0.9.0","tajo/tajo-core/tajo-core-backend/src/main/java/org/apache/tajo/worker/dataserver/retriever/RetrieverHandler.java","7","2"
"TAJO","3","0.9.0","tajo/tajo-core/tajo-core-backend/src/main/java/org/apache/tajo/worker/Fetcher.java","151","8"
"TAJO","3","0.9.0","tajo/tajo-core/tajo-core-backend/src/main/java/org/apache/tajo/worker/InterDataRetriever.java","76","7"
"TAJO","3","0.9.0","tajo/tajo-core/tajo-core-backend/src/main/java/org/apache/tajo/worker/PartitionRetrieverHandler.java","18","0"
"TAJO","3","0.9.0","tajo/tajo-core/tajo-core-backend/src/main/java/org/apache/tajo/worker/RangeRetrieverHandler.java","111","7"
"TAJO","3","0.9.0","tajo/tajo-core/tajo-core-backend/src/main/java/org/apache/tajo/worker/ResourceAllocator.java","8","3"
"TAJO","3","0.9.0","tajo/tajo-core/tajo-core-backend/src/main/java/org/apache/tajo/worker/TajoQueryEngine.java","24","1"
"TAJO","3","0.9.0","tajo/tajo-core/tajo-core-backend/src/main/java/org/apache/tajo/worker/TajoResourceAllocator.java","277","13"
"TAJO","3","0.9.0","tajo/tajo-core/tajo-core-backend/src/main/java/org/apache/tajo/worker/TajoWorker.java","541","16"
"TAJO","3","0.9.0","tajo/tajo-core/tajo-core-backend/src/main/java/org/apache/tajo/worker/TajoWorkerClientService.java","159","8"
"TAJO","3","0.9.0","tajo/tajo-core/tajo-core-backend/src/main/java/org/apache/tajo/worker/TajoWorkerManagerService.java","102","13"
"TAJO","3","0.9.0","tajo/tajo-core/tajo-core-backend/src/main/java/org/apache/tajo/worker/Task.java","500","32"
"TAJO","3","0.9.0","tajo/tajo-core/tajo-core-backend/src/main/java/org/apache/tajo/worker/TaskAttemptContext.java","178","3"
"TAJO","3","0.9.0","tajo/tajo-core/tajo-core-backend/src/main/java/org/apache/tajo/worker/TaskRunner.java","274","24"
"TAJO","3","0.9.0","tajo/tajo-core/tajo-core-backend/src/main/java/org/apache/tajo/worker/TaskRunnerManager.java","132","6"
"TAJO","3","0.9.0","tajo/tajo-core/tajo-core-backend/src/main/java/org/apache/tajo/worker/YarnResourceAllocator.java","74","5"
"TAJO","3","0.9.0","tajo/tajo-core/tajo-core-pullserver/src/main/java/org/apache/tajo/pullserver/FadvisedChunkedFile.java","53","2"
"TAJO","3","0.9.0","tajo/tajo-core/tajo-core-pullserver/src/main/java/org/apache/tajo/pullserver/FadvisedFileRegion.java","55","2"
"TAJO","3","0.9.0","tajo/tajo-core/tajo-core-pullserver/src/main/java/org/apache/tajo/pullserver/FileAccessForbiddenException.java","16","1"
"TAJO","3","0.9.0","tajo/tajo-core/tajo-core-pullserver/src/main/java/org/apache/tajo/pullserver/HttpDataServerHandler.java","166","14"
"TAJO","3","0.9.0","tajo/tajo-core/tajo-core-pullserver/src/main/java/org/apache/tajo/pullserver/HttpDataServerPipelineFactory.java","25","1"
"TAJO","3","0.9.0","tajo/tajo-core/tajo-core-pullserver/src/main/java/org/apache/tajo/pullserver/HttpUtil.java","35","5"
"TAJO","3","0.9.0","tajo/tajo-core/tajo-core-pullserver/src/main/java/org/apache/tajo/pullserver/PullServerAuxService.java","520","37"
"TAJO","3","0.9.0","tajo/tajo-core/tajo-core-pullserver/src/main/java/org/apache/tajo/pullserver/retriever/AdvancedDataRetriever.java","92","6"
"TAJO","3","0.9.0","tajo/tajo-core/tajo-core-pullserver/src/main/java/org/apache/tajo/pullserver/retriever/DataRetriever.java","8","0"
"TAJO","3","0.9.0","tajo/tajo-core/tajo-core-pullserver/src/main/java/org/apache/tajo/pullserver/retriever/DirectoryRetriever.java","31","0"
"TAJO","3","0.9.0","tajo/tajo-core/tajo-core-pullserver/src/main/java/org/apache/tajo/pullserver/retriever/FileChunk.java","26","0"
"TAJO","3","0.9.0","tajo/tajo-core/tajo-core-pullserver/src/main/java/org/apache/tajo/pullserver/retriever/RetrieverHandler.java","7","2"
"TAJO","3","0.9.0","tajo/tajo-core/tajo-core-pullserver/src/main/java/org/apache/tajo/pullserver/TajoPullServerService.java","511","36"
"TAJO","3","0.9.0","tajo/tajo-core/tajo-core-storage/src/main/java/org/apache/tajo/storage/AbstractStorageManager.java","458","14"
"TAJO","3","0.9.0","tajo/tajo-core/tajo-core-storage/src/main/java/org/apache/tajo/storage/annotation/ForSplitableStore.java","9","0"
"TAJO","3","0.9.0","tajo/tajo-core/tajo-core-storage/src/main/java/org/apache/tajo/storage/Appender.java","12","0"
"TAJO","3","0.9.0","tajo/tajo-core/tajo-core-storage/src/main/java/org/apache/tajo/storage/compress/CodecPool.java","101","6"
"TAJO","3","0.9.0","tajo/tajo-core/tajo-core-storage/src/main/java/org/apache/tajo/storage/CSVFile.java","521","21"
"TAJO","3","0.9.0","tajo/tajo-core/tajo-core-storage/src/main/java/org/apache/tajo/storage/DataLocation.java","22","0"
"TAJO","3","0.9.0","tajo/tajo-core/tajo-core-storage/src/main/java/org/apache/tajo/storage/exception/AlreadyExistsStorageException.java","12","0"
"TAJO","3","0.9.0","tajo/tajo-core/tajo-core-storage/src/main/java/org/apache/tajo/storage/exception/UnknownCodecException.java","9","1"
"TAJO","3","0.9.0","tajo/tajo-core/tajo-core-storage/src/main/java/org/apache/tajo/storage/exception/UnknownDataTypeException.java","9","1"
"TAJO","3","0.9.0","tajo/tajo-core/tajo-core-storage/src/main/java/org/apache/tajo/storage/exception/UnsupportedFileTypeException.java","9","1"
"TAJO","3","0.9.0","tajo/tajo-core/tajo-core-storage/src/main/java/org/apache/tajo/storage/FileAppender.java","33","0"
"TAJO","3","0.9.0","tajo/tajo-core/tajo-core-storage/src/main/java/org/apache/tajo/storage/FileScanner.java","42","0"
"TAJO","3","0.9.0","tajo/tajo-core/tajo-core-storage/src/main/java/org/apache/tajo/storage/fragment/FileFragment.java","157","4"
"TAJO","3","0.9.0","tajo/tajo-core/tajo-core-storage/src/main/java/org/apache/tajo/storage/fragment/Fragment.java","8","3"
"TAJO","3","0.9.0","tajo/tajo-core/tajo-core-storage/src/main/java/org/apache/tajo/storage/fragment/FragmentConvertor.java","82","5"
"TAJO","3","0.9.0","tajo/tajo-core/tajo-core-storage/src/main/java/org/apache/tajo/storage/FrameTuple.java","161","5"
"TAJO","3","0.9.0","tajo/tajo-core/tajo-core-storage/src/main/java/org/apache/tajo/storage/index/bst/BSTIndex.java","462","5"
"TAJO","3","0.9.0","tajo/tajo-core/tajo-core-storage/src/main/java/org/apache/tajo/storage/index/IndexMethod.java","11","2"
"TAJO","3","0.9.0","tajo/tajo-core/tajo-core-storage/src/main/java/org/apache/tajo/storage/index/IndexReader.java","6","1"
"TAJO","3","0.9.0","tajo/tajo-core/tajo-core-storage/src/main/java/org/apache/tajo/storage/index/IndexWriter.java","7","0"
"TAJO","3","0.9.0","tajo/tajo-core/tajo-core-storage/src/main/java/org/apache/tajo/storage/index/OrderIndexReader.java","7","2"
"TAJO","3","0.9.0","tajo/tajo-core/tajo-core-storage/src/main/java/org/apache/tajo/storage/LazyTuple.java","281","8"
"TAJO","3","0.9.0","tajo/tajo-core/tajo-core-storage/src/main/java/org/apache/tajo/storage/MergeScanner.java","99","8"
"TAJO","3","0.9.0","tajo/tajo-core/tajo-core-storage/src/main/java/org/apache/tajo/storage/NumericPathComparator.java","11","0"
"TAJO","3","0.9.0","tajo/tajo-core/tajo-core-storage/src/main/java/org/apache/tajo/storage/RawFile.java","380","2"
"TAJO","3","0.9.0","tajo/tajo-core/tajo-core-storage/src/main/java/org/apache/tajo/storage/rcfile/BytesRefArrayWritable.java","128","3"
"TAJO","3","0.9.0","tajo/tajo-core/tajo-core-storage/src/main/java/org/apache/tajo/storage/rcfile/BytesRefWritable.java","141","3"
"TAJO","3","0.9.0","tajo/tajo-core/tajo-core-storage/src/main/java/org/apache/tajo/storage/rcfile/ColumnProjectionUtils.java","63","0"
"TAJO","3","0.9.0","tajo/tajo-core/tajo-core-storage/src/main/java/org/apache/tajo/storage/rcfile/LazyDecompressionCallback.java","5","0"
"TAJO","3","0.9.0","tajo/tajo-core/tajo-core-storage/src/main/java/org/apache/tajo/storage/rcfile/NonSyncByteArrayInputStream.java","64","0"
"TAJO","3","0.9.0","tajo/tajo-core/tajo-core-storage/src/main/java/org/apache/tajo/storage/rcfile/NonSyncByteArrayOutputStream.java","63","0"
"TAJO","3","0.9.0","tajo/tajo-core/tajo-core-storage/src/main/java/org/apache/tajo/storage/rcfile/NonSyncDataInputBuffer.java","224","6"
"TAJO","3","0.9.0","tajo/tajo-core/tajo-core-storage/src/main/java/org/apache/tajo/storage/rcfile/NonSyncDataOutputBuffer.java","45","0"
"TAJO","3","0.9.0","tajo/tajo-core/tajo-core-storage/src/main/java/org/apache/tajo/storage/rcfile/RCFile.java","1163","18"
"TAJO","3","0.9.0","tajo/tajo-core/tajo-core-storage/src/main/java/org/apache/tajo/storage/rcfile/RCFileWrapper.java","276","4"
"TAJO","3","0.9.0","tajo/tajo-core/tajo-core-storage/src/main/java/org/apache/tajo/storage/rcfile/SchemaAwareCompressionInputStream.java","9","0"
"TAJO","3","0.9.0","tajo/tajo-core/tajo-core-storage/src/main/java/org/apache/tajo/storage/rcfile/SchemaAwareCompressionOutputStream.java","9","0"
"TAJO","3","0.9.0","tajo/tajo-core/tajo-core-storage/src/main/java/org/apache/tajo/storage/RowFile.java","402","13"
"TAJO","3","0.9.0","tajo/tajo-core/tajo-core-storage/src/main/java/org/apache/tajo/storage/RowStoreUtil.java","156","9"
"TAJO","3","0.9.0","tajo/tajo-core/tajo-core-storage/src/main/java/org/apache/tajo/storage/Scanner.java","16","0"
"TAJO","3","0.9.0","tajo/tajo-core/tajo-core-storage/src/main/java/org/apache/tajo/storage/SeekableScanner.java","6","2"
"TAJO","3","0.9.0","tajo/tajo-core/tajo-core-storage/src/main/java/org/apache/tajo/storage/Storage.java","20","0"
"TAJO","3","0.9.0","tajo/tajo-core/tajo-core-storage/src/main/java/org/apache/tajo/storage/StorageManager.java","36","0"
"TAJO","3","0.9.0","tajo/tajo-core/tajo-core-storage/src/main/java/org/apache/tajo/storage/StorageManagerFactory.java","61","4"
"TAJO","3","0.9.0","tajo/tajo-core/tajo-core-storage/src/main/java/org/apache/tajo/storage/StorageUtil.java","55","3"
"TAJO","3","0.9.0","tajo/tajo-core/tajo-core-storage/src/main/java/org/apache/tajo/storage/TableStatistics.java","78","0"
"TAJO","3","0.9.0","tajo/tajo-core/tajo-core-storage/src/main/java/org/apache/tajo/storage/trevni/TrevniAppender.java","160","2"
"TAJO","3","0.9.0","tajo/tajo-core/tajo-core-storage/src/main/java/org/apache/tajo/storage/trevni/TrevniScanner.java","145","3"
"TAJO","3","0.9.0","tajo/tajo-core/tajo-core-storage/src/main/java/org/apache/tajo/storage/Tuple.java","32","28"
"TAJO","3","0.9.0","tajo/tajo-core/tajo-core-storage/src/main/java/org/apache/tajo/storage/TupleComparator.java","110","5"
"TAJO","3","0.9.0","tajo/tajo-core/tajo-core-storage/src/main/java/org/apache/tajo/storage/TupleRange.java","67","2"
"TAJO","3","0.9.0","tajo/tajo-core/tajo-core-storage/src/main/java/org/apache/tajo/storage/v2/CSVFileScanner.java","321","21"
"TAJO","3","0.9.0","tajo/tajo-core/tajo-core-storage/src/main/java/org/apache/tajo/storage/v2/DiskDeviceInfo.java","33","0"
"TAJO","3","0.9.0","tajo/tajo-core/tajo-core-storage/src/main/java/org/apache/tajo/storage/v2/DiskFileScanScheduler.java","152","5"
"TAJO","3","0.9.0","tajo/tajo-core/tajo-core-storage/src/main/java/org/apache/tajo/storage/v2/DiskInfo.java","42","0"
"TAJO","3","0.9.0","tajo/tajo-core/tajo-core-storage/src/main/java/org/apache/tajo/storage/v2/DiskMountInfo.java","53","1"
"TAJO","3","0.9.0","tajo/tajo-core/tajo-core-storage/src/main/java/org/apache/tajo/storage/v2/DiskUtil.java","150","3"
"TAJO","3","0.9.0","tajo/tajo-core/tajo-core-storage/src/main/java/org/apache/tajo/storage/v2/FileScannerV2.java","149","2"
"TAJO","3","0.9.0","tajo/tajo-core/tajo-core-storage/src/main/java/org/apache/tajo/storage/v2/FileScanRunner.java","44","8"
"TAJO","3","0.9.0","tajo/tajo-core/tajo-core-storage/src/main/java/org/apache/tajo/storage/v2/RCFile.java","1180","16"
"TAJO","3","0.9.0","tajo/tajo-core/tajo-core-storage/src/main/java/org/apache/tajo/storage/v2/RCFileScanner.java","270","7"
"TAJO","3","0.9.0","tajo/tajo-core/tajo-core-storage/src/main/java/org/apache/tajo/storage/v2/ScanScheduler.java","141","5"
"TAJO","3","0.9.0","tajo/tajo-core/tajo-core-storage/src/main/java/org/apache/tajo/storage/v2/ScheduledInputStream.java","425","14"
"TAJO","3","0.9.0","tajo/tajo-core/tajo-core-storage/src/main/java/org/apache/tajo/storage/v2/StorageManagerV2.java","94","1"
"TAJO","3","0.9.0","tajo/tajo-core/tajo-core-storage/src/main/java/org/apache/tajo/storage/VTuple.java","159","4"
"TAJO","3","0.9.0","tajo/tajo-rpc/src/main/java/org/apache/tajo/rpc/AsyncRpcClient.java","170","9"
"TAJO","3","0.9.0","tajo/tajo-rpc/src/main/java/org/apache/tajo/rpc/AsyncRpcServer.java","84","4"
"TAJO","3","0.9.0","tajo/tajo-rpc/src/main/java/org/apache/tajo/rpc/BlockingRpcClient.java","208","11"
"TAJO","3","0.9.0","tajo/tajo-rpc/src/main/java/org/apache/tajo/rpc/BlockingRpcServer.java","83","6"
"TAJO","3","0.9.0","tajo/tajo-rpc/src/main/java/org/apache/tajo/rpc/CallFuture.java","51","0"
"TAJO","3","0.9.0","tajo/tajo-rpc/src/main/java/org/apache/tajo/rpc/DefaultRpcController.java","33","3"
"TAJO","3","0.9.0","tajo/tajo-rpc/src/main/java/org/apache/tajo/rpc/NettyClientBase.java","62","5"
"TAJO","3","0.9.0","tajo/tajo-rpc/src/main/java/org/apache/tajo/rpc/NettyRpcController.java","34","0"
"TAJO","3","0.9.0","tajo/tajo-rpc/src/main/java/org/apache/tajo/rpc/NettyServerBase.java","132","2"
"TAJO","3","0.9.0","tajo/tajo-rpc/src/main/java/org/apache/tajo/rpc/NullCallback.java","14","0"
"TAJO","3","0.9.0","tajo/tajo-rpc/src/main/java/org/apache/tajo/rpc/ProtoPipelineFactory.java","29","0"
"TAJO","3","0.9.0","tajo/tajo-rpc/src/main/java/org/apache/tajo/rpc/RemoteCallException.java","30","0"
"TAJO","3","0.9.0","tajo/tajo-rpc/src/main/java/org/apache/tajo/rpc/RemoteException.java","15","0"
"TAJO","3","0.9.0","tajo/tajo-rpc/src/main/java/org/apache/tajo/rpc/RetriesExhaustedException.java","60","0"
"TAJO","3","0.9.0","tajo/tajo-rpc/src/main/java/org/apache/tajo/rpc/RpcConnectionPool.java","99","6"
"TAJO","3","0.9.0","tajo/tajo-rpc/src/main/java/org/apache/tajo/rpc/ServerCallable.java","116","3"
