"ID","RELEASE_ID","CLASS","LOC","ACTUAL"
"1","1","tajo/tajo-algebra/src/main/java/org/apache/tajo/algebra/Aggregation.java","84","NO"
"2","1","tajo/tajo-algebra/src/main/java/org/apache/tajo/algebra/BetweenPredicate.java","37","NO"
"3","1","tajo/tajo-algebra/src/main/java/org/apache/tajo/algebra/BinaryOperator.java","29","NO"
"4","1","tajo/tajo-algebra/src/main/java/org/apache/tajo/algebra/CaseWhenPredicate.java","55","NO"
"5","1","tajo/tajo-algebra/src/main/java/org/apache/tajo/algebra/CastExpr.java","21","NO"
"6","1","tajo/tajo-algebra/src/main/java/org/apache/tajo/algebra/ColumnReferenceExpr.java","39","NO"
"7","1","tajo/tajo-algebra/src/main/java/org/apache/tajo/algebra/CountRowsFunctionExpr.java","6","NO"
"8","1","tajo/tajo-algebra/src/main/java/org/apache/tajo/algebra/CreateTable.java","245","NO"
"9","1","tajo/tajo-algebra/src/main/java/org/apache/tajo/algebra/DataType.java","39","NO"
"10","1","tajo/tajo-algebra/src/main/java/org/apache/tajo/algebra/DropTable.java","19","NO"
"11","1","tajo/tajo-algebra/src/main/java/org/apache/tajo/algebra/ExistsPredicate.java","21","NO"
"12","1","tajo/tajo-algebra/src/main/java/org/apache/tajo/algebra/Expr.java","73","NO"
"13","1","tajo/tajo-algebra/src/main/java/org/apache/tajo/algebra/FunctionExpr.java","46","YES"
"14","1","tajo/tajo-algebra/src/main/java/org/apache/tajo/algebra/GeneralSetFunctionExpr.java","11","NO"
"15","1","tajo/tajo-algebra/src/main/java/org/apache/tajo/algebra/Having.java","30","NO"
"16","1","tajo/tajo-algebra/src/main/java/org/apache/tajo/algebra/InPredicate.java","17","NO"
"17","1","tajo/tajo-algebra/src/main/java/org/apache/tajo/algebra/Insert.java","82","NO"
"18","1","tajo/tajo-algebra/src/main/java/org/apache/tajo/algebra/IsNullPredicate.java","21","NO"
"19","1","tajo/tajo-algebra/src/main/java/org/apache/tajo/algebra/Join.java","60","NO"
"20","1","tajo/tajo-algebra/src/main/java/org/apache/tajo/algebra/JsonHelper.java","29","NO"
"21","1","tajo/tajo-algebra/src/main/java/org/apache/tajo/algebra/Limit.java","24","NO"
"22","1","tajo/tajo-algebra/src/main/java/org/apache/tajo/algebra/LiteralValue.java","29","YES"
"23","1","tajo/tajo-algebra/src/main/java/org/apache/tajo/algebra/NotExpr.java","11","NO"
"24","1","tajo/tajo-algebra/src/main/java/org/apache/tajo/algebra/NullValue.java","10","NO"
"25","1","tajo/tajo-algebra/src/main/java/org/apache/tajo/algebra/PatternMatchPredicate.java","42","NO"
"26","1","tajo/tajo-algebra/src/main/java/org/apache/tajo/algebra/Projection.java","41","NO"
"27","1","tajo/tajo-algebra/src/main/java/org/apache/tajo/algebra/Relation.java","44","NO"
"28","1","tajo/tajo-algebra/src/main/java/org/apache/tajo/algebra/RelationList.java","39","NO"
"29","1","tajo/tajo-algebra/src/main/java/org/apache/tajo/algebra/ScalarSubQuery.java","19","NO"
"30","1","tajo/tajo-algebra/src/main/java/org/apache/tajo/algebra/Selection.java","30","NO"
"31","1","tajo/tajo-algebra/src/main/java/org/apache/tajo/algebra/SetOperation.java","22","NO"
"32","1","tajo/tajo-algebra/src/main/java/org/apache/tajo/algebra/SimpleTableSubQuery.java","18","NO"
"33","1","tajo/tajo-algebra/src/main/java/org/apache/tajo/algebra/Sort.java","64","NO"
"34","1","tajo/tajo-algebra/src/main/java/org/apache/tajo/algebra/TablePrimarySubQuery.java","28","NO"
"35","1","tajo/tajo-algebra/src/main/java/org/apache/tajo/algebra/Target.java","38","NO"
"36","1","tajo/tajo-algebra/src/main/java/org/apache/tajo/algebra/UnaryOperator.java","16","NO"
"37","1","tajo/tajo-algebra/src/main/java/org/apache/tajo/algebra/ValueListExpr.java","17","NO"
"38","1","tajo/tajo-catalog/tajo-catalog-client/src/main/java/org/apache/tajo/catalog/AbstractCatalogClient.java","317","NO"
"39","1","tajo/tajo-catalog/tajo-catalog-client/src/main/java/org/apache/tajo/catalog/CatalogClient.java","21","NO"
"40","1","tajo/tajo-catalog/tajo-catalog-common/src/main/java/org/apache/tajo/catalog/CatalogConstants.java","17","NO"
"41","1","tajo/tajo-catalog/tajo-catalog-common/src/main/java/org/apache/tajo/catalog/CatalogUtil.java","113","NO"
"42","1","tajo/tajo-catalog/tajo-catalog-common/src/main/java/org/apache/tajo/catalog/Column.java","118","NO"
"43","1","tajo/tajo-catalog/tajo-catalog-common/src/main/java/org/apache/tajo/catalog/DDLBuilder.java","60","NO"
"44","1","tajo/tajo-catalog/tajo-catalog-common/src/main/java/org/apache/tajo/catalog/function/Function.java","37","NO"
"45","1","tajo/tajo-catalog/tajo-catalog-common/src/main/java/org/apache/tajo/catalog/FunctionDesc.java","108","YES"
"46","1","tajo/tajo-catalog/tajo-catalog-common/src/main/java/org/apache/tajo/catalog/IndexDesc.java","103","NO"
"47","1","tajo/tajo-catalog/tajo-catalog-common/src/main/java/org/apache/tajo/catalog/json/CatalogGsonHelper.java","51","NO"
"48","1","tajo/tajo-catalog/tajo-catalog-common/src/main/java/org/apache/tajo/catalog/json/FunctionAdapter.java","31","NO"
"49","1","tajo/tajo-catalog/tajo-catalog-common/src/main/java/org/apache/tajo/catalog/json/TableMetaAdapter.java","29","NO"
"50","1","tajo/tajo-catalog/tajo-catalog-common/src/main/java/org/apache/tajo/catalog/Options.java","106","NO"
"51","1","tajo/tajo-catalog/tajo-catalog-common/src/main/java/org/apache/tajo/catalog/Schema.java","196","NO"
"52","1","tajo/tajo-catalog/tajo-catalog-common/src/main/java/org/apache/tajo/catalog/SortSpec.java","73","NO"
"53","1","tajo/tajo-catalog/tajo-catalog-common/src/main/java/org/apache/tajo/catalog/statistics/ColumnStats.java","126","NO"
"54","1","tajo/tajo-catalog/tajo-catalog-common/src/main/java/org/apache/tajo/catalog/statistics/Stat.java","65","NO"
"55","1","tajo/tajo-catalog/tajo-catalog-common/src/main/java/org/apache/tajo/catalog/statistics/StatisticsUtil.java","93","YES"
"56","1","tajo/tajo-catalog/tajo-catalog-common/src/main/java/org/apache/tajo/catalog/statistics/StatSet.java","96","NO"
"57","1","tajo/tajo-catalog/tajo-catalog-common/src/main/java/org/apache/tajo/catalog/statistics/TableStats.java","156","NO"
"58","1","tajo/tajo-catalog/tajo-catalog-common/src/main/java/org/apache/tajo/catalog/statistics/TupleUtil.java","42","NO"
"59","1","tajo/tajo-catalog/tajo-catalog-common/src/main/java/org/apache/tajo/catalog/TableDesc.java","115","NO"
"60","1","tajo/tajo-catalog/tajo-catalog-common/src/main/java/org/apache/tajo/catalog/TableMeta.java","148","NO"
"61","1","tajo/tajo-catalog/tajo-catalog-common/src/main/java/org/apache/tajo/catalog/TableUtil.java","26","NO"
"62","1","tajo/tajo-catalog/tajo-catalog-server/src/main/java/org/apache/tajo/catalog/CatalogServer.java","500","NO"
"63","1","tajo/tajo-catalog/tajo-catalog-server/src/main/java/org/apache/tajo/catalog/LocalCatalogWrapper.java","27","NO"
"64","1","tajo/tajo-catalog/tajo-catalog-server/src/main/java/org/apache/tajo/catalog/MiniCatalogServer.java","23","NO"
"65","1","tajo/tajo-catalog/tajo-catalog-server/src/main/java/org/apache/tajo/catalog/store/AbstractDBStore.java","642","NO"
"66","1","tajo/tajo-catalog/tajo-catalog-server/src/main/java/org/apache/tajo/catalog/store/DerbyStore.java","753","NO"
"67","1","tajo/tajo-catalog/tajo-catalog-server/src/main/java/org/apache/tajo/catalog/store/HCatalogStore.java","285","NO"
"68","1","tajo/tajo-catalog/tajo-catalog-server/src/main/java/org/apache/tajo/catalog/store/HCatalogUtil.java","128","NO"
"69","1","tajo/tajo-catalog/tajo-catalog-server/src/main/java/org/apache/tajo/catalog/store/MemStore.java","105","NO"
"70","1","tajo/tajo-catalog/tajo-catalog-server/src/main/java/org/apache/tajo/catalog/store/MySQLStore.java","132","NO"
"71","1","tajo/tajo-common/src/main/java/org/apache/tajo/common/Sleeper.java","21","NO"
"72","1","tajo/tajo-common/src/main/java/org/apache/tajo/common/type/IPv4.java","126","NO"
"73","1","tajo/tajo-common/src/main/java/org/apache/tajo/common/type/TimeRange.java","46","NO"
"74","1","tajo/tajo-common/src/main/java/org/apache/tajo/conf/TajoConf.java","312","YES"
"75","1","tajo/tajo-common/src/main/java/org/apache/tajo/datum/BitDatum.java","97","YES"
"76","1","tajo/tajo-common/src/main/java/org/apache/tajo/datum/BlobDatum.java","115","YES"
"77","1","tajo/tajo-common/src/main/java/org/apache/tajo/datum/BooleanDatum.java","108","YES"
"78","1","tajo/tajo-common/src/main/java/org/apache/tajo/datum/CharDatum.java","113","YES"
"79","1","tajo/tajo-common/src/main/java/org/apache/tajo/datum/Datum.java","113","YES"
"80","1","tajo/tajo-common/src/main/java/org/apache/tajo/datum/DatumFactory.java","142","YES"
"81","1","tajo/tajo-common/src/main/java/org/apache/tajo/datum/Float4Datum.java","261","YES"
"82","1","tajo/tajo-common/src/main/java/org/apache/tajo/datum/Float8Datum.java","255","YES"
"83","1","tajo/tajo-common/src/main/java/org/apache/tajo/datum/Inet4Datum.java","95","YES"
"84","1","tajo/tajo-common/src/main/java/org/apache/tajo/datum/Int2Datum.java","256","YES"
"85","1","tajo/tajo-common/src/main/java/org/apache/tajo/datum/Int4Datum.java","256","YES"
"86","1","tajo/tajo-common/src/main/java/org/apache/tajo/datum/Int8Datum.java","262","YES"
"87","1","tajo/tajo-common/src/main/java/org/apache/tajo/datum/NullDatum.java","70","YES"
"88","1","tajo/tajo-common/src/main/java/org/apache/tajo/datum/protobuf/AbstractCharBasedFormatter.java","38","NO"
"89","1","tajo/tajo-common/src/main/java/org/apache/tajo/datum/protobuf/ProtobufFormatter.java","73","NO"
"90","1","tajo/tajo-common/src/main/java/org/apache/tajo/datum/protobuf/ProtobufJsonFormat.java","1036","NO"
"91","1","tajo/tajo-common/src/main/java/org/apache/tajo/datum/protobuf/TextUtils.java","294","NO"
"92","1","tajo/tajo-common/src/main/java/org/apache/tajo/datum/ProtobufDatum.java","52","NO"
"93","1","tajo/tajo-common/src/main/java/org/apache/tajo/datum/ProtobufDatumFactory.java","62","NO"
"94","1","tajo/tajo-common/src/main/java/org/apache/tajo/datum/TextDatum.java","111","YES"
"95","1","tajo/tajo-common/src/main/java/org/apache/tajo/ExecutionBlockId.java","58","NO"
"96","1","tajo/tajo-common/src/main/java/org/apache/tajo/json/ClassNameDeserializer.java","18","NO"
"97","1","tajo/tajo-common/src/main/java/org/apache/tajo/json/ClassNameSerializer.java","20","NO"
"98","1","tajo/tajo-common/src/main/java/org/apache/tajo/json/CommonGsonHelper.java","41","NO"
"99","1","tajo/tajo-common/src/main/java/org/apache/tajo/json/DataTypeAdapter.java","36","NO"
"100","1","tajo/tajo-common/src/main/java/org/apache/tajo/json/DatumAdapter.java","24","YES"
"101","1","tajo/tajo-common/src/main/java/org/apache/tajo/json/GsonHelper.java","25","NO"
"102","1","tajo/tajo-common/src/main/java/org/apache/tajo/json/PathDeserializer.java","14","NO"
"103","1","tajo/tajo-common/src/main/java/org/apache/tajo/json/PathSerializer.java","16","NO"
"104","1","tajo/tajo-common/src/main/java/org/apache/tajo/QueryId.java","59","NO"
"105","1","tajo/tajo-common/src/main/java/org/apache/tajo/QueryIdFactory.java","62","NO"
"106","1","tajo/tajo-common/src/main/java/org/apache/tajo/QueryUnitAttemptId.java","61","NO"
"107","1","tajo/tajo-common/src/main/java/org/apache/tajo/QueryUnitId.java","58","NO"
"108","1","tajo/tajo-common/src/main/java/org/apache/tajo/TajoConstants.java","10","YES"
"109","1","tajo/tajo-common/src/main/java/org/apache/tajo/unit/StorageUnit.java","9","NO"
"110","1","tajo/tajo-common/src/main/java/org/apache/tajo/unit/TimeUnit.java","8","NO"
"111","1","tajo/tajo-common/src/main/java/org/apache/tajo/util/BitArray.java","68","NO"
"112","1","tajo/tajo-common/src/main/java/org/apache/tajo/util/Bytes.java","957","NO"
"113","1","tajo/tajo-common/src/main/java/org/apache/tajo/util/CommonTestingUtil.java","26","NO"
"114","1","tajo/tajo-common/src/main/java/org/apache/tajo/util/FileUtil.java","64","NO"
"115","1","tajo/tajo-common/src/main/java/org/apache/tajo/util/JarUtil.java","29","NO"
"116","1","tajo/tajo-common/src/main/java/org/apache/tajo/util/NetUtils.java","51","NO"
"117","1","tajo/tajo-common/src/main/java/org/apache/tajo/util/NumberUtil.java","43","NO"
"118","1","tajo/tajo-common/src/main/java/org/apache/tajo/util/ReflectionUtil.java","13","NO"
"119","1","tajo/tajo-common/src/main/java/org/apache/tajo/util/StringUtils.java","28","NO"
"120","1","tajo/tajo-common/src/main/java/org/apache/tajo/util/TajoIdUtils.java","15","NO"
"121","1","tajo/tajo-common/src/main/java/org/apache/tajo/util/TUtil.java","129","NO"
"122","1","tajo/tajo-core/tajo-core-backend/src/main/java/org/apache/tajo/benchmark/BenchmarkSet.java","83","NO"
"123","1","tajo/tajo-core/tajo-core-backend/src/main/java/org/apache/tajo/benchmark/Driver.java","22","NO"
"124","1","tajo/tajo-core/tajo-core-backend/src/main/java/org/apache/tajo/benchmark/SimpleQuery.java","8","NO"
"125","1","tajo/tajo-core/tajo-core-backend/src/main/java/org/apache/tajo/benchmark/TPCH.java","139","NO"
"126","1","tajo/tajo-core/tajo-core-backend/src/main/java/org/apache/tajo/cli/TajoCli.java","574","YES"
"127","1","tajo/tajo-core/tajo-core-backend/src/main/java/org/apache/tajo/client/QueryStatus.java","60","YES"
"128","1","tajo/tajo-core/tajo-core-backend/src/main/java/org/apache/tajo/client/ResultSetUtil.java","26","NO"
"129","1","tajo/tajo-core/tajo-core-backend/src/main/java/org/apache/tajo/client/TajoClient.java","352","NO"
"130","1","tajo/tajo-core/tajo-core-backend/src/main/java/org/apache/tajo/client/TajoDump.java","91","NO"
"131","1","tajo/tajo-core/tajo-core-backend/src/main/java/org/apache/tajo/engine/eval/AggregationFunctionCallEval.java","71","NO"
"132","1","tajo/tajo-core/tajo-core-backend/src/main/java/org/apache/tajo/engine/eval/AlgebraicUtil.java","176","NO"
"133","1","tajo/tajo-core/tajo-core-backend/src/main/java/org/apache/tajo/engine/eval/BasicEvalNodeVisitor.java","229","YES"
"134","1","tajo/tajo-core/tajo-core-backend/src/main/java/org/apache/tajo/engine/eval/BetweenPredicateEval.java","190","NO"
"135","1","tajo/tajo-core/tajo-core-backend/src/main/java/org/apache/tajo/engine/eval/BinaryEval.java","174","YES"
"136","1","tajo/tajo-core/tajo-core-backend/src/main/java/org/apache/tajo/engine/eval/CaseWhenEval.java","201","NO"
"137","1","tajo/tajo-core/tajo-core-backend/src/main/java/org/apache/tajo/engine/eval/CastEval.java","87","YES"
"138","1","tajo/tajo-core/tajo-core-backend/src/main/java/org/apache/tajo/engine/eval/ConstEval.java","67","NO"
"139","1","tajo/tajo-core/tajo-core-backend/src/main/java/org/apache/tajo/engine/eval/EvalNode.java","78","NO"
"140","1","tajo/tajo-core/tajo-core-backend/src/main/java/org/apache/tajo/engine/eval/EvalTreeFactory.java","11","NO"
"141","1","tajo/tajo-core/tajo-core-backend/src/main/java/org/apache/tajo/engine/eval/EvalTreeUtil.java","256","NO"
"142","1","tajo/tajo-core/tajo-core-backend/src/main/java/org/apache/tajo/engine/eval/FieldEval.java","98","YES"
"143","1","tajo/tajo-core/tajo-core-backend/src/main/java/org/apache/tajo/engine/eval/FunctionEval.java","121","NO"
"144","1","tajo/tajo-core/tajo-core-backend/src/main/java/org/apache/tajo/engine/eval/GeneralFunctionEval.java","60","NO"
"145","1","tajo/tajo-core/tajo-core-backend/src/main/java/org/apache/tajo/engine/eval/InEval.java","76","YES"
"146","1","tajo/tajo-core/tajo-core-backend/src/main/java/org/apache/tajo/engine/eval/IsNullEval.java","70","NO"
"147","1","tajo/tajo-core/tajo-core-backend/src/main/java/org/apache/tajo/engine/eval/LikePredicateEval.java","25","NO"
"148","1","tajo/tajo-core/tajo-core-backend/src/main/java/org/apache/tajo/engine/eval/NotEval.java","74","NO"
"149","1","tajo/tajo-core/tajo-core-backend/src/main/java/org/apache/tajo/engine/eval/PartialBinaryExpr.java","53","NO"
"150","1","tajo/tajo-core/tajo-core-backend/src/main/java/org/apache/tajo/engine/eval/PatternMatchPredicateEval.java","58","YES"
"151","1","tajo/tajo-core/tajo-core-backend/src/main/java/org/apache/tajo/engine/eval/RegexPredicateEval.java","30","NO"
"152","1","tajo/tajo-core/tajo-core-backend/src/main/java/org/apache/tajo/engine/eval/RowConstantEval.java","49","NO"
"153","1","tajo/tajo-core/tajo-core-backend/src/main/java/org/apache/tajo/engine/eval/SimilarToPredicateEval.java","19","NO"
"154","1","tajo/tajo-core/tajo-core-backend/src/main/java/org/apache/tajo/engine/function/AggFunction.java","24","NO"
"155","1","tajo/tajo-core/tajo-core-backend/src/main/java/org/apache/tajo/engine/function/builtin/AvgDouble.java","59","NO"
"156","1","tajo/tajo-core/tajo-core-backend/src/main/java/org/apache/tajo/engine/function/builtin/AvgFloat.java","13","NO"
"157","1","tajo/tajo-core/tajo-core-backend/src/main/java/org/apache/tajo/engine/function/builtin/AvgInt.java","14","NO"
"158","1","tajo/tajo-core/tajo-core-backend/src/main/java/org/apache/tajo/engine/function/builtin/AvgLong.java","58","NO"
"159","1","tajo/tajo-core/tajo-core-backend/src/main/java/org/apache/tajo/engine/function/builtin/CountRows.java","46","NO"
"160","1","tajo/tajo-core/tajo-core-backend/src/main/java/org/apache/tajo/engine/function/builtin/CountValue.java","19","NO"
"161","1","tajo/tajo-core/tajo-core-backend/src/main/java/org/apache/tajo/engine/function/builtin/CountValueDistinct.java","44","NO"
"162","1","tajo/tajo-core/tajo-core-backend/src/main/java/org/apache/tajo/engine/function/builtin/Date.java","28","NO"
"163","1","tajo/tajo-core/tajo-core-backend/src/main/java/org/apache/tajo/engine/function/builtin/MaxDouble.java","42","NO"
"164","1","tajo/tajo-core/tajo-core-backend/src/main/java/org/apache/tajo/engine/function/builtin/MaxFloat.java","41","NO"
"165","1","tajo/tajo-core/tajo-core-backend/src/main/java/org/apache/tajo/engine/function/builtin/MaxInt.java","41","NO"
"166","1","tajo/tajo-core/tajo-core-backend/src/main/java/org/apache/tajo/engine/function/builtin/MaxLong.java","42","NO"
"167","1","tajo/tajo-core/tajo-core-backend/src/main/java/org/apache/tajo/engine/function/builtin/MinDouble.java","41","NO"
"168","1","tajo/tajo-core/tajo-core-backend/src/main/java/org/apache/tajo/engine/function/builtin/MinFloat.java","42","NO"
"169","1","tajo/tajo-core/tajo-core-backend/src/main/java/org/apache/tajo/engine/function/builtin/MinInt.java","41","NO"
"170","1","tajo/tajo-core/tajo-core-backend/src/main/java/org/apache/tajo/engine/function/builtin/MinLong.java","42","NO"
"171","1","tajo/tajo-core/tajo-core-backend/src/main/java/org/apache/tajo/engine/function/builtin/MinString.java","46","NO"
"172","1","tajo/tajo-core/tajo-core-backend/src/main/java/org/apache/tajo/engine/function/builtin/RandomInt.java","21","NO"
"173","1","tajo/tajo-core/tajo-core-backend/src/main/java/org/apache/tajo/engine/function/builtin/SumDouble.java","41","NO"
"174","1","tajo/tajo-core/tajo-core-backend/src/main/java/org/apache/tajo/engine/function/builtin/SumFloat.java","40","NO"
"175","1","tajo/tajo-core/tajo-core-backend/src/main/java/org/apache/tajo/engine/function/builtin/SumInt.java","41","NO"
"176","1","tajo/tajo-core/tajo-core-backend/src/main/java/org/apache/tajo/engine/function/builtin/SumLong.java","41","NO"
"177","1","tajo/tajo-core/tajo-core-backend/src/main/java/org/apache/tajo/engine/function/builtin/Today.java","15","NO"
"178","1","tajo/tajo-core/tajo-core-backend/src/main/java/org/apache/tajo/engine/function/Country.java","15","NO"
"179","1","tajo/tajo-core/tajo-core-backend/src/main/java/org/apache/tajo/engine/function/GeneralFunction.java","23","NO"
"180","1","tajo/tajo-core/tajo-core-backend/src/main/java/org/apache/tajo/engine/function/InCountry.java","19","YES"
"181","1","tajo/tajo-core/tajo-core-backend/src/main/java/org/apache/tajo/engine/function/string/BTrim.java","34","NO"
"182","1","tajo/tajo-core/tajo-core-backend/src/main/java/org/apache/tajo/engine/function/string/CharLength.java","21","NO"
"183","1","tajo/tajo-core/tajo-core-backend/src/main/java/org/apache/tajo/engine/function/string/Lower.java","21","NO"
"184","1","tajo/tajo-core/tajo-core-backend/src/main/java/org/apache/tajo/engine/function/string/LTrim.java","35","NO"
"185","1","tajo/tajo-core/tajo-core-backend/src/main/java/org/apache/tajo/engine/function/string/RegexpReplace.java","63","NO"
"186","1","tajo/tajo-core/tajo-core-backend/src/main/java/org/apache/tajo/engine/function/string/RTrim.java","34","NO"
"187","1","tajo/tajo-core/tajo-core-backend/src/main/java/org/apache/tajo/engine/function/string/SplitPart.java","30","YES"
"188","1","tajo/tajo-core/tajo-core-backend/src/main/java/org/apache/tajo/engine/function/string/Upper.java","21","NO"
"189","1","tajo/tajo-core/tajo-core-backend/src/main/java/org/apache/tajo/engine/json/CoreGsonHelper.java","61","NO"
"190","1","tajo/tajo-core/tajo-core-backend/src/main/java/org/apache/tajo/engine/json/EvalNodeAdapter.java","25","NO"
"191","1","tajo/tajo-core/tajo-core-backend/src/main/java/org/apache/tajo/engine/json/LogicalNodeAdapter.java","24","NO"
"192","1","tajo/tajo-core/tajo-core-backend/src/main/java/org/apache/tajo/engine/parser/HiveConverter.java","1250","NO"
"193","1","tajo/tajo-core/tajo-core-backend/src/main/java/org/apache/tajo/engine/parser/SQLAnalyzer.java","990","YES"
"194","1","tajo/tajo-core/tajo-core-backend/src/main/java/org/apache/tajo/engine/parser/SQLErrorListener.java","17","NO"
"195","1","tajo/tajo-core/tajo-core-backend/src/main/java/org/apache/tajo/engine/parser/SQLErrorStrategy.java","41","NO"
"196","1","tajo/tajo-core/tajo-core-backend/src/main/java/org/apache/tajo/engine/planner/BaseAlgebraVisitor.java","183","NO"
"197","1","tajo/tajo-core/tajo-core-backend/src/main/java/org/apache/tajo/engine/planner/BasicLogicalPlanVisitor.java","198","NO"
"198","1","tajo/tajo-core/tajo-core-backend/src/main/java/org/apache/tajo/engine/planner/enforce/Enforcer.java","138","NO"
"199","1","tajo/tajo-core/tajo-core-backend/src/main/java/org/apache/tajo/engine/planner/ExplainLogicalPlanVisitor.java","155","NO"
"200","1","tajo/tajo-core/tajo-core-backend/src/main/java/org/apache/tajo/engine/planner/ExprsVerifier.java","121","NO"
"201","1","tajo/tajo-core/tajo-core-backend/src/main/java/org/apache/tajo/engine/planner/global/DataChannel.java","150","NO"
"202","1","tajo/tajo-core/tajo-core-backend/src/main/java/org/apache/tajo/engine/planner/global/ExecutionBlock.java","110","NO"
"203","1","tajo/tajo-core/tajo-core-backend/src/main/java/org/apache/tajo/engine/planner/global/ExecutionBlockCursor.java","42","NO"
"204","1","tajo/tajo-core/tajo-core-backend/src/main/java/org/apache/tajo/engine/planner/global/GlobalPlanner.java","465","YES"
"205","1","tajo/tajo-core/tajo-core-backend/src/main/java/org/apache/tajo/engine/planner/global/MasterPlan.java","183","NO"
"206","1","tajo/tajo-core/tajo-core-backend/src/main/java/org/apache/tajo/engine/planner/graph/DirectedGraphCursor.java","37","NO"
"207","1","tajo/tajo-core/tajo-core-backend/src/main/java/org/apache/tajo/engine/planner/graph/SimpleDirectedGraph.java","179","NO"
"208","1","tajo/tajo-core/tajo-core-backend/src/main/java/org/apache/tajo/engine/planner/graph/SimpleUndirectedGraph.java","57","NO"
"209","1","tajo/tajo-core/tajo-core-backend/src/main/java/org/apache/tajo/engine/planner/GroupElement.java","38","NO"
"210","1","tajo/tajo-core/tajo-core-backend/src/main/java/org/apache/tajo/engine/planner/InsertNode.java","147","NO"
"211","1","tajo/tajo-core/tajo-core-backend/src/main/java/org/apache/tajo/engine/planner/logical/BinaryNode.java","47","NO"
"212","1","tajo/tajo-core/tajo-core-backend/src/main/java/org/apache/tajo/engine/planner/logical/CreateTableNode.java","120","NO"
"213","1","tajo/tajo-core/tajo-core-backend/src/main/java/org/apache/tajo/engine/planner/logical/DropTableNode.java","42","NO"
"214","1","tajo/tajo-core/tajo-core-backend/src/main/java/org/apache/tajo/engine/planner/logical/EvalExprNode.java","62","NO"
"215","1","tajo/tajo-core/tajo-core-backend/src/main/java/org/apache/tajo/engine/planner/logical/ExceptNode.java","20","NO"
"216","1","tajo/tajo-core/tajo-core-backend/src/main/java/org/apache/tajo/engine/planner/logical/GroupbyNode.java","148","NO"
"217","1","tajo/tajo-core/tajo-core-backend/src/main/java/org/apache/tajo/engine/planner/logical/IndexScanNode.java","90","NO"
"218","1","tajo/tajo-core/tajo-core-backend/src/main/java/org/apache/tajo/engine/planner/logical/IntersectNode.java","20","NO"
"219","1","tajo/tajo-core/tajo-core-backend/src/main/java/org/apache/tajo/engine/planner/logical/join/Edge.java","25","NO"
"220","1","tajo/tajo-core/tajo-core-backend/src/main/java/org/apache/tajo/engine/planner/logical/join/FoundJoinOrder.java","24","NO"
"221","1","tajo/tajo-core/tajo-core-backend/src/main/java/org/apache/tajo/engine/planner/logical/join/GreedyHeuristicJoinOrderAlgorithm.java","211","YES"
"222","1","tajo/tajo-core/tajo-core-backend/src/main/java/org/apache/tajo/engine/planner/logical/join/JoinEdge.java","43","NO"
"223","1","tajo/tajo-core/tajo-core-backend/src/main/java/org/apache/tajo/engine/planner/logical/join/JoinGraph.java","39","NO"
"224","1","tajo/tajo-core/tajo-core-backend/src/main/java/org/apache/tajo/engine/planner/logical/JoinNode.java","113","NO"
"225","1","tajo/tajo-core/tajo-core-backend/src/main/java/org/apache/tajo/engine/planner/logical/LimitNode.java","40","NO"
"226","1","tajo/tajo-core/tajo-core-backend/src/main/java/org/apache/tajo/engine/planner/logical/LogicalNode.java","77","NO"
"227","1","tajo/tajo-core/tajo-core-backend/src/main/java/org/apache/tajo/engine/planner/logical/LogicalRootNode.java","18","NO"
"228","1","tajo/tajo-core/tajo-core-backend/src/main/java/org/apache/tajo/engine/planner/logical/ProjectionNode.java","87","NO"
"229","1","tajo/tajo-core/tajo-core-backend/src/main/java/org/apache/tajo/engine/planner/logical/RelationNode.java","11","NO"
"230","1","tajo/tajo-core/tajo-core-backend/src/main/java/org/apache/tajo/engine/planner/logical/ScanNode.java","153","NO"
"231","1","tajo/tajo-core/tajo-core-backend/src/main/java/org/apache/tajo/engine/planner/logical/SelectionNode.java","47","NO"
"232","1","tajo/tajo-core/tajo-core-backend/src/main/java/org/apache/tajo/engine/planner/logical/SortNode.java","70","NO"
"233","1","tajo/tajo-core/tajo-core-backend/src/main/java/org/apache/tajo/engine/planner/logical/StoreIndexNode.java","6","NO"
"234","1","tajo/tajo-core/tajo-core-backend/src/main/java/org/apache/tajo/engine/planner/logical/StoreTableNode.java","133","NO"
"235","1","tajo/tajo-core/tajo-core-backend/src/main/java/org/apache/tajo/engine/planner/logical/TableSubQueryNode.java","87","NO"
"236","1","tajo/tajo-core/tajo-core-backend/src/main/java/org/apache/tajo/engine/planner/logical/UnaryNode.java","36","NO"
"237","1","tajo/tajo-core/tajo-core-backend/src/main/java/org/apache/tajo/engine/planner/logical/UnionNode.java","20","NO"
"238","1","tajo/tajo-core/tajo-core-backend/src/main/java/org/apache/tajo/engine/planner/LogicalOptimizer.java","167","NO"
"239","1","tajo/tajo-core/tajo-core-backend/src/main/java/org/apache/tajo/engine/planner/LogicalPlan.java","600","NO"
"240","1","tajo/tajo-core/tajo-core-backend/src/main/java/org/apache/tajo/engine/planner/LogicalPlanner.java","886","YES"
"241","1","tajo/tajo-core/tajo-core-backend/src/main/java/org/apache/tajo/engine/planner/LogicalPlanVerifier.java","167","NO"
"242","1","tajo/tajo-core/tajo-core-backend/src/main/java/org/apache/tajo/engine/planner/physical/AggregationExec.java","78","NO"
"243","1","tajo/tajo-core/tajo-core-backend/src/main/java/org/apache/tajo/engine/planner/physical/BasicPhysicalExecutorVisitor.java","93","NO"
"244","1","tajo/tajo-core/tajo-core-backend/src/main/java/org/apache/tajo/engine/planner/physical/BinaryPhysicalExec.java","36","NO"
"245","1","tajo/tajo-core/tajo-core-backend/src/main/java/org/apache/tajo/engine/planner/physical/BNLJoinExec.java","158","NO"
"246","1","tajo/tajo-core/tajo-core-backend/src/main/java/org/apache/tajo/engine/planner/physical/BSTIndexScanExec.java","109","NO"
"247","1","tajo/tajo-core/tajo-core-backend/src/main/java/org/apache/tajo/engine/planner/physical/EvalExprExec.java","39","NO"
"248","1","tajo/tajo-core/tajo-core-backend/src/main/java/org/apache/tajo/engine/planner/physical/ExternalSortExec.java","147","NO"
"249","1","tajo/tajo-core/tajo-core-backend/src/main/java/org/apache/tajo/engine/planner/physical/HashAggregateExec.java","88","NO"
"250","1","tajo/tajo-core/tajo-core-backend/src/main/java/org/apache/tajo/engine/planner/physical/HashFullOuterJoinExec.java","177","YES"
"251","1","tajo/tajo-core/tajo-core-backend/src/main/java/org/apache/tajo/engine/planner/physical/HashJoinExec.java","137","NO"
"252","1","tajo/tajo-core/tajo-core-backend/src/main/java/org/apache/tajo/engine/planner/physical/HashLeftAntiJoinExec.java","57","NO"
"253","1","tajo/tajo-core/tajo-core-backend/src/main/java/org/apache/tajo/engine/planner/physical/HashLeftOuterJoinExec.java","148","YES"
"254","1","tajo/tajo-core/tajo-core-backend/src/main/java/org/apache/tajo/engine/planner/physical/HashLeftSemiJoinExec.java","53","NO"
"255","1","tajo/tajo-core/tajo-core-backend/src/main/java/org/apache/tajo/engine/planner/physical/HashPartitioner.java","18","NO"
"256","1","tajo/tajo-core/tajo-core-backend/src/main/java/org/apache/tajo/engine/planner/physical/IndexedStoreExec.java","86","NO"
"257","1","tajo/tajo-core/tajo-core-backend/src/main/java/org/apache/tajo/engine/planner/physical/JoinTupleComparator.java","54","NO"
"258","1","tajo/tajo-core/tajo-core-backend/src/main/java/org/apache/tajo/engine/planner/physical/LimitExec.java","29","NO"
"259","1","tajo/tajo-core/tajo-core-backend/src/main/java/org/apache/tajo/engine/planner/physical/MemSortExec.java","51","NO"
"260","1","tajo/tajo-core/tajo-core-backend/src/main/java/org/apache/tajo/engine/planner/physical/MergeFullOuterJoinExec.java","213","NO"
"261","1","tajo/tajo-core/tajo-core-backend/src/main/java/org/apache/tajo/engine/planner/physical/MergeJoinExec.java","136","NO"
"262","1","tajo/tajo-core/tajo-core-backend/src/main/java/org/apache/tajo/engine/planner/physical/NLJoinExec.java","74","NO"
"263","1","tajo/tajo-core/tajo-core-backend/src/main/java/org/apache/tajo/engine/planner/physical/NLLeftOuterJoinExec.java","86","YES"
"264","1","tajo/tajo-core/tajo-core-backend/src/main/java/org/apache/tajo/engine/planner/physical/PartitionedStoreExec.java","110","NO"
"265","1","tajo/tajo-core/tajo-core-backend/src/main/java/org/apache/tajo/engine/planner/physical/Partitioner.java","18","NO"
"266","1","tajo/tajo-core/tajo-core-backend/src/main/java/org/apache/tajo/engine/planner/physical/PhysicalExec.java","26","NO"
"267","1","tajo/tajo-core/tajo-core-backend/src/main/java/org/apache/tajo/engine/planner/physical/PhysicalPlanUtil.java","18","NO"
"268","1","tajo/tajo-core/tajo-core-backend/src/main/java/org/apache/tajo/engine/planner/physical/ProjectionExec.java","35","NO"
"269","1","tajo/tajo-core/tajo-core-backend/src/main/java/org/apache/tajo/engine/planner/physical/RightOuterMergeJoinExec.java","207","NO"
"270","1","tajo/tajo-core/tajo-core-backend/src/main/java/org/apache/tajo/engine/planner/physical/SelectionExec.java","42","NO"
"271","1","tajo/tajo-core/tajo-core-backend/src/main/java/org/apache/tajo/engine/planner/physical/SeqScanExec.java","105","YES"
"272","1","tajo/tajo-core/tajo-core-backend/src/main/java/org/apache/tajo/engine/planner/physical/SortAggregateExec.java","64","NO"
"273","1","tajo/tajo-core/tajo-core-backend/src/main/java/org/apache/tajo/engine/planner/physical/SortExec.java","26","NO"
"274","1","tajo/tajo-core/tajo-core-backend/src/main/java/org/apache/tajo/engine/planner/physical/StoreTableExec.java","60","NO"
"275","1","tajo/tajo-core/tajo-core-backend/src/main/java/org/apache/tajo/engine/planner/physical/TunnelExec.java","19","NO"
"276","1","tajo/tajo-core/tajo-core-backend/src/main/java/org/apache/tajo/engine/planner/physical/UnaryPhysicalExec.java","30","NO"
"277","1","tajo/tajo-core/tajo-core-backend/src/main/java/org/apache/tajo/engine/planner/physical/UnionExec.java","33","NO"
"278","1","tajo/tajo-core/tajo-core-backend/src/main/java/org/apache/tajo/engine/planner/PhysicalPlannerImpl.java","646","NO"
"279","1","tajo/tajo-core/tajo-core-backend/src/main/java/org/apache/tajo/engine/planner/PlannerUtil.java","478","NO"
"280","1","tajo/tajo-core/tajo-core-backend/src/main/java/org/apache/tajo/engine/planner/PlanString.java","64","NO"
"281","1","tajo/tajo-core/tajo-core-backend/src/main/java/org/apache/tajo/engine/planner/Projector.java","78","NO"
"282","1","tajo/tajo-core/tajo-core-backend/src/main/java/org/apache/tajo/engine/planner/RangePartitionAlgorithm.java","72","NO"
"283","1","tajo/tajo-core/tajo-core-backend/src/main/java/org/apache/tajo/engine/planner/rewrite/BasicQueryRewriteEngine.java","28","NO"
"284","1","tajo/tajo-core/tajo-core-backend/src/main/java/org/apache/tajo/engine/planner/rewrite/FilterPushDownRule.java","183","YES"
"285","1","tajo/tajo-core/tajo-core-backend/src/main/java/org/apache/tajo/engine/planner/rewrite/ProjectionPushDownRule.java","366","YES"
"286","1","tajo/tajo-core/tajo-core-backend/src/main/java/org/apache/tajo/engine/planner/Target.java","75","NO"
"287","1","tajo/tajo-core/tajo-core-backend/src/main/java/org/apache/tajo/engine/planner/TargetListManager.java","176","NO"
"288","1","tajo/tajo-core/tajo-core-backend/src/main/java/org/apache/tajo/engine/planner/UniformRangePartition.java","281","NO"
"289","1","tajo/tajo-core/tajo-core-backend/src/main/java/org/apache/tajo/engine/planner/VerificationState.java","15","NO"
"290","1","tajo/tajo-core/tajo-core-backend/src/main/java/org/apache/tajo/engine/query/QueryContext.java","108","NO"
"291","1","tajo/tajo-core/tajo-core-backend/src/main/java/org/apache/tajo/engine/query/QueryUnitRequestImpl.java","278","NO"
"292","1","tajo/tajo-core/tajo-core-backend/src/main/java/org/apache/tajo/engine/utils/ProtoUtil.java","9","NO"
"293","1","tajo/tajo-core/tajo-core-backend/src/main/java/org/apache/tajo/engine/utils/SchemaUtil.java","36","NO"
"294","1","tajo/tajo-core/tajo-core-backend/src/main/java/org/apache/tajo/engine/utils/ThreadUtil.java","76","NO"
"295","1","tajo/tajo-core/tajo-core-backend/src/main/java/org/apache/tajo/engine/utils/TupleUtil.java","335","NO"
"296","1","tajo/tajo-core/tajo-core-backend/src/main/java/org/apache/tajo/jdbc/MetaDataTuple.java","145","NO"
"297","1","tajo/tajo-core/tajo-core-backend/src/main/java/org/apache/tajo/jdbc/TajoConnection.java","300","NO"
"298","1","tajo/tajo-core/tajo-core-backend/src/main/java/org/apache/tajo/jdbc/TajoDatabaseMetaData.java","965","NO"
"299","1","tajo/tajo-core/tajo-core-backend/src/main/java/org/apache/tajo/jdbc/TajoDriver.java","187","NO"
"300","1","tajo/tajo-core/tajo-core-backend/src/main/java/org/apache/tajo/jdbc/TajoMetaDataResultSet.java","49","NO"
"301","1","tajo/tajo-core/tajo-core-backend/src/main/java/org/apache/tajo/jdbc/TajoPreparedStatement.java","482","NO"
"302","1","tajo/tajo-core/tajo-core-backend/src/main/java/org/apache/tajo/jdbc/TajoResultSet.java","115","NO"
"303","1","tajo/tajo-core/tajo-core-backend/src/main/java/org/apache/tajo/jdbc/TajoResultSetBase.java","900","NO"
"304","1","tajo/tajo-core/tajo-core-backend/src/main/java/org/apache/tajo/jdbc/TajoResultSetMetaData.java","109","NO"
"305","1","tajo/tajo-core/tajo-core-backend/src/main/java/org/apache/tajo/jdbc/TajoStatement.java","201","NO"
"306","1","tajo/tajo-core/tajo-core-backend/src/main/java/org/apache/tajo/master/cluster/ServerName.java","85","NO"
"307","1","tajo/tajo-core/tajo-core-backend/src/main/java/org/apache/tajo/master/ContainerProxy.java","49","NO"
"308","1","tajo/tajo-core/tajo-core-backend/src/main/java/org/apache/tajo/master/event/ContainerAllocationEvent.java","48","NO"
"309","1","tajo/tajo-core/tajo-core-backend/src/main/java/org/apache/tajo/master/event/ContainerEvent.java","15","NO"
"310","1","tajo/tajo-core/tajo-core-backend/src/main/java/org/apache/tajo/master/event/GrouppedContainerAllocatorEvent.java","22","NO"
"311","1","tajo/tajo-core/tajo-core-backend/src/main/java/org/apache/tajo/master/event/QueryDiagnosticsUpdateEvent.java","12","YES"
"312","1","tajo/tajo-core/tajo-core-backend/src/main/java/org/apache/tajo/master/event/QueryEvent.java","13","NO"
"313","1","tajo/tajo-core/tajo-core-backend/src/main/java/org/apache/tajo/master/event/QueryFinishEvent.java","16","NO"
"314","1","tajo/tajo-core/tajo-core-backend/src/main/java/org/apache/tajo/master/event/QueryStartEvent.java","36","NO"
"315","1","tajo/tajo-core/tajo-core-backend/src/main/java/org/apache/tajo/master/event/QuerySubQueryEvent.java","13","NO"
"316","1","tajo/tajo-core/tajo-core-backend/src/main/java/org/apache/tajo/master/event/SubQueryCompletedEvent.java","19","NO"
"317","1","tajo/tajo-core/tajo-core-backend/src/main/java/org/apache/tajo/master/event/SubQueryContainerAllocationEvent.java","15","NO"
"318","1","tajo/tajo-core/tajo-core-backend/src/main/java/org/apache/tajo/master/event/SubQueryEvent.java","13","NO"
"319","1","tajo/tajo-core/tajo-core-backend/src/main/java/org/apache/tajo/master/event/SubQuerySucceeEvent.java","10","NO"
"320","1","tajo/tajo-core/tajo-core-backend/src/main/java/org/apache/tajo/master/event/SubQueryTaskEvent.java","13","NO"
"321","1","tajo/tajo-core/tajo-core-backend/src/main/java/org/apache/tajo/master/event/TaskAttemptAssignedEvent.java","24","NO"
"322","1","tajo/tajo-core/tajo-core-backend/src/main/java/org/apache/tajo/master/event/TaskAttemptEvent.java","14","NO"
"323","1","tajo/tajo-core/tajo-core-backend/src/main/java/org/apache/tajo/master/event/TaskAttemptStatusUpdateEvent.java","14","NO"
"324","1","tajo/tajo-core/tajo-core-backend/src/main/java/org/apache/tajo/master/event/TaskCompletionEvent.java","13","NO"
"325","1","tajo/tajo-core/tajo-core-backend/src/main/java/org/apache/tajo/master/event/TaskEvent.java","13","NO"
"326","1","tajo/tajo-core/tajo-core-backend/src/main/java/org/apache/tajo/master/event/TaskFatalErrorEvent.java","14","NO"
"327","1","tajo/tajo-core/tajo-core-backend/src/main/java/org/apache/tajo/master/event/TaskRequestEvent.java","32","NO"
"328","1","tajo/tajo-core/tajo-core-backend/src/main/java/org/apache/tajo/master/event/TaskScheduleEvent.java","42","NO"
"329","1","tajo/tajo-core/tajo-core-backend/src/main/java/org/apache/tajo/master/event/TaskSchedulerEvent.java","18","NO"
"330","1","tajo/tajo-core/tajo-core-backend/src/main/java/org/apache/tajo/master/event/TaskTAttemptEvent.java","13","NO"
"331","1","tajo/tajo-core/tajo-core-backend/src/main/java/org/apache/tajo/master/GlobalEngine.java","370","YES"
"332","1","tajo/tajo-core/tajo-core-backend/src/main/java/org/apache/tajo/master/querymaster/Query.java","366","YES"
"333","1","tajo/tajo-core/tajo-core-backend/src/main/java/org/apache/tajo/master/querymaster/QueryInfo.java","86","NO"
"334","1","tajo/tajo-core/tajo-core-backend/src/main/java/org/apache/tajo/master/querymaster/QueryInProgress.java","209","NO"
"335","1","tajo/tajo-core/tajo-core-backend/src/main/java/org/apache/tajo/master/querymaster/QueryJobEvent.java","19","NO"
"336","1","tajo/tajo-core/tajo-core-backend/src/main/java/org/apache/tajo/master/querymaster/QueryJobManager.java","142","NO"
"337","1","tajo/tajo-core/tajo-core-backend/src/main/java/org/apache/tajo/master/querymaster/QueryMaster.java","357","YES"
"338","1","tajo/tajo-core/tajo-core-backend/src/main/java/org/apache/tajo/master/querymaster/QueryMasterManagerService.java","162","NO"
"339","1","tajo/tajo-core/tajo-core-backend/src/main/java/org/apache/tajo/master/querymaster/QueryMasterRunner.java","111","NO"
"340","1","tajo/tajo-core/tajo-core-backend/src/main/java/org/apache/tajo/master/querymaster/QueryMasterTask.java","377","YES"
"341","1","tajo/tajo-core/tajo-core-backend/src/main/java/org/apache/tajo/master/querymaster/QueryUnit.java","416","YES"
"342","1","tajo/tajo-core/tajo-core-backend/src/main/java/org/apache/tajo/master/querymaster/QueryUnitAttempt.java","266","NO"
"343","1","tajo/tajo-core/tajo-core-backend/src/main/java/org/apache/tajo/master/querymaster/Repartitioner.java","498","NO"
"344","1","tajo/tajo-core/tajo-core-backend/src/main/java/org/apache/tajo/master/querymaster/SubQuery.java","574","YES"
"345","1","tajo/tajo-core/tajo-core-backend/src/main/java/org/apache/tajo/master/rm/TajoWorkerContainer.java","75","NO"
"346","1","tajo/tajo-core/tajo-core-backend/src/main/java/org/apache/tajo/master/rm/TajoWorkerContainerId.java","23","NO"
"347","1","tajo/tajo-core/tajo-core-backend/src/main/java/org/apache/tajo/master/rm/TajoWorkerResourceManager.java","401","NO"
"348","1","tajo/tajo-core/tajo-core-backend/src/main/java/org/apache/tajo/master/rm/WorkerResource.java","244","NO"
"349","1","tajo/tajo-core/tajo-core-backend/src/main/java/org/apache/tajo/master/rm/YarnRMContainerAllocator.java","190","NO"
"350","1","tajo/tajo-core/tajo-core-backend/src/main/java/org/apache/tajo/master/rm/YarnTajoResourceManager.java","249","NO"
"351","1","tajo/tajo-core/tajo-core-backend/src/main/java/org/apache/tajo/master/TajoAsyncDispatcher.java","176","NO"
"352","1","tajo/tajo-core/tajo-core-backend/src/main/java/org/apache/tajo/master/TajoContainerProxy.java","144","YES"
"353","1","tajo/tajo-core/tajo-core-backend/src/main/java/org/apache/tajo/master/TajoMaster.java","482","NO"
"354","1","tajo/tajo-core/tajo-core-backend/src/main/java/org/apache/tajo/master/TajoMasterClientService.java","288","YES"
"355","1","tajo/tajo-core/tajo-core-backend/src/main/java/org/apache/tajo/master/TajoMasterService.java","121","YES"
"356","1","tajo/tajo-core/tajo-core-backend/src/main/java/org/apache/tajo/master/TaskRunnerGroupEvent.java","27","NO"
"357","1","tajo/tajo-core/tajo-core-backend/src/main/java/org/apache/tajo/master/TaskSchedulerImpl.java","435","NO"
"358","1","tajo/tajo-core/tajo-core-backend/src/main/java/org/apache/tajo/master/YarnContainerProxy.java","303","YES"
"359","1","tajo/tajo-core/tajo-core-backend/src/main/java/org/apache/tajo/master/YarnTaskRunnerLauncherImpl.java","117","NO"
"360","1","tajo/tajo-core/tajo-core-backend/src/main/java/org/apache/tajo/net/CachedDNSResolver.java","36","NO"
"361","1","tajo/tajo-core/tajo-core-backend/src/main/java/org/apache/tajo/util/ApplicationIdUtils.java","18","NO"
"362","1","tajo/tajo-core/tajo-core-backend/src/main/java/org/apache/tajo/util/GeoUtil.java","23","NO"
"363","1","tajo/tajo-core/tajo-core-backend/src/main/java/org/apache/tajo/util/IndexUtil.java","111","NO"
"364","1","tajo/tajo-core/tajo-core-backend/src/main/java/org/apache/tajo/util/JSPUtil.java","134","NO"
"365","1","tajo/tajo-core/tajo-core-backend/src/main/java/org/apache/tajo/webapp/HttpServer.java","302","YES"
"366","1","tajo/tajo-core/tajo-core-backend/src/main/java/org/apache/tajo/webapp/QueryExecutorServlet.java","302","NO"
"367","1","tajo/tajo-core/tajo-core-backend/src/main/java/org/apache/tajo/webapp/StaticHttpServer.java","45","NO"
"368","1","tajo/tajo-core/tajo-core-backend/src/main/java/org/apache/tajo/worker/AbstractResourceAllocator.java","27","NO"
"369","1","tajo/tajo-core/tajo-core-backend/src/main/java/org/apache/tajo/worker/dataserver/HttpDataServer.java","55","NO"
"370","1","tajo/tajo-core/tajo-core-backend/src/main/java/org/apache/tajo/worker/dataserver/HttpDataServerHandler.java","146","NO"
"371","1","tajo/tajo-core/tajo-core-backend/src/main/java/org/apache/tajo/worker/dataserver/HttpDataServerPipelineFactory.java","22","NO"
"372","1","tajo/tajo-core/tajo-core-backend/src/main/java/org/apache/tajo/worker/dataserver/HttpUtil.java","35","NO"
"373","1","tajo/tajo-core/tajo-core-backend/src/main/java/org/apache/tajo/worker/dataserver/retriever/AdvancedDataRetriever.java","93","NO"
"374","1","tajo/tajo-core/tajo-core-backend/src/main/java/org/apache/tajo/worker/dataserver/retriever/DirectoryRetriever.java","31","NO"
"375","1","tajo/tajo-core/tajo-core-backend/src/main/java/org/apache/tajo/worker/dataserver/retriever/FileChunk.java","26","NO"
"376","1","tajo/tajo-core/tajo-core-backend/src/main/java/org/apache/tajo/worker/Fetcher.java","151","YES"
"377","1","tajo/tajo-core/tajo-core-backend/src/main/java/org/apache/tajo/worker/InterDataRetriever.java","76","NO"
"378","1","tajo/tajo-core/tajo-core-backend/src/main/java/org/apache/tajo/worker/PartitionRetrieverHandler.java","18","NO"
"379","1","tajo/tajo-core/tajo-core-backend/src/main/java/org/apache/tajo/worker/RangeRetrieverHandler.java","111","NO"
"380","1","tajo/tajo-core/tajo-core-backend/src/main/java/org/apache/tajo/worker/TajoQueryEngine.java","24","NO"
"381","1","tajo/tajo-core/tajo-core-backend/src/main/java/org/apache/tajo/worker/TajoResourceAllocator.java","277","NO"
"382","1","tajo/tajo-core/tajo-core-backend/src/main/java/org/apache/tajo/worker/TajoWorker.java","541","YES"
"383","1","tajo/tajo-core/tajo-core-backend/src/main/java/org/apache/tajo/worker/TajoWorkerClientService.java","159","YES"
"384","1","tajo/tajo-core/tajo-core-backend/src/main/java/org/apache/tajo/worker/TajoWorkerManagerService.java","102","YES"
"385","1","tajo/tajo-core/tajo-core-backend/src/main/java/org/apache/tajo/worker/Task.java","500","YES"
"386","1","tajo/tajo-core/tajo-core-backend/src/main/java/org/apache/tajo/worker/TaskAttemptContext.java","178","NO"
"387","1","tajo/tajo-core/tajo-core-backend/src/main/java/org/apache/tajo/worker/TaskRunner.java","274","NO"
"388","1","tajo/tajo-core/tajo-core-backend/src/main/java/org/apache/tajo/worker/TaskRunnerManager.java","132","NO"
"389","1","tajo/tajo-core/tajo-core-backend/src/main/java/org/apache/tajo/worker/YarnResourceAllocator.java","74","NO"
"390","1","tajo/tajo-core/tajo-core-pullserver/src/main/java/org/apache/tajo/pullserver/FadvisedChunkedFile.java","53","NO"
"391","1","tajo/tajo-core/tajo-core-pullserver/src/main/java/org/apache/tajo/pullserver/FadvisedFileRegion.java","55","NO"
"392","1","tajo/tajo-core/tajo-core-pullserver/src/main/java/org/apache/tajo/pullserver/HttpDataServerHandler.java","166","NO"
"393","1","tajo/tajo-core/tajo-core-pullserver/src/main/java/org/apache/tajo/pullserver/HttpDataServerPipelineFactory.java","25","NO"
"394","1","tajo/tajo-core/tajo-core-pullserver/src/main/java/org/apache/tajo/pullserver/HttpUtil.java","35","NO"
"395","1","tajo/tajo-core/tajo-core-pullserver/src/main/java/org/apache/tajo/pullserver/PullServerAuxService.java","520","NO"
"396","1","tajo/tajo-core/tajo-core-pullserver/src/main/java/org/apache/tajo/pullserver/retriever/AdvancedDataRetriever.java","92","NO"
"397","1","tajo/tajo-core/tajo-core-pullserver/src/main/java/org/apache/tajo/pullserver/retriever/DirectoryRetriever.java","31","NO"
"398","1","tajo/tajo-core/tajo-core-pullserver/src/main/java/org/apache/tajo/pullserver/retriever/FileChunk.java","26","NO"
"399","1","tajo/tajo-core/tajo-core-pullserver/src/main/java/org/apache/tajo/pullserver/TajoPullServerService.java","511","NO"
"400","1","tajo/tajo-core/tajo-core-storage/src/main/java/org/apache/tajo/storage/AbstractStorageManager.java","458","YES"
"401","1","tajo/tajo-core/tajo-core-storage/src/main/java/org/apache/tajo/storage/compress/CodecPool.java","101","NO"
"402","1","tajo/tajo-core/tajo-core-storage/src/main/java/org/apache/tajo/storage/CSVFile.java","521","NO"
"403","1","tajo/tajo-core/tajo-core-storage/src/main/java/org/apache/tajo/storage/DataLocation.java","22","NO"
"404","1","tajo/tajo-core/tajo-core-storage/src/main/java/org/apache/tajo/storage/FileAppender.java","33","NO"
"405","1","tajo/tajo-core/tajo-core-storage/src/main/java/org/apache/tajo/storage/FileScanner.java","42","NO"
"406","1","tajo/tajo-core/tajo-core-storage/src/main/java/org/apache/tajo/storage/fragment/FileFragment.java","157","NO"
"407","1","tajo/tajo-core/tajo-core-storage/src/main/java/org/apache/tajo/storage/fragment/FragmentConvertor.java","82","NO"
"408","1","tajo/tajo-core/tajo-core-storage/src/main/java/org/apache/tajo/storage/FrameTuple.java","161","NO"
"409","1","tajo/tajo-core/tajo-core-storage/src/main/java/org/apache/tajo/storage/index/bst/BSTIndex.java","462","NO"
"410","1","tajo/tajo-core/tajo-core-storage/src/main/java/org/apache/tajo/storage/index/IndexWriter.java","7","NO"
"411","1","tajo/tajo-core/tajo-core-storage/src/main/java/org/apache/tajo/storage/LazyTuple.java","281","NO"
"412","1","tajo/tajo-core/tajo-core-storage/src/main/java/org/apache/tajo/storage/MergeScanner.java","99","YES"
"413","1","tajo/tajo-core/tajo-core-storage/src/main/java/org/apache/tajo/storage/NumericPathComparator.java","11","NO"
"414","1","tajo/tajo-core/tajo-core-storage/src/main/java/org/apache/tajo/storage/RawFile.java","380","YES"
"415","1","tajo/tajo-core/tajo-core-storage/src/main/java/org/apache/tajo/storage/rcfile/BytesRefArrayWritable.java","128","NO"
"416","1","tajo/tajo-core/tajo-core-storage/src/main/java/org/apache/tajo/storage/rcfile/BytesRefWritable.java","141","NO"
"417","1","tajo/tajo-core/tajo-core-storage/src/main/java/org/apache/tajo/storage/rcfile/ColumnProjectionUtils.java","63","NO"
"418","1","tajo/tajo-core/tajo-core-storage/src/main/java/org/apache/tajo/storage/rcfile/NonSyncByteArrayInputStream.java","64","NO"
"419","1","tajo/tajo-core/tajo-core-storage/src/main/java/org/apache/tajo/storage/rcfile/NonSyncByteArrayOutputStream.java","63","NO"
"420","1","tajo/tajo-core/tajo-core-storage/src/main/java/org/apache/tajo/storage/rcfile/NonSyncDataInputBuffer.java","224","NO"
"421","1","tajo/tajo-core/tajo-core-storage/src/main/java/org/apache/tajo/storage/rcfile/NonSyncDataOutputBuffer.java","45","NO"
"422","1","tajo/tajo-core/tajo-core-storage/src/main/java/org/apache/tajo/storage/rcfile/RCFile.java","1163","NO"
"423","1","tajo/tajo-core/tajo-core-storage/src/main/java/org/apache/tajo/storage/rcfile/RCFileWrapper.java","276","NO"
"424","1","tajo/tajo-core/tajo-core-storage/src/main/java/org/apache/tajo/storage/rcfile/SchemaAwareCompressionInputStream.java","9","NO"
"425","1","tajo/tajo-core/tajo-core-storage/src/main/java/org/apache/tajo/storage/rcfile/SchemaAwareCompressionOutputStream.java","9","NO"
"426","1","tajo/tajo-core/tajo-core-storage/src/main/java/org/apache/tajo/storage/RowFile.java","402","NO"
"427","1","tajo/tajo-core/tajo-core-storage/src/main/java/org/apache/tajo/storage/RowStoreUtil.java","156","YES"
"428","1","tajo/tajo-core/tajo-core-storage/src/main/java/org/apache/tajo/storage/Storage.java","20","NO"
"429","1","tajo/tajo-core/tajo-core-storage/src/main/java/org/apache/tajo/storage/StorageManager.java","36","NO"
"430","1","tajo/tajo-core/tajo-core-storage/src/main/java/org/apache/tajo/storage/StorageManagerFactory.java","61","NO"
"431","1","tajo/tajo-core/tajo-core-storage/src/main/java/org/apache/tajo/storage/StorageUtil.java","55","NO"
"432","1","tajo/tajo-core/tajo-core-storage/src/main/java/org/apache/tajo/storage/TableStatistics.java","78","NO"
"433","1","tajo/tajo-core/tajo-core-storage/src/main/java/org/apache/tajo/storage/trevni/TrevniAppender.java","160","NO"
"434","1","tajo/tajo-core/tajo-core-storage/src/main/java/org/apache/tajo/storage/trevni/TrevniScanner.java","145","NO"
"435","1","tajo/tajo-core/tajo-core-storage/src/main/java/org/apache/tajo/storage/TupleComparator.java","110","NO"
"436","1","tajo/tajo-core/tajo-core-storage/src/main/java/org/apache/tajo/storage/TupleRange.java","67","NO"
"437","1","tajo/tajo-core/tajo-core-storage/src/main/java/org/apache/tajo/storage/v2/CSVFileScanner.java","321","NO"
"438","1","tajo/tajo-core/tajo-core-storage/src/main/java/org/apache/tajo/storage/v2/DiskDeviceInfo.java","33","NO"
"439","1","tajo/tajo-core/tajo-core-storage/src/main/java/org/apache/tajo/storage/v2/DiskFileScanScheduler.java","152","NO"
"440","1","tajo/tajo-core/tajo-core-storage/src/main/java/org/apache/tajo/storage/v2/DiskInfo.java","42","NO"
"441","1","tajo/tajo-core/tajo-core-storage/src/main/java/org/apache/tajo/storage/v2/DiskMountInfo.java","53","NO"
"442","1","tajo/tajo-core/tajo-core-storage/src/main/java/org/apache/tajo/storage/v2/DiskUtil.java","150","NO"
"443","1","tajo/tajo-core/tajo-core-storage/src/main/java/org/apache/tajo/storage/v2/FileScannerV2.java","149","NO"
"444","1","tajo/tajo-core/tajo-core-storage/src/main/java/org/apache/tajo/storage/v2/FileScanRunner.java","44","NO"
"445","1","tajo/tajo-core/tajo-core-storage/src/main/java/org/apache/tajo/storage/v2/RCFile.java","1180","NO"
"446","1","tajo/tajo-core/tajo-core-storage/src/main/java/org/apache/tajo/storage/v2/RCFileScanner.java","270","NO"
"447","1","tajo/tajo-core/tajo-core-storage/src/main/java/org/apache/tajo/storage/v2/ScanScheduler.java","141","NO"
"448","1","tajo/tajo-core/tajo-core-storage/src/main/java/org/apache/tajo/storage/v2/ScheduledInputStream.java","425","NO"
"449","1","tajo/tajo-core/tajo-core-storage/src/main/java/org/apache/tajo/storage/v2/StorageManagerV2.java","94","NO"
"450","1","tajo/tajo-core/tajo-core-storage/src/main/java/org/apache/tajo/storage/VTuple.java","159","NO"
"451","1","tajo/tajo-rpc/src/main/java/org/apache/tajo/rpc/AsyncRpcClient.java","170","NO"
"452","1","tajo/tajo-rpc/src/main/java/org/apache/tajo/rpc/AsyncRpcServer.java","84","NO"
"453","1","tajo/tajo-rpc/src/main/java/org/apache/tajo/rpc/BlockingRpcClient.java","208","NO"
"454","1","tajo/tajo-rpc/src/main/java/org/apache/tajo/rpc/BlockingRpcServer.java","83","NO"
"455","1","tajo/tajo-rpc/src/main/java/org/apache/tajo/rpc/CallFuture.java","51","NO"
"456","1","tajo/tajo-rpc/src/main/java/org/apache/tajo/rpc/DefaultRpcController.java","33","NO"
"457","1","tajo/tajo-rpc/src/main/java/org/apache/tajo/rpc/NettyClientBase.java","62","NO"
"458","1","tajo/tajo-rpc/src/main/java/org/apache/tajo/rpc/NettyRpcController.java","34","NO"
"459","1","tajo/tajo-rpc/src/main/java/org/apache/tajo/rpc/NettyServerBase.java","132","NO"
"460","1","tajo/tajo-rpc/src/main/java/org/apache/tajo/rpc/NullCallback.java","14","NO"
"461","1","tajo/tajo-rpc/src/main/java/org/apache/tajo/rpc/ProtoPipelineFactory.java","29","NO"
"462","1","tajo/tajo-rpc/src/main/java/org/apache/tajo/rpc/RpcConnectionPool.java","99","NO"
"463","1","tajo/tajo-rpc/src/main/java/org/apache/tajo/rpc/ServerCallable.java","116","NO"
"464","2","tajo/tajo-algebra/src/main/java/org/apache/tajo/algebra/Aggregation.java","83","NO"
"465","2","tajo/tajo-algebra/src/main/java/org/apache/tajo/algebra/AlterTable.java","70","NO"
"466","2","tajo/tajo-algebra/src/main/java/org/apache/tajo/algebra/AlterTablespace.java","36","NO"
"467","2","tajo/tajo-algebra/src/main/java/org/apache/tajo/algebra/BetweenPredicate.java","42","NO"
"468","2","tajo/tajo-algebra/src/main/java/org/apache/tajo/algebra/BinaryOperator.java","36","NO"
"469","2","tajo/tajo-algebra/src/main/java/org/apache/tajo/algebra/BooleanLiteral.java","11","NO"
"470","2","tajo/tajo-algebra/src/main/java/org/apache/tajo/algebra/CaseWhenPredicate.java","71","NO"
"471","2","tajo/tajo-algebra/src/main/java/org/apache/tajo/algebra/CastExpr.java","25","NO"
"472","2","tajo/tajo-algebra/src/main/java/org/apache/tajo/algebra/ColumnDefinition.java","34","NO"
"473","2","tajo/tajo-algebra/src/main/java/org/apache/tajo/algebra/ColumnReferenceExpr.java","58","NO"
"474","2","tajo/tajo-algebra/src/main/java/org/apache/tajo/algebra/CountRowsFunctionExpr.java","10","NO"
"475","2","tajo/tajo-algebra/src/main/java/org/apache/tajo/algebra/CreateDatabase.java","37","NO"
"476","2","tajo/tajo-algebra/src/main/java/org/apache/tajo/algebra/CreateTable.java","317","NO"
"477","2","tajo/tajo-algebra/src/main/java/org/apache/tajo/algebra/DataTypeExpr.java","44","NO"
"478","2","tajo/tajo-algebra/src/main/java/org/apache/tajo/algebra/DateLiteral.java","26","NO"
"479","2","tajo/tajo-algebra/src/main/java/org/apache/tajo/algebra/DateValue.java","35","NO"
"480","2","tajo/tajo-algebra/src/main/java/org/apache/tajo/algebra/DropDatabase.java","27","NO"
"481","2","tajo/tajo-algebra/src/main/java/org/apache/tajo/algebra/DropTable.java","36","NO"
"482","2","tajo/tajo-algebra/src/main/java/org/apache/tajo/algebra/ExistsPredicate.java","25","NO"
"483","2","tajo/tajo-algebra/src/main/java/org/apache/tajo/algebra/Explain.java","15","NO"
"484","2","tajo/tajo-algebra/src/main/java/org/apache/tajo/algebra/Expr.java","75","NO"
"485","2","tajo/tajo-algebra/src/main/java/org/apache/tajo/algebra/FunctionExpr.java","54","NO"
"486","2","tajo/tajo-algebra/src/main/java/org/apache/tajo/algebra/GeneralSetFunctionExpr.java","25","NO"
"487","2","tajo/tajo-algebra/src/main/java/org/apache/tajo/algebra/Having.java","35","NO"
"488","2","tajo/tajo-algebra/src/main/java/org/apache/tajo/algebra/InPredicate.java","17","NO"
"489","2","tajo/tajo-algebra/src/main/java/org/apache/tajo/algebra/Insert.java","91","NO"
"490","2","tajo/tajo-algebra/src/main/java/org/apache/tajo/algebra/IntervalLiteral.java","22","NO"
"491","2","tajo/tajo-algebra/src/main/java/org/apache/tajo/algebra/IsNullPredicate.java","24","NO"
"492","2","tajo/tajo-algebra/src/main/java/org/apache/tajo/algebra/Join.java","55","NO"
"493","2","tajo/tajo-algebra/src/main/java/org/apache/tajo/algebra/JsonHelper.java","29","NO"
"494","2","tajo/tajo-algebra/src/main/java/org/apache/tajo/algebra/Limit.java","28","NO"
"495","2","tajo/tajo-algebra/src/main/java/org/apache/tajo/algebra/LiteralValue.java","38","NO"
"496","2","tajo/tajo-algebra/src/main/java/org/apache/tajo/algebra/NamedExpr.java","45","NO"
"497","2","tajo/tajo-algebra/src/main/java/org/apache/tajo/algebra/NotExpr.java","11","NO"
"498","2","tajo/tajo-algebra/src/main/java/org/apache/tajo/algebra/NullLiteral.java","14","NO"
"499","2","tajo/tajo-algebra/src/main/java/org/apache/tajo/algebra/PatternMatchPredicate.java","37","NO"
"500","2","tajo/tajo-algebra/src/main/java/org/apache/tajo/algebra/Projection.java","44","NO"
"501","2","tajo/tajo-algebra/src/main/java/org/apache/tajo/algebra/QualifiedAsteriskExpr.java","36","NO"
"502","2","tajo/tajo-algebra/src/main/java/org/apache/tajo/algebra/Relation.java","43","NO"
"503","2","tajo/tajo-algebra/src/main/java/org/apache/tajo/algebra/RelationList.java","44","NO"
"504","2","tajo/tajo-algebra/src/main/java/org/apache/tajo/algebra/ScalarSubQuery.java","17","NO"
"505","2","tajo/tajo-algebra/src/main/java/org/apache/tajo/algebra/Selection.java","34","NO"
"506","2","tajo/tajo-algebra/src/main/java/org/apache/tajo/algebra/SetOperation.java","26","NO"
"507","2","tajo/tajo-algebra/src/main/java/org/apache/tajo/algebra/SignedExpr.java","20","NO"
"508","2","tajo/tajo-algebra/src/main/java/org/apache/tajo/algebra/SimpleTableSubQuery.java","17","NO"
"509","2","tajo/tajo-algebra/src/main/java/org/apache/tajo/algebra/Sort.java","76","NO"
"510","2","tajo/tajo-algebra/src/main/java/org/apache/tajo/algebra/TablePrimarySubQuery.java","34","NO"
"511","2","tajo/tajo-algebra/src/main/java/org/apache/tajo/algebra/TimeLiteral.java","26","NO"
"512","2","tajo/tajo-algebra/src/main/java/org/apache/tajo/algebra/TimestampLiteral.java","31","NO"
"513","2","tajo/tajo-algebra/src/main/java/org/apache/tajo/algebra/TimeValue.java","49","NO"
"514","2","tajo/tajo-algebra/src/main/java/org/apache/tajo/algebra/UnaryOperator.java","20","NO"
"515","2","tajo/tajo-algebra/src/main/java/org/apache/tajo/algebra/ValueListExpr.java","22","NO"
"516","2","tajo/tajo-catalog/tajo-catalog-client/src/main/java/org/apache/tajo/catalog/AbstractCatalogClient.java","557","NO"
"517","2","tajo/tajo-catalog/tajo-catalog-client/src/main/java/org/apache/tajo/catalog/CatalogClient.java","21","NO"
"518","2","tajo/tajo-catalog/tajo-catalog-common/src/main/java/org/apache/tajo/catalog/AlterTableDesc.java","117","NO"
"519","2","tajo/tajo-catalog/tajo-catalog-common/src/main/java/org/apache/tajo/catalog/CatalogConstants.java","29","NO"
"520","2","tajo/tajo-catalog/tajo-catalog-common/src/main/java/org/apache/tajo/catalog/CatalogUtil.java","505","NO"
"521","2","tajo/tajo-catalog/tajo-catalog-common/src/main/java/org/apache/tajo/catalog/Column.java","70","NO"
"522","2","tajo/tajo-catalog/tajo-catalog-common/src/main/java/org/apache/tajo/catalog/DDLBuilder.java","92","NO"
"523","2","tajo/tajo-catalog/tajo-catalog-common/src/main/java/org/apache/tajo/catalog/function/Function.java","39","NO"
"524","2","tajo/tajo-catalog/tajo-catalog-common/src/main/java/org/apache/tajo/catalog/FunctionDesc.java","168","NO"
"525","2","tajo/tajo-catalog/tajo-catalog-common/src/main/java/org/apache/tajo/catalog/IndexDesc.java","116","NO"
"526","2","tajo/tajo-catalog/tajo-catalog-common/src/main/java/org/apache/tajo/catalog/json/CatalogGsonHelper.java","51","NO"
"527","2","tajo/tajo-catalog/tajo-catalog-common/src/main/java/org/apache/tajo/catalog/json/FunctionAdapter.java","31","NO"
"528","2","tajo/tajo-catalog/tajo-catalog-common/src/main/java/org/apache/tajo/catalog/json/TableMetaAdapter.java","32","NO"
"529","2","tajo/tajo-catalog/tajo-catalog-common/src/main/java/org/apache/tajo/catalog/Options.java","111","NO"
"530","2","tajo/tajo-catalog/tajo-catalog-common/src/main/java/org/apache/tajo/catalog/partition/PartitionDesc.java","114","NO"
"531","2","tajo/tajo-catalog/tajo-catalog-common/src/main/java/org/apache/tajo/catalog/partition/PartitionMethodDesc.java","119","NO"
"532","2","tajo/tajo-catalog/tajo-catalog-common/src/main/java/org/apache/tajo/catalog/Schema.java","278","NO"
"533","2","tajo/tajo-catalog/tajo-catalog-common/src/main/java/org/apache/tajo/catalog/SortSpec.java","78","NO"
"534","2","tajo/tajo-catalog/tajo-catalog-common/src/main/java/org/apache/tajo/catalog/statistics/ColumnStats.java","127","NO"
"535","2","tajo/tajo-catalog/tajo-catalog-common/src/main/java/org/apache/tajo/catalog/statistics/Stat.java","65","NO"
"536","2","tajo/tajo-catalog/tajo-catalog-common/src/main/java/org/apache/tajo/catalog/statistics/StatisticsUtil.java","101","NO"
"537","2","tajo/tajo-catalog/tajo-catalog-common/src/main/java/org/apache/tajo/catalog/statistics/StatSet.java","110","NO"
"538","2","tajo/tajo-catalog/tajo-catalog-common/src/main/java/org/apache/tajo/catalog/statistics/TableStats.java","209","NO"
"539","2","tajo/tajo-catalog/tajo-catalog-common/src/main/java/org/apache/tajo/catalog/TableDesc.java","176","NO"
"540","2","tajo/tajo-catalog/tajo-catalog-common/src/main/java/org/apache/tajo/catalog/TableMeta.java","147","NO"
"541","2","tajo/tajo-catalog/tajo-catalog-common/src/main/java/org/apache/tajo/catalog/TableUtil.java","26","NO"
"542","2","tajo/tajo-catalog/tajo-catalog-drivers/tajo-hcatalog/src/main/java/org/apache/tajo/catalog/store/HCatalogStore.java","637","YES"
"543","2","tajo/tajo-catalog/tajo-catalog-drivers/tajo-hcatalog/src/main/java/org/apache/tajo/catalog/store/HCatalogStoreClientPool.java","95","NO"
"544","2","tajo/tajo-catalog/tajo-catalog-drivers/tajo-hcatalog/src/main/java/org/apache/tajo/catalog/store/HCatalogUtil.java","106","NO"
"545","2","tajo/tajo-catalog/tajo-catalog-server/src/main/java/org/apache/tajo/catalog/CatalogServer.java","850","NO"
"546","2","tajo/tajo-catalog/tajo-catalog-server/src/main/java/org/apache/tajo/catalog/LocalCatalogWrapper.java","30","NO"
"547","2","tajo/tajo-catalog/tajo-catalog-server/src/main/java/org/apache/tajo/catalog/MiniCatalogServer.java","23","NO"
"548","2","tajo/tajo-catalog/tajo-catalog-server/src/main/java/org/apache/tajo/catalog/store/AbstractDBStore.java","1593","NO"
"549","2","tajo/tajo-catalog/tajo-catalog-server/src/main/java/org/apache/tajo/catalog/store/DerbyStore.java","270","NO"
"550","2","tajo/tajo-catalog/tajo-catalog-server/src/main/java/org/apache/tajo/catalog/store/MemStore.java","339","NO"
"551","2","tajo/tajo-catalog/tajo-catalog-server/src/main/java/org/apache/tajo/catalog/store/MySQLStore.java","204","NO"
"552","2","tajo/tajo-client/src/main/java/org/apache/tajo/cli/ConnectDatabaseCommand.java","44","NO"
"553","2","tajo/tajo-client/src/main/java/org/apache/tajo/cli/CopyrightCommand.java","39","NO"
"554","2","tajo/tajo-client/src/main/java/org/apache/tajo/cli/DefaultTajoCliOutputFormatter.java","149","NO"
"555","2","tajo/tajo-client/src/main/java/org/apache/tajo/cli/DescFunctionCommand.java","92","NO"
"556","2","tajo/tajo-client/src/main/java/org/apache/tajo/cli/DescTableCommand.java","82","NO"
"557","2","tajo/tajo-client/src/main/java/org/apache/tajo/cli/ExecExternalShellCommand.java","83","NO"
"558","2","tajo/tajo-client/src/main/java/org/apache/tajo/cli/ExitCommand.java","23","NO"
"559","2","tajo/tajo-client/src/main/java/org/apache/tajo/cli/HdfsCommand.java","31","NO"
"560","2","tajo/tajo-client/src/main/java/org/apache/tajo/cli/HelpCommand.java","69","NO"
"561","2","tajo/tajo-client/src/main/java/org/apache/tajo/cli/ListDatabaseCommand.java","24","NO"
"562","2","tajo/tajo-client/src/main/java/org/apache/tajo/cli/ParsedResult.java","22","NO"
"563","2","tajo/tajo-client/src/main/java/org/apache/tajo/cli/SetCommand.java","35","NO"
"564","2","tajo/tajo-client/src/main/java/org/apache/tajo/cli/SimpleParser.java","166","NO"
"565","2","tajo/tajo-client/src/main/java/org/apache/tajo/cli/TajoAdminCommand.java","31","NO"
"566","2","tajo/tajo-client/src/main/java/org/apache/tajo/cli/TajoCli.java","405","YES"
"567","2","tajo/tajo-client/src/main/java/org/apache/tajo/cli/TajoFileHistory.java","14","NO"
"568","2","tajo/tajo-client/src/main/java/org/apache/tajo/cli/TajoShellCommand.java","84","NO"
"569","2","tajo/tajo-client/src/main/java/org/apache/tajo/cli/UnsetCommand.java","27","NO"
"570","2","tajo/tajo-client/src/main/java/org/apache/tajo/cli/VersionCommand.java","23","NO"
"571","2","tajo/tajo-client/src/main/java/org/apache/tajo/client/QueryStatus.java","62","NO"
"572","2","tajo/tajo-client/src/main/java/org/apache/tajo/client/ResultSetUtil.java","159","NO"
"573","2","tajo/tajo-client/src/main/java/org/apache/tajo/client/TajoAdmin.java","352","NO"
"574","2","tajo/tajo-client/src/main/java/org/apache/tajo/client/TajoClient.java","630","YES"
"575","2","tajo/tajo-client/src/main/java/org/apache/tajo/client/TajoDump.java","142","NO"
"576","2","tajo/tajo-client/src/main/java/org/apache/tajo/jdbc/TajoMemoryResultSet.java","51","NO"
"577","2","tajo/tajo-client/src/main/java/org/apache/tajo/jdbc/TajoResultSet.java","156","NO"
"578","2","tajo/tajo-client/src/main/java/org/apache/tajo/jdbc/TajoResultSetBase.java","902","NO"
"579","2","tajo/tajo-client/src/main/java/org/apache/tajo/jdbc/TajoResultSetMetaData.java","116","NO"
"580","2","tajo/tajo-common/src/main/java/org/apache/tajo/common/Sleeper.java","21","NO"
"581","2","tajo/tajo-common/src/main/java/org/apache/tajo/common/type/IPv4.java","126","NO"
"582","2","tajo/tajo-common/src/main/java/org/apache/tajo/common/type/TimeRange.java","46","NO"
"583","2","tajo/tajo-common/src/main/java/org/apache/tajo/conf/TajoConf.java","346","NO"
"584","2","tajo/tajo-common/src/main/java/org/apache/tajo/datum/BitDatum.java","98","NO"
"585","2","tajo/tajo-common/src/main/java/org/apache/tajo/datum/BlobDatum.java","124","NO"
"586","2","tajo/tajo-common/src/main/java/org/apache/tajo/datum/BooleanDatum.java","129","NO"
"587","2","tajo/tajo-common/src/main/java/org/apache/tajo/datum/CharDatum.java","112","NO"
"588","2","tajo/tajo-common/src/main/java/org/apache/tajo/datum/DateDatum.java","203","NO"
"589","2","tajo/tajo-common/src/main/java/org/apache/tajo/datum/Datum.java","138","NO"
"590","2","tajo/tajo-common/src/main/java/org/apache/tajo/datum/DatumFactory.java","324","NO"
"591","2","tajo/tajo-common/src/main/java/org/apache/tajo/datum/Float4Datum.java","265","NO"
"592","2","tajo/tajo-common/src/main/java/org/apache/tajo/datum/Float8Datum.java","255","NO"
"593","2","tajo/tajo-common/src/main/java/org/apache/tajo/datum/Inet4Datum.java","99","NO"
"594","2","tajo/tajo-common/src/main/java/org/apache/tajo/datum/Int2Datum.java","257","NO"
"595","2","tajo/tajo-common/src/main/java/org/apache/tajo/datum/Int4Datum.java","260","NO"
"596","2","tajo/tajo-common/src/main/java/org/apache/tajo/datum/Int8Datum.java","267","NO"
"597","2","tajo/tajo-common/src/main/java/org/apache/tajo/datum/IntervalDatum.java","371","NO"
"598","2","tajo/tajo-common/src/main/java/org/apache/tajo/datum/NullDatum.java","122","NO"
"599","2","tajo/tajo-common/src/main/java/org/apache/tajo/datum/NumericDatum.java","12","NO"
"600","2","tajo/tajo-common/src/main/java/org/apache/tajo/datum/protobuf/AbstractCharBasedFormatter.java","38","NO"
"601","2","tajo/tajo-common/src/main/java/org/apache/tajo/datum/protobuf/ProtobufFormatter.java","73","NO"
"602","2","tajo/tajo-common/src/main/java/org/apache/tajo/datum/protobuf/ProtobufJsonFormat.java","1036","NO"
"603","2","tajo/tajo-common/src/main/java/org/apache/tajo/datum/protobuf/TextUtils.java","294","NO"
"604","2","tajo/tajo-common/src/main/java/org/apache/tajo/datum/ProtobufDatum.java","46","NO"
"605","2","tajo/tajo-common/src/main/java/org/apache/tajo/datum/ProtobufDatumFactory.java","62","NO"
"606","2","tajo/tajo-common/src/main/java/org/apache/tajo/datum/TextDatum.java","107","NO"
"607","2","tajo/tajo-common/src/main/java/org/apache/tajo/datum/TimeDatum.java","146","NO"
"608","2","tajo/tajo-common/src/main/java/org/apache/tajo/datum/TimestampDatum.java","192","NO"
"609","2","tajo/tajo-common/src/main/java/org/apache/tajo/ExecutionBlockId.java","58","NO"
"610","2","tajo/tajo-common/src/main/java/org/apache/tajo/json/ClassNameSerializer.java","20","NO"
"611","2","tajo/tajo-common/src/main/java/org/apache/tajo/json/CommonGsonHelper.java","41","NO"
"612","2","tajo/tajo-common/src/main/java/org/apache/tajo/json/DataTypeAdapter.java","36","NO"
"613","2","tajo/tajo-common/src/main/java/org/apache/tajo/json/DatumAdapter.java","52","NO"
"614","2","tajo/tajo-common/src/main/java/org/apache/tajo/json/GsonHelper.java","25","NO"
"615","2","tajo/tajo-common/src/main/java/org/apache/tajo/json/PathSerializer.java","15","NO"
"616","2","tajo/tajo-common/src/main/java/org/apache/tajo/QueryId.java","59","NO"
"617","2","tajo/tajo-common/src/main/java/org/apache/tajo/QueryIdFactory.java","62","NO"
"618","2","tajo/tajo-common/src/main/java/org/apache/tajo/QueryUnitAttemptId.java","61","NO"
"619","2","tajo/tajo-common/src/main/java/org/apache/tajo/QueryUnitId.java","58","NO"
"620","2","tajo/tajo-common/src/main/java/org/apache/tajo/TajoConstants.java","15","NO"
"621","2","tajo/tajo-common/src/main/java/org/apache/tajo/unit/StorageUnit.java","9","NO"
"622","2","tajo/tajo-common/src/main/java/org/apache/tajo/unit/TimeUnit.java","8","NO"
"623","2","tajo/tajo-common/src/main/java/org/apache/tajo/util/BitArray.java","68","NO"
"624","2","tajo/tajo-common/src/main/java/org/apache/tajo/util/Bytes.java","1244","NO"
"625","2","tajo/tajo-common/src/main/java/org/apache/tajo/util/ClassSize.java","161","NO"
"626","2","tajo/tajo-common/src/main/java/org/apache/tajo/util/CommonTestingUtil.java","33","NO"
"627","2","tajo/tajo-common/src/main/java/org/apache/tajo/util/FileUtil.java","101","NO"
"628","2","tajo/tajo-common/src/main/java/org/apache/tajo/util/JarUtil.java","29","NO"
"629","2","tajo/tajo-common/src/main/java/org/apache/tajo/util/NetUtils.java","53","NO"
"630","2","tajo/tajo-common/src/main/java/org/apache/tajo/util/NumberUtil.java","49","NO"
"631","2","tajo/tajo-common/src/main/java/org/apache/tajo/util/Pair.java","15","NO"
"632","2","tajo/tajo-common/src/main/java/org/apache/tajo/util/ProtoUtil.java","17","NO"
"633","2","tajo/tajo-common/src/main/java/org/apache/tajo/util/ReflectionUtil.java","13","NO"
"634","2","tajo/tajo-common/src/main/java/org/apache/tajo/util/StringUtils.java","108","NO"
"635","2","tajo/tajo-common/src/main/java/org/apache/tajo/util/TajoIdUtils.java","23","NO"
"636","2","tajo/tajo-common/src/main/java/org/apache/tajo/util/TimeStampUtil.java","37","NO"
"637","2","tajo/tajo-common/src/main/java/org/apache/tajo/util/TUtil.java","156","NO"
"638","2","tajo/tajo-common/src/main/java/org/apache/tajo/util/VersionInfo.java","97","NO"
"639","2","tajo/tajo-core/src/main/java/org/apache/tajo/benchmark/BenchmarkSet.java","83","NO"
"640","2","tajo/tajo-core/src/main/java/org/apache/tajo/benchmark/Driver.java","22","NO"
"641","2","tajo/tajo-core/src/main/java/org/apache/tajo/benchmark/SimpleQuery.java","8","NO"
"642","2","tajo/tajo-core/src/main/java/org/apache/tajo/benchmark/TPCH.java","156","NO"
"643","2","tajo/tajo-core/src/main/java/org/apache/tajo/engine/eval/AggregationFunctionCallEval.java","62","NO"
"644","2","tajo/tajo-core/src/main/java/org/apache/tajo/engine/eval/AlgebraicUtil.java","254","NO"
"645","2","tajo/tajo-core/src/main/java/org/apache/tajo/engine/eval/BasicEvalNodeVisitor.java","266","NO"
"646","2","tajo/tajo-core/src/main/java/org/apache/tajo/engine/eval/BetweenPredicateEval.java","191","NO"
"647","2","tajo/tajo-core/src/main/java/org/apache/tajo/engine/eval/BinaryEval.java","236","NO"
"648","2","tajo/tajo-core/src/main/java/org/apache/tajo/engine/eval/CaseWhenEval.java","180","NO"
"649","2","tajo/tajo-core/src/main/java/org/apache/tajo/engine/eval/CastEval.java","45","NO"
"650","2","tajo/tajo-core/src/main/java/org/apache/tajo/engine/eval/ConstEval.java","65","NO"
"651","2","tajo/tajo-core/src/main/java/org/apache/tajo/engine/eval/EvalNode.java","38","NO"
"652","2","tajo/tajo-core/src/main/java/org/apache/tajo/engine/eval/EvalTreeFactory.java","11","NO"
"653","2","tajo/tajo-core/src/main/java/org/apache/tajo/engine/eval/EvalTreeUtil.java","282","NO"
"654","2","tajo/tajo-core/src/main/java/org/apache/tajo/engine/eval/FieldEval.java","77","NO"
"655","2","tajo/tajo-core/src/main/java/org/apache/tajo/engine/eval/FunctionEval.java","106","NO"
"656","2","tajo/tajo-core/src/main/java/org/apache/tajo/engine/eval/GeneralFunctionEval.java","51","NO"
"657","2","tajo/tajo-core/src/main/java/org/apache/tajo/engine/eval/InEval.java","53","NO"
"658","2","tajo/tajo-core/src/main/java/org/apache/tajo/engine/eval/IsNullEval.java","52","NO"
"659","2","tajo/tajo-core/src/main/java/org/apache/tajo/engine/eval/LikePredicateEval.java","25","NO"
"660","2","tajo/tajo-core/src/main/java/org/apache/tajo/engine/eval/NotEval.java","31","NO"
"661","2","tajo/tajo-core/src/main/java/org/apache/tajo/engine/eval/PartialBinaryExpr.java","45","NO"
"662","2","tajo/tajo-core/src/main/java/org/apache/tajo/engine/eval/PatternMatchPredicateEval.java","50","NO"
"663","2","tajo/tajo-core/src/main/java/org/apache/tajo/engine/eval/RegexPredicateEval.java","30","NO"
"664","2","tajo/tajo-core/src/main/java/org/apache/tajo/engine/eval/RowConstantEval.java","57","NO"
"665","2","tajo/tajo-core/src/main/java/org/apache/tajo/engine/eval/SignedEval.java","57","NO"
"666","2","tajo/tajo-core/src/main/java/org/apache/tajo/engine/eval/SimilarToPredicateEval.java","19","NO"
"667","2","tajo/tajo-core/src/main/java/org/apache/tajo/engine/eval/SimpleEvalNodeVisitor.java","112","NO"
"668","2","tajo/tajo-core/src/main/java/org/apache/tajo/engine/eval/UnaryEval.java","64","NO"
"669","2","tajo/tajo-core/src/main/java/org/apache/tajo/engine/function/AggFunction.java","29","NO"
"670","2","tajo/tajo-core/src/main/java/org/apache/tajo/engine/function/builtin/AvgDouble.java","68","NO"
"671","2","tajo/tajo-core/src/main/java/org/apache/tajo/engine/function/builtin/AvgFloat.java","23","NO"
"672","2","tajo/tajo-core/src/main/java/org/apache/tajo/engine/function/builtin/AvgInt.java","24","NO"
"673","2","tajo/tajo-core/src/main/java/org/apache/tajo/engine/function/builtin/AvgLong.java","67","NO"
"674","2","tajo/tajo-core/src/main/java/org/apache/tajo/engine/function/builtin/Coalesce.java","23","NO"
"675","2","tajo/tajo-core/src/main/java/org/apache/tajo/engine/function/builtin/CoalesceDouble.java","23","NO"
"676","2","tajo/tajo-core/src/main/java/org/apache/tajo/engine/function/builtin/CoalesceLong.java","23","NO"
"677","2","tajo/tajo-core/src/main/java/org/apache/tajo/engine/function/builtin/CoalesceString.java","23","NO"
"678","2","tajo/tajo-core/src/main/java/org/apache/tajo/engine/function/builtin/CountRows.java","55","NO"
"679","2","tajo/tajo-core/src/main/java/org/apache/tajo/engine/function/builtin/CountValue.java","29","NO"
"680","2","tajo/tajo-core/src/main/java/org/apache/tajo/engine/function/builtin/CountValueDistinct.java","59","NO"
"681","2","tajo/tajo-core/src/main/java/org/apache/tajo/engine/function/builtin/Date.java","38","NO"
"682","2","tajo/tajo-core/src/main/java/org/apache/tajo/engine/function/builtin/MaxDouble.java","51","NO"
"683","2","tajo/tajo-core/src/main/java/org/apache/tajo/engine/function/builtin/MaxFloat.java","50","NO"
"684","2","tajo/tajo-core/src/main/java/org/apache/tajo/engine/function/builtin/MaxInt.java","50","NO"
"685","2","tajo/tajo-core/src/main/java/org/apache/tajo/engine/function/builtin/MaxLong.java","51","NO"
"686","2","tajo/tajo-core/src/main/java/org/apache/tajo/engine/function/builtin/MaxString.java","54","NO"
"687","2","tajo/tajo-core/src/main/java/org/apache/tajo/engine/function/builtin/MinDouble.java","50","NO"
"688","2","tajo/tajo-core/src/main/java/org/apache/tajo/engine/function/builtin/MinFloat.java","51","NO"
"689","2","tajo/tajo-core/src/main/java/org/apache/tajo/engine/function/builtin/MinInt.java","50","NO"
"690","2","tajo/tajo-core/src/main/java/org/apache/tajo/engine/function/builtin/MinLong.java","51","NO"
"691","2","tajo/tajo-core/src/main/java/org/apache/tajo/engine/function/builtin/MinString.java","55","NO"
"692","2","tajo/tajo-core/src/main/java/org/apache/tajo/engine/function/builtin/RandomInt.java","32","NO"
"693","2","tajo/tajo-core/src/main/java/org/apache/tajo/engine/function/builtin/Sleep.java","29","NO"
"694","2","tajo/tajo-core/src/main/java/org/apache/tajo/engine/function/builtin/SumDouble.java","50","NO"
"695","2","tajo/tajo-core/src/main/java/org/apache/tajo/engine/function/builtin/SumDoubleDistinct.java","64","NO"
"696","2","tajo/tajo-core/src/main/java/org/apache/tajo/engine/function/builtin/SumFloat.java","49","NO"
"697","2","tajo/tajo-core/src/main/java/org/apache/tajo/engine/function/builtin/SumFloatDistinct.java","64","NO"
"698","2","tajo/tajo-core/src/main/java/org/apache/tajo/engine/function/builtin/SumInt.java","50","NO"
"699","2","tajo/tajo-core/src/main/java/org/apache/tajo/engine/function/builtin/SumIntDistinct.java","64","NO"
"700","2","tajo/tajo-core/src/main/java/org/apache/tajo/engine/function/builtin/SumLong.java","50","NO"
"701","2","tajo/tajo-core/src/main/java/org/apache/tajo/engine/function/builtin/SumLongDistinct.java","64","NO"
"702","2","tajo/tajo-core/src/main/java/org/apache/tajo/engine/function/builtin/Today.java","24","NO"
"703","2","tajo/tajo-core/src/main/java/org/apache/tajo/engine/function/datetime/AddDays.java","43","NO"
"704","2","tajo/tajo-core/src/main/java/org/apache/tajo/engine/function/datetime/AddMonths.java","43","NO"
"705","2","tajo/tajo-core/src/main/java/org/apache/tajo/engine/function/datetime/DatePartFromDate.java","152","NO"
"706","2","tajo/tajo-core/src/main/java/org/apache/tajo/engine/function/datetime/DatePartFromTime.java","105","NO"
"707","2","tajo/tajo-core/src/main/java/org/apache/tajo/engine/function/datetime/DatePartFromTimestamp.java","210","NO"
"708","2","tajo/tajo-core/src/main/java/org/apache/tajo/engine/function/datetime/DateTimePartFromUnixTimeStamp.java","100","NO"
"709","2","tajo/tajo-core/src/main/java/org/apache/tajo/engine/function/datetime/ToCharTimestamp.java","52","NO"
"710","2","tajo/tajo-core/src/main/java/org/apache/tajo/engine/function/datetime/ToDate.java","45","NO"
"711","2","tajo/tajo-core/src/main/java/org/apache/tajo/engine/function/datetime/ToTimestamp.java","33","NO"
"712","2","tajo/tajo-core/src/main/java/org/apache/tajo/engine/function/GeneralFunction.java","28","NO"
"713","2","tajo/tajo-core/src/main/java/org/apache/tajo/engine/function/geoip/GeoIPCountryInet4.java","33","NO"
"714","2","tajo/tajo-core/src/main/java/org/apache/tajo/engine/function/geoip/GeoIPCountryText.java","33","NO"
"715","2","tajo/tajo-core/src/main/java/org/apache/tajo/engine/function/geoip/GeoIPInCountryInet4.java","37","NO"
"716","2","tajo/tajo-core/src/main/java/org/apache/tajo/engine/function/geoip/GeoIPInCountryText.java","36","NO"
"717","2","tajo/tajo-core/src/main/java/org/apache/tajo/engine/function/math/AbsDouble.java","34","NO"
"718","2","tajo/tajo-core/src/main/java/org/apache/tajo/engine/function/math/AbsFloat.java","34","NO"
"719","2","tajo/tajo-core/src/main/java/org/apache/tajo/engine/function/math/AbsInt.java","34","NO"
"720","2","tajo/tajo-core/src/main/java/org/apache/tajo/engine/function/math/AbsLong.java","33","NO"
"721","2","tajo/tajo-core/src/main/java/org/apache/tajo/engine/function/math/Acos.java","34","NO"
"722","2","tajo/tajo-core/src/main/java/org/apache/tajo/engine/function/math/Asin.java","33","NO"
"723","2","tajo/tajo-core/src/main/java/org/apache/tajo/engine/function/math/Atan.java","33","NO"
"724","2","tajo/tajo-core/src/main/java/org/apache/tajo/engine/function/math/Atan2.java","35","NO"
"725","2","tajo/tajo-core/src/main/java/org/apache/tajo/engine/function/math/Cbrt.java","34","NO"
"726","2","tajo/tajo-core/src/main/java/org/apache/tajo/engine/function/math/Ceil.java","35","NO"
"727","2","tajo/tajo-core/src/main/java/org/apache/tajo/engine/function/math/Cos.java","33","NO"
"728","2","tajo/tajo-core/src/main/java/org/apache/tajo/engine/function/math/Degrees.java","34","NO"
"729","2","tajo/tajo-core/src/main/java/org/apache/tajo/engine/function/math/Div.java","47","NO"
"730","2","tajo/tajo-core/src/main/java/org/apache/tajo/engine/function/math/Exp.java","34","NO"
"731","2","tajo/tajo-core/src/main/java/org/apache/tajo/engine/function/math/Floor.java","34","NO"
"732","2","tajo/tajo-core/src/main/java/org/apache/tajo/engine/function/math/Mod.java","47","NO"
"733","2","tajo/tajo-core/src/main/java/org/apache/tajo/engine/function/math/Pi.java","25","NO"
"734","2","tajo/tajo-core/src/main/java/org/apache/tajo/engine/function/math/Pow.java","51","NO"
"735","2","tajo/tajo-core/src/main/java/org/apache/tajo/engine/function/math/Radians.java","35","NO"
"736","2","tajo/tajo-core/src/main/java/org/apache/tajo/engine/function/math/Round.java","39","NO"
"737","2","tajo/tajo-core/src/main/java/org/apache/tajo/engine/function/math/Sign.java","37","NO"
"738","2","tajo/tajo-core/src/main/java/org/apache/tajo/engine/function/math/Sin.java","33","NO"
"739","2","tajo/tajo-core/src/main/java/org/apache/tajo/engine/function/math/Sqrt.java","35","NO"
"740","2","tajo/tajo-core/src/main/java/org/apache/tajo/engine/function/math/Tan.java","33","NO"
"741","2","tajo/tajo-core/src/main/java/org/apache/tajo/engine/function/string/Ascii.java","38","NO"
"742","2","tajo/tajo-core/src/main/java/org/apache/tajo/engine/function/string/BitLength.java","31","NO"
"743","2","tajo/tajo-core/src/main/java/org/apache/tajo/engine/function/string/BTrim.java","48","NO"
"744","2","tajo/tajo-core/src/main/java/org/apache/tajo/engine/function/string/CharLength.java","32","NO"
"745","2","tajo/tajo-core/src/main/java/org/apache/tajo/engine/function/string/Chr.java","38","NO"
"746","2","tajo/tajo-core/src/main/java/org/apache/tajo/engine/function/string/Concat.java","42","NO"
"747","2","tajo/tajo-core/src/main/java/org/apache/tajo/engine/function/string/Concat_ws.java","46","NO"
"748","2","tajo/tajo-core/src/main/java/org/apache/tajo/engine/function/string/Decode.java","59","NO"
"749","2","tajo/tajo-core/src/main/java/org/apache/tajo/engine/function/string/Digest.java","57","NO"
"750","2","tajo/tajo-core/src/main/java/org/apache/tajo/engine/function/string/Encode.java","59","NO"
"751","2","tajo/tajo-core/src/main/java/org/apache/tajo/engine/function/string/FindInSet.java","73","NO"
"752","2","tajo/tajo-core/src/main/java/org/apache/tajo/engine/function/string/HexStringConverter.java","36","NO"
"753","2","tajo/tajo-core/src/main/java/org/apache/tajo/engine/function/string/InitCap.java","33","NO"
"754","2","tajo/tajo-core/src/main/java/org/apache/tajo/engine/function/string/Left.java","52","NO"
"755","2","tajo/tajo-core/src/main/java/org/apache/tajo/engine/function/string/Length.java","33","NO"
"756","2","tajo/tajo-core/src/main/java/org/apache/tajo/engine/function/string/Locate.java","69","NO"
"757","2","tajo/tajo-core/src/main/java/org/apache/tajo/engine/function/string/Lower.java","31","NO"
"758","2","tajo/tajo-core/src/main/java/org/apache/tajo/engine/function/string/Lpad.java","57","NO"
"759","2","tajo/tajo-core/src/main/java/org/apache/tajo/engine/function/string/LTrim.java","48","NO"
"760","2","tajo/tajo-core/src/main/java/org/apache/tajo/engine/function/string/Md5.java","38","NO"
"761","2","tajo/tajo-core/src/main/java/org/apache/tajo/engine/function/string/OctetLength.java","33","NO"
"762","2","tajo/tajo-core/src/main/java/org/apache/tajo/engine/function/string/QuoteIdent.java","36","NO"
"763","2","tajo/tajo-core/src/main/java/org/apache/tajo/engine/function/string/RegexpReplace.java","74","NO"
"764","2","tajo/tajo-core/src/main/java/org/apache/tajo/engine/function/string/Repeat.java","42","NO"
"765","2","tajo/tajo-core/src/main/java/org/apache/tajo/engine/function/string/Reverse.java","31","NO"
"766","2","tajo/tajo-core/src/main/java/org/apache/tajo/engine/function/string/Right.java","53","NO"
"767","2","tajo/tajo-core/src/main/java/org/apache/tajo/engine/function/string/Rpad.java","56","NO"
"768","2","tajo/tajo-core/src/main/java/org/apache/tajo/engine/function/string/RTrim.java","47","NO"
"769","2","tajo/tajo-core/src/main/java/org/apache/tajo/engine/function/string/SplitPart.java","44","NO"
"770","2","tajo/tajo-core/src/main/java/org/apache/tajo/engine/function/string/StrPos.java","44","NO"
"771","2","tajo/tajo-core/src/main/java/org/apache/tajo/engine/function/string/StrPosb.java","80","NO"
"772","2","tajo/tajo-core/src/main/java/org/apache/tajo/engine/function/string/Substr.java","61","NO"
"773","2","tajo/tajo-core/src/main/java/org/apache/tajo/engine/function/string/ToBin.java","34","NO"
"774","2","tajo/tajo-core/src/main/java/org/apache/tajo/engine/function/string/ToHex.java","45","NO"
"775","2","tajo/tajo-core/src/main/java/org/apache/tajo/engine/function/string/Upper.java","31","NO"
"776","2","tajo/tajo-core/src/main/java/org/apache/tajo/engine/json/CoreGsonHelper.java","61","NO"
"777","2","tajo/tajo-core/src/main/java/org/apache/tajo/engine/json/EvalNodeAdapter.java","24","NO"
"778","2","tajo/tajo-core/src/main/java/org/apache/tajo/engine/json/LogicalNodeAdapter.java","24","NO"
"779","2","tajo/tajo-core/src/main/java/org/apache/tajo/engine/parser/HiveQLAnalyzer.java","1207","NO"
"780","2","tajo/tajo-core/src/main/java/org/apache/tajo/engine/parser/SQLAnalyzer.java","1257","NO"
"781","2","tajo/tajo-core/src/main/java/org/apache/tajo/engine/parser/SQLErrorListener.java","17","NO"
"782","2","tajo/tajo-core/src/main/java/org/apache/tajo/engine/parser/SQLErrorStrategy.java","41","NO"
"783","2","tajo/tajo-core/src/main/java/org/apache/tajo/engine/planner/AlterTablespaceNode.java","67","NO"
"784","2","tajo/tajo-core/src/main/java/org/apache/tajo/engine/planner/BaseAlgebraVisitor.java","582","NO"
"785","2","tajo/tajo-core/src/main/java/org/apache/tajo/engine/planner/BasicLogicalPlanVisitor.java","262","NO"
"786","2","tajo/tajo-core/src/main/java/org/apache/tajo/engine/planner/BroadcastJoinPlanVisitor.java","54","NO"
"787","2","tajo/tajo-core/src/main/java/org/apache/tajo/engine/planner/enforce/Enforcer.java","212","NO"
"788","2","tajo/tajo-core/src/main/java/org/apache/tajo/engine/planner/ExplainLogicalPlanVisitor.java","179","NO"
"789","2","tajo/tajo-core/src/main/java/org/apache/tajo/engine/planner/ExprAnnotator.java","644","NO"
"790","2","tajo/tajo-core/src/main/java/org/apache/tajo/engine/planner/ExprFinder.java","47","NO"
"791","2","tajo/tajo-core/src/main/java/org/apache/tajo/engine/planner/ExprNormalizer.java","142","NO"
"792","2","tajo/tajo-core/src/main/java/org/apache/tajo/engine/planner/ExprsVerifier.java","182","NO"
"793","2","tajo/tajo-core/src/main/java/org/apache/tajo/engine/planner/global/DataChannel.java","150","NO"
"794","2","tajo/tajo-core/src/main/java/org/apache/tajo/engine/planner/global/ExecutionBlock.java","85","NO"
"795","2","tajo/tajo-core/src/main/java/org/apache/tajo/engine/planner/global/ExecutionBlockCursor.java","60","NO"
"796","2","tajo/tajo-core/src/main/java/org/apache/tajo/engine/planner/global/GlobalPlanner.java","866","NO"
"797","2","tajo/tajo-core/src/main/java/org/apache/tajo/engine/planner/global/MasterPlan.java","200","NO"
"798","2","tajo/tajo-core/src/main/java/org/apache/tajo/engine/planner/graph/DirectedGraphCursor.java","37","NO"
"799","2","tajo/tajo-core/src/main/java/org/apache/tajo/engine/planner/graph/SimpleDirectedGraph.java","209","NO"
"800","2","tajo/tajo-core/src/main/java/org/apache/tajo/engine/planner/graph/SimpleUndirectedGraph.java","65","NO"
"801","2","tajo/tajo-core/src/main/java/org/apache/tajo/engine/planner/GroupElement.java","37","NO"
"802","2","tajo/tajo-core/src/main/java/org/apache/tajo/engine/planner/logical/AlterTableNode.java","83","NO"
"803","2","tajo/tajo-core/src/main/java/org/apache/tajo/engine/planner/logical/BinaryNode.java","47","NO"
"804","2","tajo/tajo-core/src/main/java/org/apache/tajo/engine/planner/logical/CreateDatabaseNode.java","56","NO"
"805","2","tajo/tajo-core/src/main/java/org/apache/tajo/engine/planner/logical/CreateTableNode.java","106","NO"
"806","2","tajo/tajo-core/src/main/java/org/apache/tajo/engine/planner/logical/DropDatabaseNode.java","54","NO"
"807","2","tajo/tajo-core/src/main/java/org/apache/tajo/engine/planner/logical/DropTableNode.java","63","NO"
"808","2","tajo/tajo-core/src/main/java/org/apache/tajo/engine/planner/logical/EvalExprNode.java","48","NO"
"809","2","tajo/tajo-core/src/main/java/org/apache/tajo/engine/planner/logical/ExceptNode.java","19","NO"
"810","2","tajo/tajo-core/src/main/java/org/apache/tajo/engine/planner/logical/GroupbyNode.java","143","NO"
"811","2","tajo/tajo-core/src/main/java/org/apache/tajo/engine/planner/logical/HavingNode.java","39","NO"
"812","2","tajo/tajo-core/src/main/java/org/apache/tajo/engine/planner/logical/IndexScanNode.java","90","NO"
"813","2","tajo/tajo-core/src/main/java/org/apache/tajo/engine/planner/logical/InsertNode.java","135","NO"
"814","2","tajo/tajo-core/src/main/java/org/apache/tajo/engine/planner/logical/IntersectNode.java","19","NO"
"815","2","tajo/tajo-core/src/main/java/org/apache/tajo/engine/planner/logical/join/Edge.java","25","NO"
"816","2","tajo/tajo-core/src/main/java/org/apache/tajo/engine/planner/logical/join/FoundJoinOrder.java","18","NO"
"817","2","tajo/tajo-core/src/main/java/org/apache/tajo/engine/planner/logical/join/GreedyHeuristicJoinOrderAlgorithm.java","162","NO"
"818","2","tajo/tajo-core/src/main/java/org/apache/tajo/engine/planner/logical/join/JoinEdge.java","46","NO"
"819","2","tajo/tajo-core/src/main/java/org/apache/tajo/engine/planner/logical/join/JoinGraph.java","81","NO"
"820","2","tajo/tajo-core/src/main/java/org/apache/tajo/engine/planner/logical/JoinNode.java","120","NO"
"821","2","tajo/tajo-core/src/main/java/org/apache/tajo/engine/planner/logical/LimitNode.java","38","NO"
"822","2","tajo/tajo-core/src/main/java/org/apache/tajo/engine/planner/logical/LogicalNode.java","84","NO"
"823","2","tajo/tajo-core/src/main/java/org/apache/tajo/engine/planner/logical/LogicalRootNode.java","18","NO"
"824","2","tajo/tajo-core/src/main/java/org/apache/tajo/engine/planner/logical/PartitionedTableScanNode.java","111","NO"
"825","2","tajo/tajo-core/src/main/java/org/apache/tajo/engine/planner/logical/PersistentStoreNode.java","53","NO"
"826","2","tajo/tajo-core/src/main/java/org/apache/tajo/engine/planner/logical/ProjectionNode.java","76","NO"
"827","2","tajo/tajo-core/src/main/java/org/apache/tajo/engine/planner/logical/RelationNode.java","13","NO"
"828","2","tajo/tajo-core/src/main/java/org/apache/tajo/engine/planner/logical/ScanNode.java","175","NO"
"829","2","tajo/tajo-core/src/main/java/org/apache/tajo/engine/planner/logical/SelectionNode.java","41","NO"
"830","2","tajo/tajo-core/src/main/java/org/apache/tajo/engine/planner/logical/ShuffleFileWriteNode.java","67","NO"
"831","2","tajo/tajo-core/src/main/java/org/apache/tajo/engine/planner/logical/SortNode.java","65","NO"
"832","2","tajo/tajo-core/src/main/java/org/apache/tajo/engine/planner/logical/StoreTableNode.java","67","NO"
"833","2","tajo/tajo-core/src/main/java/org/apache/tajo/engine/planner/logical/TableSubQueryNode.java","132","NO"
"834","2","tajo/tajo-core/src/main/java/org/apache/tajo/engine/planner/logical/UnaryNode.java","37","NO"
"835","2","tajo/tajo-core/src/main/java/org/apache/tajo/engine/planner/logical/UnionNode.java","12","NO"
"836","2","tajo/tajo-core/src/main/java/org/apache/tajo/engine/planner/LogicalOptimizer.java","212","NO"
"837","2","tajo/tajo-core/src/main/java/org/apache/tajo/engine/planner/LogicalPlan.java","565","NO"
"838","2","tajo/tajo-core/src/main/java/org/apache/tajo/engine/planner/LogicalPlanner.java","1110","YES"
"839","2","tajo/tajo-core/src/main/java/org/apache/tajo/engine/planner/LogicalPlanPreprocessor.java","319","NO"
"840","2","tajo/tajo-core/src/main/java/org/apache/tajo/engine/planner/LogicalPlanVerifier.java","182","NO"
"841","2","tajo/tajo-core/src/main/java/org/apache/tajo/engine/planner/NamedExprsManager.java","202","NO"
"842","2","tajo/tajo-core/src/main/java/org/apache/tajo/engine/planner/physical/AggregationExec.java","41","NO"
"843","2","tajo/tajo-core/src/main/java/org/apache/tajo/engine/planner/physical/BasicPhysicalExecutorVisitor.java","211","NO"
"844","2","tajo/tajo-core/src/main/java/org/apache/tajo/engine/planner/physical/BinaryPhysicalExec.java","74","NO"
"845","2","tajo/tajo-core/src/main/java/org/apache/tajo/engine/planner/physical/BNLJoinExec.java","174","NO"
"846","2","tajo/tajo-core/src/main/java/org/apache/tajo/engine/planner/physical/BSTIndexScanExec.java","108","NO"
"847","2","tajo/tajo-core/src/main/java/org/apache/tajo/engine/planner/physical/ColPartitionStoreExec.java","63","NO"
"848","2","tajo/tajo-core/src/main/java/org/apache/tajo/engine/planner/physical/EvalExprExec.java","39","YES"
"849","2","tajo/tajo-core/src/main/java/org/apache/tajo/engine/planner/physical/ExternalSortExec.java","558","NO"
"850","2","tajo/tajo-core/src/main/java/org/apache/tajo/engine/planner/physical/HashAggregateExec.java","80","NO"
"851","2","tajo/tajo-core/src/main/java/org/apache/tajo/engine/planner/physical/HashBasedColPartitionStoreExec.java","87","NO"
"852","2","tajo/tajo-core/src/main/java/org/apache/tajo/engine/planner/physical/HashFullOuterJoinExec.java","175","NO"
"853","2","tajo/tajo-core/src/main/java/org/apache/tajo/engine/planner/physical/HashJoinExec.java","139","NO"
"854","2","tajo/tajo-core/src/main/java/org/apache/tajo/engine/planner/physical/HashLeftAntiJoinExec.java","56","NO"
"855","2","tajo/tajo-core/src/main/java/org/apache/tajo/engine/planner/physical/HashLeftOuterJoinExec.java","145","NO"
"856","2","tajo/tajo-core/src/main/java/org/apache/tajo/engine/planner/physical/HashLeftSemiJoinExec.java","53","NO"
"857","2","tajo/tajo-core/src/main/java/org/apache/tajo/engine/planner/physical/HashPartitioner.java","20","NO"
"858","2","tajo/tajo-core/src/main/java/org/apache/tajo/engine/planner/physical/HashShuffleFileWriteExec.java","118","NO"
"859","2","tajo/tajo-core/src/main/java/org/apache/tajo/engine/planner/physical/HavingExec.java","25","NO"
"860","2","tajo/tajo-core/src/main/java/org/apache/tajo/engine/planner/physical/JoinTupleComparator.java","54","NO"
"861","2","tajo/tajo-core/src/main/java/org/apache/tajo/engine/planner/physical/LimitExec.java","29","NO"
"862","2","tajo/tajo-core/src/main/java/org/apache/tajo/engine/planner/physical/MemSortExec.java","59","NO"
"863","2","tajo/tajo-core/src/main/java/org/apache/tajo/engine/planner/physical/MergeFullOuterJoinExec.java","213","NO"
"864","2","tajo/tajo-core/src/main/java/org/apache/tajo/engine/planner/physical/MergeJoinExec.java","141","NO"
"865","2","tajo/tajo-core/src/main/java/org/apache/tajo/engine/planner/physical/NLJoinExec.java","66","NO"
"866","2","tajo/tajo-core/src/main/java/org/apache/tajo/engine/planner/physical/NLLeftOuterJoinExec.java","79","NO"
"867","2","tajo/tajo-core/src/main/java/org/apache/tajo/engine/planner/physical/Partitioner.java","18","NO"
"868","2","tajo/tajo-core/src/main/java/org/apache/tajo/engine/planner/physical/PartitionMergeScanExec.java","101","NO"
"869","2","tajo/tajo-core/src/main/java/org/apache/tajo/engine/planner/physical/PhysicalExec.java","46","NO"
"870","2","tajo/tajo-core/src/main/java/org/apache/tajo/engine/planner/physical/PhysicalPlanUtil.java","18","NO"
"871","2","tajo/tajo-core/src/main/java/org/apache/tajo/engine/planner/physical/ProjectionExec.java","36","NO"
"872","2","tajo/tajo-core/src/main/java/org/apache/tajo/engine/planner/physical/RangeShuffleFileWriteExec.java","89","NO"
"873","2","tajo/tajo-core/src/main/java/org/apache/tajo/engine/planner/physical/RightOuterMergeJoinExec.java","209","NO"
"874","2","tajo/tajo-core/src/main/java/org/apache/tajo/engine/planner/physical/SelectionExec.java","25","NO"
"875","2","tajo/tajo-core/src/main/java/org/apache/tajo/engine/planner/physical/SeqScanExec.java","241","NO"
"876","2","tajo/tajo-core/src/main/java/org/apache/tajo/engine/planner/physical/SortAggregateExec.java","74","NO"
"877","2","tajo/tajo-core/src/main/java/org/apache/tajo/engine/planner/physical/SortBasedColPartitionStoreExec.java","99","NO"
"878","2","tajo/tajo-core/src/main/java/org/apache/tajo/engine/planner/physical/SortExec.java","26","NO"
"879","2","tajo/tajo-core/src/main/java/org/apache/tajo/engine/planner/physical/StoreTableExec.java","59","YES"
"880","2","tajo/tajo-core/src/main/java/org/apache/tajo/engine/planner/physical/TunnelExec.java","19","NO"
"881","2","tajo/tajo-core/src/main/java/org/apache/tajo/engine/planner/physical/UnaryPhysicalExec.java","67","NO"
"882","2","tajo/tajo-core/src/main/java/org/apache/tajo/engine/planner/physical/UnionExec.java","33","NO"
"883","2","tajo/tajo-core/src/main/java/org/apache/tajo/engine/planner/PhysicalPlannerImpl.java","851","NO"
"884","2","tajo/tajo-core/src/main/java/org/apache/tajo/engine/planner/PlannerUtil.java","552","NO"
"885","2","tajo/tajo-core/src/main/java/org/apache/tajo/engine/planner/PlanString.java","79","NO"
"886","2","tajo/tajo-core/src/main/java/org/apache/tajo/engine/planner/PreLogicalPlanVerifier.java","199","NO"
"887","2","tajo/tajo-core/src/main/java/org/apache/tajo/engine/planner/Projector.java","27","NO"
"888","2","tajo/tajo-core/src/main/java/org/apache/tajo/engine/planner/RangePartitionAlgorithm.java","132","NO"
"889","2","tajo/tajo-core/src/main/java/org/apache/tajo/engine/planner/rewrite/BasicQueryRewriteEngine.java","28","NO"
"890","2","tajo/tajo-core/src/main/java/org/apache/tajo/engine/planner/rewrite/FilterPushDownRule.java","242","NO"
"891","2","tajo/tajo-core/src/main/java/org/apache/tajo/engine/planner/rewrite/PartitionedTableRewriter.java","246","NO"
"892","2","tajo/tajo-core/src/main/java/org/apache/tajo/engine/planner/rewrite/ProjectionPushDownRule.java","695","NO"
"893","2","tajo/tajo-core/src/main/java/org/apache/tajo/engine/planner/SimpleAlgebraVisitor.java","134","NO"
"894","2","tajo/tajo-core/src/main/java/org/apache/tajo/engine/planner/Target.java","85","NO"
"895","2","tajo/tajo-core/src/main/java/org/apache/tajo/engine/planner/UniformRangePartition.java","388","NO"
"896","2","tajo/tajo-core/src/main/java/org/apache/tajo/engine/planner/VerificationState.java","20","NO"
"897","2","tajo/tajo-core/src/main/java/org/apache/tajo/engine/query/QueryContext.java","118","NO"
"898","2","tajo/tajo-core/src/main/java/org/apache/tajo/engine/query/QueryUnitRequestImpl.java","277","NO"
"899","2","tajo/tajo-core/src/main/java/org/apache/tajo/engine/utils/SchemaUtil.java","44","NO"
"900","2","tajo/tajo-core/src/main/java/org/apache/tajo/engine/utils/ThreadUtil.java","76","NO"
"901","2","tajo/tajo-core/src/main/java/org/apache/tajo/engine/utils/TupleCache.java","90","NO"
"902","2","tajo/tajo-core/src/main/java/org/apache/tajo/engine/utils/TupleCacheKey.java","33","NO"
"903","2","tajo/tajo-core/src/main/java/org/apache/tajo/engine/utils/TupleCacheScanner.java","76","NO"
"904","2","tajo/tajo-core/src/main/java/org/apache/tajo/engine/utils/TupleUtil.java","149","NO"
"905","2","tajo/tajo-core/src/main/java/org/apache/tajo/master/AbstractTaskScheduler.java","24","NO"
"906","2","tajo/tajo-core/src/main/java/org/apache/tajo/master/cluster/ServerName.java","85","NO"
"907","2","tajo/tajo-core/src/main/java/org/apache/tajo/master/ContainerProxy.java","49","NO"
"908","2","tajo/tajo-core/src/main/java/org/apache/tajo/master/DefaultFragmentScheduleAlgorithm.java","179","NO"
"909","2","tajo/tajo-core/src/main/java/org/apache/tajo/master/DefaultTaskScheduler.java","660","NO"
"910","2","tajo/tajo-core/src/main/java/org/apache/tajo/master/event/ContainerAllocationEvent.java","48","NO"
"911","2","tajo/tajo-core/src/main/java/org/apache/tajo/master/event/ContainerEvent.java","15","NO"
"912","2","tajo/tajo-core/src/main/java/org/apache/tajo/master/event/FragmentScheduleEvent.java","34","NO"
"913","2","tajo/tajo-core/src/main/java/org/apache/tajo/master/event/GrouppedContainerAllocatorEvent.java","22","NO"
"914","2","tajo/tajo-core/src/main/java/org/apache/tajo/master/event/LocalTaskEvent.java","19","NO"
"915","2","tajo/tajo-core/src/main/java/org/apache/tajo/master/event/QueryCompletedEvent.java","19","NO"
"916","2","tajo/tajo-core/src/main/java/org/apache/tajo/master/event/QueryDiagnosticsUpdateEvent.java","12","NO"
"917","2","tajo/tajo-core/src/main/java/org/apache/tajo/master/event/QueryEvent.java","13","NO"
"918","2","tajo/tajo-core/src/main/java/org/apache/tajo/master/event/QueryMasterQueryCompletedEvent.java","16","NO"
"919","2","tajo/tajo-core/src/main/java/org/apache/tajo/master/event/QueryStartEvent.java","43","NO"
"920","2","tajo/tajo-core/src/main/java/org/apache/tajo/master/event/QuerySubQueryEvent.java","13","NO"
"921","2","tajo/tajo-core/src/main/java/org/apache/tajo/master/event/QueryUnitAttemptScheduleEvent.java","54","NO"
"922","2","tajo/tajo-core/src/main/java/org/apache/tajo/master/event/SubQueryCompletedEvent.java","19","NO"
"923","2","tajo/tajo-core/src/main/java/org/apache/tajo/master/event/SubQueryContainerAllocationEvent.java","15","NO"
"924","2","tajo/tajo-core/src/main/java/org/apache/tajo/master/event/SubQueryDiagnosticsUpdateEvent.java","12","NO"
"925","2","tajo/tajo-core/src/main/java/org/apache/tajo/master/event/SubQueryEvent.java","13","NO"
"926","2","tajo/tajo-core/src/main/java/org/apache/tajo/master/event/SubQueryTaskEvent.java","18","NO"
"927","2","tajo/tajo-core/src/main/java/org/apache/tajo/master/event/TaskAttemptAssignedEvent.java","24","NO"
"928","2","tajo/tajo-core/src/main/java/org/apache/tajo/master/event/TaskAttemptEvent.java","14","NO"
"929","2","tajo/tajo-core/src/main/java/org/apache/tajo/master/event/TaskAttemptScheduleEvent.java","15","NO"
"930","2","tajo/tajo-core/src/main/java/org/apache/tajo/master/event/TaskAttemptStatusUpdateEvent.java","14","NO"
"931","2","tajo/tajo-core/src/main/java/org/apache/tajo/master/event/TaskCompletionEvent.java","13","NO"
"932","2","tajo/tajo-core/src/main/java/org/apache/tajo/master/event/TaskEvent.java","13","NO"
"933","2","tajo/tajo-core/src/main/java/org/apache/tajo/master/event/TaskFatalErrorEvent.java","18","NO"
"934","2","tajo/tajo-core/src/main/java/org/apache/tajo/master/event/TaskRequestEvent.java","32","NO"
"935","2","tajo/tajo-core/src/main/java/org/apache/tajo/master/event/TaskSchedulerEvent.java","18","NO"
"936","2","tajo/tajo-core/src/main/java/org/apache/tajo/master/event/TaskTAttemptEvent.java","13","NO"
"937","2","tajo/tajo-core/src/main/java/org/apache/tajo/master/FetchScheduleEvent.java","17","NO"
"938","2","tajo/tajo-core/src/main/java/org/apache/tajo/master/FragmentPair.java","40","NO"
"939","2","tajo/tajo-core/src/main/java/org/apache/tajo/master/FragmentScheduleAlgorithmFactory.java","42","NO"
"940","2","tajo/tajo-core/src/main/java/org/apache/tajo/master/GlobalEngine.java","597","YES"
"941","2","tajo/tajo-core/src/main/java/org/apache/tajo/master/GreedyFragmentScheduleAlgorithm.java","317","NO"
"942","2","tajo/tajo-core/src/main/java/org/apache/tajo/master/LazyTaskScheduler.java","425","NO"
"943","2","tajo/tajo-core/src/main/java/org/apache/tajo/master/metrics/CatalogMetricsGaugeSet.java","31","NO"
"944","2","tajo/tajo-core/src/main/java/org/apache/tajo/master/metrics/WorkerResourceMetricsGaugeSet.java","47","NO"
"945","2","tajo/tajo-core/src/main/java/org/apache/tajo/master/querymaster/Query.java","566","YES"
"946","2","tajo/tajo-core/src/main/java/org/apache/tajo/master/querymaster/QueryInfo.java","82","NO"
"947","2","tajo/tajo-core/src/main/java/org/apache/tajo/master/querymaster/QueryInProgress.java","223","NO"
"948","2","tajo/tajo-core/src/main/java/org/apache/tajo/master/querymaster/QueryJobEvent.java","20","NO"
"949","2","tajo/tajo-core/src/main/java/org/apache/tajo/master/querymaster/QueryJobManager.java","144","NO"
"950","2","tajo/tajo-core/src/main/java/org/apache/tajo/master/querymaster/QueryMaster.java","395","NO"
"951","2","tajo/tajo-core/src/main/java/org/apache/tajo/master/querymaster/QueryMasterManagerService.java","193","NO"
"952","2","tajo/tajo-core/src/main/java/org/apache/tajo/master/querymaster/QueryMasterRunner.java","111","NO"
"953","2","tajo/tajo-core/src/main/java/org/apache/tajo/master/querymaster/QueryMasterTask.java","443","YES"
"954","2","tajo/tajo-core/src/main/java/org/apache/tajo/master/querymaster/QueryUnit.java","546","NO"
"955","2","tajo/tajo-core/src/main/java/org/apache/tajo/master/querymaster/QueryUnitAttempt.java","351","NO"
"956","2","tajo/tajo-core/src/main/java/org/apache/tajo/master/querymaster/Repartitioner.java","505","NO"
"957","2","tajo/tajo-core/src/main/java/org/apache/tajo/master/querymaster/SubQuery.java","874","NO"
"958","2","tajo/tajo-core/src/main/java/org/apache/tajo/master/rm/TajoResourceTracker.java","164","NO"
"959","2","tajo/tajo-core/src/main/java/org/apache/tajo/master/rm/TajoRMContext.java","35","NO"
"960","2","tajo/tajo-core/src/main/java/org/apache/tajo/master/rm/TajoWorkerContainer.java","61","NO"
"961","2","tajo/tajo-core/src/main/java/org/apache/tajo/master/rm/TajoWorkerContainerId.java","61","NO"
"962","2","tajo/tajo-core/src/main/java/org/apache/tajo/master/rm/TajoWorkerResourceManager.java","409","NO"
"963","2","tajo/tajo-core/src/main/java/org/apache/tajo/master/rm/Worker.java","201","NO"
"964","2","tajo/tajo-core/src/main/java/org/apache/tajo/master/rm/WorkerEvent.java","12","NO"
"965","2","tajo/tajo-core/src/main/java/org/apache/tajo/master/rm/WorkerLivelinessMonitor.java","27","NO"
"966","2","tajo/tajo-core/src/main/java/org/apache/tajo/master/rm/WorkerReconnectEvent.java","11","NO"
"967","2","tajo/tajo-core/src/main/java/org/apache/tajo/master/rm/WorkerResource.java","163","NO"
"968","2","tajo/tajo-core/src/main/java/org/apache/tajo/master/rm/WorkerStatusEvent.java","26","NO"
"969","2","tajo/tajo-core/src/main/java/org/apache/tajo/master/ScheduledFetches.java","23","NO"
"970","2","tajo/tajo-core/src/main/java/org/apache/tajo/master/session/Session.java","86","NO"
"971","2","tajo/tajo-core/src/main/java/org/apache/tajo/master/session/SessionEvent.java","12","NO"
"972","2","tajo/tajo-core/src/main/java/org/apache/tajo/master/session/SessionLivelinessMonitor.java","27","NO"
"973","2","tajo/tajo-core/src/main/java/org/apache/tajo/master/session/SessionManager.java","100","NO"
"974","2","tajo/tajo-core/src/main/java/org/apache/tajo/master/TajoAsyncDispatcher.java","176","NO"
"975","2","tajo/tajo-core/src/main/java/org/apache/tajo/master/TajoContainerProxy.java","136","NO"
"976","2","tajo/tajo-core/src/main/java/org/apache/tajo/master/TajoMaster.java","450","NO"
"977","2","tajo/tajo-core/src/main/java/org/apache/tajo/master/TajoMasterClientService.java","629","NO"
"978","2","tajo/tajo-core/src/main/java/org/apache/tajo/master/TajoMasterService.java","130","NO"
"979","2","tajo/tajo-core/src/main/java/org/apache/tajo/master/TaskRunnerGroupEvent.java","27","NO"
"980","2","tajo/tajo-core/src/main/java/org/apache/tajo/master/TaskSchedulerContext.java","37","NO"
"981","2","tajo/tajo-core/src/main/java/org/apache/tajo/master/TaskSchedulerFactory.java","44","NO"
"982","2","tajo/tajo-core/src/main/java/org/apache/tajo/net/CachedDNSResolver.java","36","NO"
"983","2","tajo/tajo-core/src/main/java/org/apache/tajo/util/ApplicationIdUtils.java","21","NO"
"984","2","tajo/tajo-core/src/main/java/org/apache/tajo/util/ClassUtil.java","121","NO"
"985","2","tajo/tajo-core/src/main/java/org/apache/tajo/util/GeoIPUtil.java","23","NO"
"986","2","tajo/tajo-core/src/main/java/org/apache/tajo/util/IndexUtil.java","112","NO"
"987","2","tajo/tajo-core/src/main/java/org/apache/tajo/util/JSPUtil.java","166","NO"
"988","2","tajo/tajo-core/src/main/java/org/apache/tajo/util/metrics/GroupNameMetricsFilter.java","22","NO"
"989","2","tajo/tajo-core/src/main/java/org/apache/tajo/util/metrics/LogEventGaugeSet.java","37","NO"
"990","2","tajo/tajo-core/src/main/java/org/apache/tajo/util/metrics/MetricsFilterList.java","20","NO"
"991","2","tajo/tajo-core/src/main/java/org/apache/tajo/util/metrics/RegexpMetricsFilter.java","27","NO"
"992","2","tajo/tajo-core/src/main/java/org/apache/tajo/util/metrics/reporter/GangliaReporter.java","206","NO"
"993","2","tajo/tajo-core/src/main/java/org/apache/tajo/util/metrics/reporter/MetricsConsoleReporter.java","49","NO"
"994","2","tajo/tajo-core/src/main/java/org/apache/tajo/util/metrics/reporter/MetricsConsoleScheduledReporter.java","12","NO"
"995","2","tajo/tajo-core/src/main/java/org/apache/tajo/util/metrics/reporter/MetricsFileScheduledReporter.java","35","NO"
"996","2","tajo/tajo-core/src/main/java/org/apache/tajo/util/metrics/reporter/MetricsStreamScheduledReporter.java","132","NO"
"997","2","tajo/tajo-core/src/main/java/org/apache/tajo/util/metrics/reporter/NullReporter.java","10","NO"
"998","2","tajo/tajo-core/src/main/java/org/apache/tajo/util/metrics/reporter/TajoMetricsReporter.java","184","NO"
"999","2","tajo/tajo-core/src/main/java/org/apache/tajo/util/metrics/reporter/TajoMetricsScheduledReporter.java","146","NO"
"1000","2","tajo/tajo-core/src/main/java/org/apache/tajo/util/metrics/TajoLogEventCounter.java","53","NO"
"1001","2","tajo/tajo-core/src/main/java/org/apache/tajo/util/metrics/TajoMetrics.java","93","NO"
"1002","2","tajo/tajo-core/src/main/java/org/apache/tajo/util/metrics/TajoSystemMetrics.java","161","NO"
"1003","2","tajo/tajo-core/src/main/java/org/apache/tajo/webapp/HttpServer.java","302","NO"
"1004","2","tajo/tajo-core/src/main/java/org/apache/tajo/webapp/QueryExecutorServlet.java","320","NO"
"1005","2","tajo/tajo-core/src/main/java/org/apache/tajo/webapp/StaticHttpServer.java","45","NO"
"1006","2","tajo/tajo-core/src/main/java/org/apache/tajo/worker/AbstractResourceAllocator.java","27","NO"
"1007","2","tajo/tajo-core/src/main/java/org/apache/tajo/worker/dataserver/HttpDataServer.java","55","NO"
"1008","2","tajo/tajo-core/src/main/java/org/apache/tajo/worker/dataserver/HttpDataServerHandler.java","146","NO"
"1009","2","tajo/tajo-core/src/main/java/org/apache/tajo/worker/dataserver/HttpDataServerPipelineFactory.java","22","NO"
"1010","2","tajo/tajo-core/src/main/java/org/apache/tajo/worker/dataserver/HttpUtil.java","35","NO"
"1011","2","tajo/tajo-core/src/main/java/org/apache/tajo/worker/dataserver/retriever/AdvancedDataRetriever.java","93","NO"
"1012","2","tajo/tajo-core/src/main/java/org/apache/tajo/worker/dataserver/retriever/DirectoryRetriever.java","31","NO"
"1013","2","tajo/tajo-core/src/main/java/org/apache/tajo/worker/dataserver/retriever/FileChunk.java","26","NO"
"1014","2","tajo/tajo-core/src/main/java/org/apache/tajo/worker/DeletionService.java","76","NO"
"1015","2","tajo/tajo-core/src/main/java/org/apache/tajo/worker/Fetcher.java","188","NO"
"1016","2","tajo/tajo-core/src/main/java/org/apache/tajo/worker/FetchImpl.java","143","NO"
"1017","2","tajo/tajo-core/src/main/java/org/apache/tajo/worker/InterDataRetriever.java","76","NO"
"1018","2","tajo/tajo-core/src/main/java/org/apache/tajo/worker/PartitionRetrieverHandler.java","18","NO"
"1019","2","tajo/tajo-core/src/main/java/org/apache/tajo/worker/RangeRetrieverHandler.java","113","NO"
"1020","2","tajo/tajo-core/src/main/java/org/apache/tajo/worker/TajoQueryEngine.java","24","NO"
"1021","2","tajo/tajo-core/src/main/java/org/apache/tajo/worker/TajoResourceAllocator.java","272","NO"
"1022","2","tajo/tajo-core/src/main/java/org/apache/tajo/worker/TajoWorker.java","460","NO"
"1023","2","tajo/tajo-core/src/main/java/org/apache/tajo/worker/TajoWorkerClientService.java","175","NO"
"1024","2","tajo/tajo-core/src/main/java/org/apache/tajo/worker/TajoWorkerManagerService.java","111","NO"
"1025","2","tajo/tajo-core/src/main/java/org/apache/tajo/worker/Task.java","618","NO"
"1026","2","tajo/tajo-core/src/main/java/org/apache/tajo/worker/TaskAttemptContext.java","199","YES"
"1027","2","tajo/tajo-core/src/main/java/org/apache/tajo/worker/TaskHistory.java","136","NO"
"1028","2","tajo/tajo-core/src/main/java/org/apache/tajo/worker/TaskRunner.java","292","NO"
"1029","2","tajo/tajo-core/src/main/java/org/apache/tajo/worker/TaskRunnerManager.java","195","NO"
"1030","2","tajo/tajo-core/src/main/java/org/apache/tajo/worker/WorkerHeartbeatService.java","234","NO"
"1031","2","tajo/tajo-jdbc/src/main/java/org/apache/tajo/jdbc/MetaDataTuple.java","108","NO"
"1032","2","tajo/tajo-jdbc/src/main/java/org/apache/tajo/jdbc/TajoConnection.java","342","NO"
"1033","2","tajo/tajo-jdbc/src/main/java/org/apache/tajo/jdbc/TajoDatabaseMetaData.java","967","NO"
"1034","2","tajo/tajo-jdbc/src/main/java/org/apache/tajo/jdbc/TajoDriver.java","54","NO"
"1035","2","tajo/tajo-jdbc/src/main/java/org/apache/tajo/jdbc/TajoMetaDataResultSet.java","49","NO"
"1036","2","tajo/tajo-jdbc/src/main/java/org/apache/tajo/jdbc/TajoPreparedStatement.java","480","NO"
"1037","2","tajo/tajo-jdbc/src/main/java/org/apache/tajo/jdbc/TajoStatement.java","205","NO"
"1038","2","tajo/tajo-maven-plugins/src/main/java/org/apache/tajo/maven/plugin/protoc/ProtocMojo.java","87","NO"
"1039","2","tajo/tajo-maven-plugins/src/main/java/org/apache/tajo/maven/plugin/util/Exec.java","62","NO"
"1040","2","tajo/tajo-maven-plugins/src/main/java/org/apache/tajo/maven/plugin/util/FileSetUtils.java","23","NO"
"1041","2","tajo/tajo-maven-plugins/src/main/java/org/apache/tajo/maven/plugin/versioninfo/VersionInfoMojo.java","230","NO"
"1042","2","tajo/tajo-rpc/src/main/java/org/apache/tajo/rpc/AsyncRpcClient.java","172","NO"
"1043","2","tajo/tajo-rpc/src/main/java/org/apache/tajo/rpc/AsyncRpcServer.java","94","NO"
"1044","2","tajo/tajo-rpc/src/main/java/org/apache/tajo/rpc/BlockingRpcClient.java","220","NO"
"1045","2","tajo/tajo-rpc/src/main/java/org/apache/tajo/rpc/BlockingRpcServer.java","92","NO"
"1046","2","tajo/tajo-rpc/src/main/java/org/apache/tajo/rpc/CallFuture.java","51","NO"
"1047","2","tajo/tajo-rpc/src/main/java/org/apache/tajo/rpc/DefaultRpcController.java","33","NO"
"1048","2","tajo/tajo-rpc/src/main/java/org/apache/tajo/rpc/NettyClientBase.java","77","YES"
"1049","2","tajo/tajo-rpc/src/main/java/org/apache/tajo/rpc/NettyRpcController.java","34","NO"
"1050","2","tajo/tajo-rpc/src/main/java/org/apache/tajo/rpc/NettyServerBase.java","140","NO"
"1051","2","tajo/tajo-rpc/src/main/java/org/apache/tajo/rpc/NullCallback.java","14","NO"
"1052","2","tajo/tajo-rpc/src/main/java/org/apache/tajo/rpc/ProtoPipelineFactory.java","28","NO"
"1053","2","tajo/tajo-rpc/src/main/java/org/apache/tajo/rpc/RpcChannelFactory.java","66","NO"
"1054","2","tajo/tajo-rpc/src/main/java/org/apache/tajo/rpc/RpcConnectionPool.java","142","NO"
"1055","2","tajo/tajo-rpc/src/main/java/org/apache/tajo/rpc/ServerCallable.java","115","NO"
"1056","2","tajo/tajo-storage/src/main/java/org/apache/tajo/storage/AbstractStorageManager.java","517","NO"
"1057","2","tajo/tajo-storage/src/main/java/org/apache/tajo/storage/avro/AvroAppender.java","149","NO"
"1058","2","tajo/tajo-storage/src/main/java/org/apache/tajo/storage/avro/AvroScanner.java","203","NO"
"1059","2","tajo/tajo-storage/src/main/java/org/apache/tajo/storage/avro/AvroUtil.java","26","NO"
"1060","2","tajo/tajo-storage/src/main/java/org/apache/tajo/storage/avro/package-info.java","1","NO"
"1061","2","tajo/tajo-storage/src/main/java/org/apache/tajo/storage/BinarySerializerDeserializer.java","212","NO"
"1062","2","tajo/tajo-storage/src/main/java/org/apache/tajo/storage/compress/CodecPool.java","101","NO"
"1063","2","tajo/tajo-storage/src/main/java/org/apache/tajo/storage/CompressedSplitLineReader.java","63","NO"
"1064","2","tajo/tajo-storage/src/main/java/org/apache/tajo/storage/CSVFile.java","471","NO"
"1065","2","tajo/tajo-storage/src/main/java/org/apache/tajo/storage/DataLocation.java","22","NO"
"1066","2","tajo/tajo-storage/src/main/java/org/apache/tajo/storage/FileAppender.java","33","NO"
"1067","2","tajo/tajo-storage/src/main/java/org/apache/tajo/storage/FileScanner.java","87","NO"
"1068","2","tajo/tajo-storage/src/main/java/org/apache/tajo/storage/fragment/FileFragment.java","161","NO"
"1069","2","tajo/tajo-storage/src/main/java/org/apache/tajo/storage/fragment/FragmentConvertor.java","91","NO"
"1070","2","tajo/tajo-storage/src/main/java/org/apache/tajo/storage/FrameTuple.java","146","NO"
"1071","2","tajo/tajo-storage/src/main/java/org/apache/tajo/storage/index/bst/BSTIndex.java","461","NO"
"1072","2","tajo/tajo-storage/src/main/java/org/apache/tajo/storage/index/IndexWriter.java","7","NO"
"1073","2","tajo/tajo-storage/src/main/java/org/apache/tajo/storage/LazyTuple.java","189","NO"
"1074","2","tajo/tajo-storage/src/main/java/org/apache/tajo/storage/LineReader.java","234","NO"
"1075","2","tajo/tajo-storage/src/main/java/org/apache/tajo/storage/MemoryUtil.java","85","NO"
"1076","2","tajo/tajo-storage/src/main/java/org/apache/tajo/storage/MergeScanner.java","147","NO"
"1077","2","tajo/tajo-storage/src/main/java/org/apache/tajo/storage/NumericPathComparator.java","11","NO"
"1078","2","tajo/tajo-storage/src/main/java/org/apache/tajo/storage/parquet/package-info.java","1","NO"
"1079","2","tajo/tajo-storage/src/main/java/org/apache/tajo/storage/parquet/ParquetAppender.java","79","NO"
"1080","2","tajo/tajo-storage/src/main/java/org/apache/tajo/storage/parquet/ParquetScanner.java","48","NO"
"1081","2","tajo/tajo-storage/src/main/java/org/apache/tajo/storage/parquet/TajoParquetReader.java","28","NO"
"1082","2","tajo/tajo-storage/src/main/java/org/apache/tajo/storage/parquet/TajoParquetWriter.java","42","NO"
"1083","2","tajo/tajo-storage/src/main/java/org/apache/tajo/storage/parquet/TajoReadSupport.java","45","NO"
"1084","2","tajo/tajo-storage/src/main/java/org/apache/tajo/storage/parquet/TajoRecordConverter.java","272","NO"
"1085","2","tajo/tajo-storage/src/main/java/org/apache/tajo/storage/parquet/TajoRecordMaterializer.java","33","NO"
"1086","2","tajo/tajo-storage/src/main/java/org/apache/tajo/storage/parquet/TajoSchemaConverter.java","149","NO"
"1087","2","tajo/tajo-storage/src/main/java/org/apache/tajo/storage/parquet/TajoWriteSupport.java","95","NO"
"1088","2","tajo/tajo-storage/src/main/java/org/apache/tajo/storage/RawFile.java","542","NO"
"1089","2","tajo/tajo-storage/src/main/java/org/apache/tajo/storage/rcfile/BytesRefArrayWritable.java","133","NO"
"1090","2","tajo/tajo-storage/src/main/java/org/apache/tajo/storage/rcfile/BytesRefWritable.java","141","NO"
"1091","2","tajo/tajo-storage/src/main/java/org/apache/tajo/storage/rcfile/ColumnProjectionUtils.java","63","NO"
"1092","2","tajo/tajo-storage/src/main/java/org/apache/tajo/storage/rcfile/NonSyncByteArrayInputStream.java","67","NO"
"1093","2","tajo/tajo-storage/src/main/java/org/apache/tajo/storage/rcfile/NonSyncByteArrayOutputStream.java","92","NO"
"1094","2","tajo/tajo-storage/src/main/java/org/apache/tajo/storage/rcfile/NonSyncDataInputBuffer.java","238","NO"
"1095","2","tajo/tajo-storage/src/main/java/org/apache/tajo/storage/rcfile/NonSyncDataOutputBuffer.java","48","NO"
"1096","2","tajo/tajo-storage/src/main/java/org/apache/tajo/storage/rcfile/RCFile.java","1079","NO"
"1097","2","tajo/tajo-storage/src/main/java/org/apache/tajo/storage/rcfile/SchemaAwareCompressionInputStream.java","9","NO"
"1098","2","tajo/tajo-storage/src/main/java/org/apache/tajo/storage/rcfile/SchemaAwareCompressionOutputStream.java","9","NO"
"1099","2","tajo/tajo-storage/src/main/java/org/apache/tajo/storage/RowFile.java","400","NO"
"1100","2","tajo/tajo-storage/src/main/java/org/apache/tajo/storage/RowStoreUtil.java","191","NO"
"1101","2","tajo/tajo-storage/src/main/java/org/apache/tajo/storage/sequencefile/SequenceFileAppender.java","199","NO"
"1102","2","tajo/tajo-storage/src/main/java/org/apache/tajo/storage/sequencefile/SequenceFileScanner.java","219","NO"
"1103","2","tajo/tajo-storage/src/main/java/org/apache/tajo/storage/SplitLineReader.java","16","NO"
"1104","2","tajo/tajo-storage/src/main/java/org/apache/tajo/storage/Storage.java","20","NO"
"1105","2","tajo/tajo-storage/src/main/java/org/apache/tajo/storage/StorageConstants.java","35","NO"
"1106","2","tajo/tajo-storage/src/main/java/org/apache/tajo/storage/StorageManager.java","36","NO"
"1107","2","tajo/tajo-storage/src/main/java/org/apache/tajo/storage/StorageManagerFactory.java","61","NO"
"1108","2","tajo/tajo-storage/src/main/java/org/apache/tajo/storage/StorageUtil.java","92","NO"
"1109","2","tajo/tajo-storage/src/main/java/org/apache/tajo/storage/TableStatistics.java","78","NO"
"1110","2","tajo/tajo-storage/src/main/java/org/apache/tajo/storage/TextSerializerDeserializer.java","184","NO"
"1111","2","tajo/tajo-storage/src/main/java/org/apache/tajo/storage/trevni/TrevniAppender.java","161","NO"
"1112","2","tajo/tajo-storage/src/main/java/org/apache/tajo/storage/trevni/TrevniScanner.java","144","NO"
"1113","2","tajo/tajo-storage/src/main/java/org/apache/tajo/storage/TupleComparator.java","115","NO"
"1114","2","tajo/tajo-storage/src/main/java/org/apache/tajo/storage/TupleRange.java","60","NO"
"1115","2","tajo/tajo-storage/src/main/java/org/apache/tajo/storage/v2/CSVFileScanner.java","317","NO"
"1116","2","tajo/tajo-storage/src/main/java/org/apache/tajo/storage/v2/DiskDeviceInfo.java","33","NO"
"1117","2","tajo/tajo-storage/src/main/java/org/apache/tajo/storage/v2/DiskFileScanScheduler.java","152","NO"
"1118","2","tajo/tajo-storage/src/main/java/org/apache/tajo/storage/v2/DiskInfo.java","42","NO"
"1119","2","tajo/tajo-storage/src/main/java/org/apache/tajo/storage/v2/DiskMountInfo.java","64","NO"
"1120","2","tajo/tajo-storage/src/main/java/org/apache/tajo/storage/v2/DiskUtil.java","154","NO"
"1121","2","tajo/tajo-storage/src/main/java/org/apache/tajo/storage/v2/FileScannerV2.java","174","NO"
"1122","2","tajo/tajo-storage/src/main/java/org/apache/tajo/storage/v2/FileScanRunner.java","37","NO"
"1123","2","tajo/tajo-storage/src/main/java/org/apache/tajo/storage/v2/RCFile.java","1188","NO"
"1124","2","tajo/tajo-storage/src/main/java/org/apache/tajo/storage/v2/RCFileScanner.java","245","NO"
"1125","2","tajo/tajo-storage/src/main/java/org/apache/tajo/storage/v2/ScanScheduler.java","141","NO"
"1126","2","tajo/tajo-storage/src/main/java/org/apache/tajo/storage/v2/ScheduledInputStream.java","425","NO"
"1127","2","tajo/tajo-storage/src/main/java/org/apache/tajo/storage/v2/StorageManagerV2.java","94","NO"
"1128","2","tajo/tajo-storage/src/main/java/org/apache/tajo/storage/VTuple.java","161","NO"
"1129","2","tajo/tajo-yarn-pullserver/src/main/java/org/apache/tajo/pullserver/HttpDataServerHandler.java","166","NO"
"1130","2","tajo/tajo-yarn-pullserver/src/main/java/org/apache/tajo/pullserver/HttpDataServerPipelineFactory.java","25","NO"
"1131","2","tajo/tajo-yarn-pullserver/src/main/java/org/apache/tajo/pullserver/HttpUtil.java","35","NO"
"1132","2","tajo/tajo-yarn-pullserver/src/main/java/org/apache/tajo/pullserver/PullServerAuxService.java","518","NO"
"1133","2","tajo/tajo-yarn-pullserver/src/main/java/org/apache/tajo/pullserver/retriever/AdvancedDataRetriever.java","92","NO"
"1134","2","tajo/tajo-yarn-pullserver/src/main/java/org/apache/tajo/pullserver/retriever/DirectoryRetriever.java","31","NO"
"1135","2","tajo/tajo-yarn-pullserver/src/main/java/org/apache/tajo/pullserver/retriever/FileChunk.java","26","NO"
"1136","2","tajo/tajo-yarn-pullserver/src/main/java/org/apache/tajo/pullserver/TajoPullServerService.java","503","NO"
"1137","3","tajo/tajo-algebra/src/main/java/org/apache/tajo/algebra/Aggregation.java","114","NO"
"1138","3","tajo/tajo-algebra/src/main/java/org/apache/tajo/algebra/AlterTable.java","89","NO"
"1139","3","tajo/tajo-algebra/src/main/java/org/apache/tajo/algebra/AlterTablespace.java","49","NO"
"1140","3","tajo/tajo-algebra/src/main/java/org/apache/tajo/algebra/BetweenPredicate.java","58","NO"
"1141","3","tajo/tajo-algebra/src/main/java/org/apache/tajo/algebra/BinaryOperator.java","47","NO"
"1142","3","tajo/tajo-algebra/src/main/java/org/apache/tajo/algebra/BooleanLiteral.java","11","NO"
"1143","3","tajo/tajo-algebra/src/main/java/org/apache/tajo/algebra/CaseWhenPredicate.java","94","NO"
"1144","3","tajo/tajo-algebra/src/main/java/org/apache/tajo/algebra/CastExpr.java","28","NO"
"1145","3","tajo/tajo-algebra/src/main/java/org/apache/tajo/algebra/ColumnDefinition.java","43","NO"
"1146","3","tajo/tajo-algebra/src/main/java/org/apache/tajo/algebra/ColumnReferenceExpr.java","69","NO"
"1147","3","tajo/tajo-algebra/src/main/java/org/apache/tajo/algebra/CountRowsFunctionExpr.java","10","NO"
"1148","3","tajo/tajo-algebra/src/main/java/org/apache/tajo/algebra/CreateDatabase.java","62","NO"
"1149","3","tajo/tajo-algebra/src/main/java/org/apache/tajo/algebra/CreateTable.java","483","YES"
"1150","3","tajo/tajo-algebra/src/main/java/org/apache/tajo/algebra/DataTypeExpr.java","57","NO"
"1151","3","tajo/tajo-algebra/src/main/java/org/apache/tajo/algebra/DateLiteral.java","35","NO"
"1152","3","tajo/tajo-algebra/src/main/java/org/apache/tajo/algebra/DateValue.java","48","NO"
"1153","3","tajo/tajo-algebra/src/main/java/org/apache/tajo/algebra/DropDatabase.java","37","NO"
"1154","3","tajo/tajo-algebra/src/main/java/org/apache/tajo/algebra/DropTable.java","48","NO"
"1155","3","tajo/tajo-algebra/src/main/java/org/apache/tajo/algebra/ExistsPredicate.java","34","NO"
"1156","3","tajo/tajo-algebra/src/main/java/org/apache/tajo/algebra/Explain.java","15","NO"
"1157","3","tajo/tajo-algebra/src/main/java/org/apache/tajo/algebra/Expr.java","97","YES"
"1158","3","tajo/tajo-algebra/src/main/java/org/apache/tajo/algebra/FunctionExpr.java","67","NO"
"1159","3","tajo/tajo-algebra/src/main/java/org/apache/tajo/algebra/GeneralSetFunctionExpr.java","33","NO"
"1160","3","tajo/tajo-algebra/src/main/java/org/apache/tajo/algebra/Having.java","44","NO"
"1161","3","tajo/tajo-algebra/src/main/java/org/apache/tajo/algebra/InPredicate.java","26","NO"
"1162","3","tajo/tajo-algebra/src/main/java/org/apache/tajo/algebra/Insert.java","113","NO"
"1163","3","tajo/tajo-algebra/src/main/java/org/apache/tajo/algebra/IntervalLiteral.java","25","NO"
"1164","3","tajo/tajo-algebra/src/main/java/org/apache/tajo/algebra/IsNullPredicate.java","33","NO"
"1165","3","tajo/tajo-algebra/src/main/java/org/apache/tajo/algebra/Join.java","75","NO"
"1166","3","tajo/tajo-algebra/src/main/java/org/apache/tajo/algebra/JsonHelper.java","32","NO"
"1167","3","tajo/tajo-algebra/src/main/java/org/apache/tajo/algebra/Limit.java","37","NO"
"1168","3","tajo/tajo-algebra/src/main/java/org/apache/tajo/algebra/LiteralValue.java","64","NO"
"1169","3","tajo/tajo-algebra/src/main/java/org/apache/tajo/algebra/NamedExpr.java","54","NO"
"1170","3","tajo/tajo-algebra/src/main/java/org/apache/tajo/algebra/NotExpr.java","11","NO"
"1171","3","tajo/tajo-algebra/src/main/java/org/apache/tajo/algebra/NullLiteral.java","14","NO"
"1172","3","tajo/tajo-algebra/src/main/java/org/apache/tajo/algebra/PatternMatchPredicate.java","48","NO"
"1173","3","tajo/tajo-algebra/src/main/java/org/apache/tajo/algebra/Projection.java","54","NO"
"1174","3","tajo/tajo-algebra/src/main/java/org/apache/tajo/algebra/QualifiedAsteriskExpr.java","45","NO"
"1175","3","tajo/tajo-algebra/src/main/java/org/apache/tajo/algebra/Relation.java","54","NO"
"1176","3","tajo/tajo-algebra/src/main/java/org/apache/tajo/algebra/RelationList.java","56","NO"
"1177","3","tajo/tajo-algebra/src/main/java/org/apache/tajo/algebra/ScalarSubQuery.java","14","NO"
"1178","3","tajo/tajo-algebra/src/main/java/org/apache/tajo/algebra/Selection.java","43","NO"
"1179","3","tajo/tajo-algebra/src/main/java/org/apache/tajo/algebra/SetOperation.java","35","NO"
"1180","3","tajo/tajo-algebra/src/main/java/org/apache/tajo/algebra/SignedExpr.java","29","NO"
"1181","3","tajo/tajo-algebra/src/main/java/org/apache/tajo/algebra/SimpleTableSubQuery.java","14","NO"
"1182","3","tajo/tajo-algebra/src/main/java/org/apache/tajo/algebra/Sort.java","102","NO"
"1183","3","tajo/tajo-algebra/src/main/java/org/apache/tajo/algebra/TablePrimarySubQuery.java","47","NO"
"1184","3","tajo/tajo-algebra/src/main/java/org/apache/tajo/algebra/TimeLiteral.java","35","NO"
"1185","3","tajo/tajo-algebra/src/main/java/org/apache/tajo/algebra/TimestampLiteral.java","42","NO"
"1186","3","tajo/tajo-algebra/src/main/java/org/apache/tajo/algebra/TimeValue.java","64","NO"
"1187","3","tajo/tajo-algebra/src/main/java/org/apache/tajo/algebra/TruncateTable.java","26","NO"
"1188","3","tajo/tajo-algebra/src/main/java/org/apache/tajo/algebra/UnaryOperator.java","29","NO"
"1189","3","tajo/tajo-algebra/src/main/java/org/apache/tajo/algebra/ValueListExpr.java","34","NO"
"1190","3","tajo/tajo-algebra/src/main/java/org/apache/tajo/algebra/Window.java","36","NO"
"1191","3","tajo/tajo-algebra/src/main/java/org/apache/tajo/algebra/WindowFunctionExpr.java","40","NO"
"1192","3","tajo/tajo-algebra/src/main/java/org/apache/tajo/algebra/WindowSpec.java","181","NO"
"1193","3","tajo/tajo-catalog/tajo-catalog-client/src/main/java/org/apache/tajo/catalog/AbstractCatalogClient.java","573","YES"
"1194","3","tajo/tajo-catalog/tajo-catalog-client/src/main/java/org/apache/tajo/catalog/CatalogClient.java","21","NO"
"1195","3","tajo/tajo-catalog/tajo-catalog-common/src/main/java/org/apache/tajo/catalog/AlterTableDesc.java","113","NO"
"1196","3","tajo/tajo-catalog/tajo-catalog-common/src/main/java/org/apache/tajo/catalog/CatalogConstants.java","31","YES"
"1197","3","tajo/tajo-catalog/tajo-catalog-common/src/main/java/org/apache/tajo/catalog/CatalogUtil.java","526","YES"
"1198","3","tajo/tajo-catalog/tajo-catalog-common/src/main/java/org/apache/tajo/catalog/Column.java","70","NO"
"1199","3","tajo/tajo-catalog/tajo-catalog-common/src/main/java/org/apache/tajo/catalog/DDLBuilder.java","93","NO"
"1200","3","tajo/tajo-catalog/tajo-catalog-common/src/main/java/org/apache/tajo/catalog/FunctionDesc.java","141","NO"
"1201","3","tajo/tajo-catalog/tajo-catalog-common/src/main/java/org/apache/tajo/catalog/IndexDesc.java","112","NO"
"1202","3","tajo/tajo-catalog/tajo-catalog-common/src/main/java/org/apache/tajo/catalog/json/CatalogGsonHelper.java","51","NO"
"1203","3","tajo/tajo-catalog/tajo-catalog-common/src/main/java/org/apache/tajo/catalog/json/FunctionAdapter.java","31","YES"
"1204","3","tajo/tajo-catalog/tajo-catalog-common/src/main/java/org/apache/tajo/catalog/json/TableMetaAdapter.java","32","YES"
"1205","3","tajo/tajo-catalog/tajo-catalog-common/src/main/java/org/apache/tajo/catalog/partition/PartitionDesc.java","114","NO"
"1206","3","tajo/tajo-catalog/tajo-catalog-common/src/main/java/org/apache/tajo/catalog/partition/PartitionMethodDesc.java","113","NO"
"1207","3","tajo/tajo-catalog/tajo-catalog-common/src/main/java/org/apache/tajo/catalog/Schema.java","286","NO"
"1208","3","tajo/tajo-catalog/tajo-catalog-common/src/main/java/org/apache/tajo/catalog/SortSpec.java","78","NO"
"1209","3","tajo/tajo-catalog/tajo-catalog-common/src/main/java/org/apache/tajo/catalog/statistics/ColumnStats.java","126","NO"
"1210","3","tajo/tajo-catalog/tajo-catalog-common/src/main/java/org/apache/tajo/catalog/statistics/Stat.java","65","NO"
"1211","3","tajo/tajo-catalog/tajo-catalog-common/src/main/java/org/apache/tajo/catalog/statistics/StatisticsUtil.java","109","NO"
"1212","3","tajo/tajo-catalog/tajo-catalog-common/src/main/java/org/apache/tajo/catalog/statistics/StatSet.java","110","NO"
"1213","3","tajo/tajo-catalog/tajo-catalog-common/src/main/java/org/apache/tajo/catalog/statistics/TableStats.java","206","NO"
"1214","3","tajo/tajo-catalog/tajo-catalog-common/src/main/java/org/apache/tajo/catalog/TableDesc.java","172","NO"
"1215","3","tajo/tajo-catalog/tajo-catalog-common/src/main/java/org/apache/tajo/catalog/TableMeta.java","159","NO"
"1216","3","tajo/tajo-catalog/tajo-catalog-common/src/main/java/org/apache/tajo/catalog/TableUtil.java","26","NO"
"1217","3","tajo/tajo-catalog/tajo-catalog-common/src/main/java/org/apache/tajo/DataTypeUtil.java","132","NO"
"1218","3","tajo/tajo-catalog/tajo-catalog-common/src/main/java/org/apache/tajo/function/ClassBaseInvocationDesc.java","43","NO"
"1219","3","tajo/tajo-catalog/tajo-catalog-common/src/main/java/org/apache/tajo/function/Function.java","40","NO"
"1220","3","tajo/tajo-catalog/tajo-catalog-common/src/main/java/org/apache/tajo/function/FunctionInvocation.java","112","NO"
"1221","3","tajo/tajo-catalog/tajo-catalog-common/src/main/java/org/apache/tajo/function/FunctionSignature.java","100","NO"
"1222","3","tajo/tajo-catalog/tajo-catalog-common/src/main/java/org/apache/tajo/function/FunctionSupplement.java","77","NO"
"1223","3","tajo/tajo-catalog/tajo-catalog-common/src/main/java/org/apache/tajo/function/FunctionUtil.java","30","NO"
"1224","3","tajo/tajo-catalog/tajo-catalog-common/src/main/java/org/apache/tajo/function/StaticMethodInvocationDesc.java","93","NO"
"1225","3","tajo/tajo-catalog/tajo-catalog-drivers/tajo-hcatalog/src/main/java/org/apache/tajo/catalog/store/HCatalogStore.java","653","YES"
"1226","3","tajo/tajo-catalog/tajo-catalog-drivers/tajo-hcatalog/src/main/java/org/apache/tajo/catalog/store/HCatalogStoreClientPool.java","97","NO"
"1227","3","tajo/tajo-catalog/tajo-catalog-drivers/tajo-hcatalog/src/main/java/org/apache/tajo/catalog/store/HCatalogUtil.java","115","YES"
"1228","3","tajo/tajo-catalog/tajo-catalog-server/src/main/java/org/apache/tajo/catalog/CatalogServer.java","887","NO"
"1229","3","tajo/tajo-catalog/tajo-catalog-server/src/main/java/org/apache/tajo/catalog/LocalCatalogWrapper.java","30","NO"
"1230","3","tajo/tajo-catalog/tajo-catalog-server/src/main/java/org/apache/tajo/catalog/MiniCatalogServer.java","23","NO"
"1231","3","tajo/tajo-catalog/tajo-catalog-server/src/main/java/org/apache/tajo/catalog/store/AbstractDBStore.java","1605","YES"
"1232","3","tajo/tajo-catalog/tajo-catalog-server/src/main/java/org/apache/tajo/catalog/store/AbstractMySQLMariaDBStore.java","211","NO"
"1233","3","tajo/tajo-catalog/tajo-catalog-server/src/main/java/org/apache/tajo/catalog/store/DerbyStore.java","270","NO"
"1234","3","tajo/tajo-catalog/tajo-catalog-server/src/main/java/org/apache/tajo/catalog/store/MariaDBStore.java","23","NO"
"1235","3","tajo/tajo-catalog/tajo-catalog-server/src/main/java/org/apache/tajo/catalog/store/MemStore.java","339","YES"
"1236","3","tajo/tajo-catalog/tajo-catalog-server/src/main/java/org/apache/tajo/catalog/store/MySQLStore.java","24","NO"
"1237","3","tajo/tajo-catalog/tajo-catalog-server/src/main/java/org/apache/tajo/catalog/store/OracleStore.java","290","NO"
"1238","3","tajo/tajo-catalog/tajo-catalog-server/src/main/java/org/apache/tajo/catalog/store/PostgreSQLStore.java","246","NO"
"1239","3","tajo/tajo-client/src/main/java/org/apache/tajo/cli/ConnectDatabaseCommand.java","46","NO"
"1240","3","tajo/tajo-client/src/main/java/org/apache/tajo/cli/CopyrightCommand.java","39","NO"
"1241","3","tajo/tajo-client/src/main/java/org/apache/tajo/cli/DefaultTajoCliOutputFormatter.java","169","YES"
"1242","3","tajo/tajo-client/src/main/java/org/apache/tajo/cli/DescFunctionCommand.java","95","NO"
"1243","3","tajo/tajo-client/src/main/java/org/apache/tajo/cli/DescTableCommand.java","94","YES"
"1244","3","tajo/tajo-client/src/main/java/org/apache/tajo/cli/ExecExternalShellCommand.java","89","NO"
"1245","3","tajo/tajo-client/src/main/java/org/apache/tajo/cli/ExitCommand.java","23","NO"
"1246","3","tajo/tajo-client/src/main/java/org/apache/tajo/cli/HdfsCommand.java","31","NO"
"1247","3","tajo/tajo-client/src/main/java/org/apache/tajo/cli/HelpCommand.java","95","YES"
"1248","3","tajo/tajo-client/src/main/java/org/apache/tajo/cli/ListDatabaseCommand.java","24","NO"
"1249","3","tajo/tajo-client/src/main/java/org/apache/tajo/cli/ParsedResult.java","27","NO"
"1250","3","tajo/tajo-client/src/main/java/org/apache/tajo/cli/SetCommand.java","88","NO"
"1251","3","tajo/tajo-client/src/main/java/org/apache/tajo/cli/SimpleParser.java","214","NO"
"1252","3","tajo/tajo-client/src/main/java/org/apache/tajo/cli/TajoAdminCommand.java","31","NO"
"1253","3","tajo/tajo-client/src/main/java/org/apache/tajo/cli/TajoCli.java","572","YES"
"1254","3","tajo/tajo-client/src/main/java/org/apache/tajo/cli/TajoFileHistory.java","14","YES"
"1255","3","tajo/tajo-client/src/main/java/org/apache/tajo/cli/TajoGetConfCommand.java","31","NO"
"1256","3","tajo/tajo-client/src/main/java/org/apache/tajo/cli/TajoHAAdminCommand.java","31","NO"
"1257","3","tajo/tajo-client/src/main/java/org/apache/tajo/cli/TajoShellCommand.java","92","NO"
"1258","3","tajo/tajo-client/src/main/java/org/apache/tajo/cli/UnsetCommand.java","27","NO"
"1259","3","tajo/tajo-client/src/main/java/org/apache/tajo/cli/VersionCommand.java","23","NO"
"1260","3","tajo/tajo-client/src/main/java/org/apache/tajo/client/QueryStatus.java","62","NO"
"1261","3","tajo/tajo-client/src/main/java/org/apache/tajo/client/ResultSetUtil.java","159","YES"
"1262","3","tajo/tajo-client/src/main/java/org/apache/tajo/client/TajoAdmin.java","376","NO"
"1263","3","tajo/tajo-client/src/main/java/org/apache/tajo/client/TajoClient.java","782","NO"
"1264","3","tajo/tajo-client/src/main/java/org/apache/tajo/client/TajoDump.java","142","YES"
"1265","3","tajo/tajo-client/src/main/java/org/apache/tajo/client/TajoGetConf.java","111","NO"
"1266","3","tajo/tajo-client/src/main/java/org/apache/tajo/client/TajoHAAdmin.java","162","NO"
"1267","3","tajo/tajo-client/src/main/java/org/apache/tajo/client/TajoHAClientUtil.java","34","NO"
"1268","3","tajo/tajo-client/src/main/java/org/apache/tajo/jdbc/FetchResultSet.java","65","YES"
"1269","3","tajo/tajo-client/src/main/java/org/apache/tajo/jdbc/TajoMemoryResultSet.java","51","YES"
"1270","3","tajo/tajo-client/src/main/java/org/apache/tajo/jdbc/TajoResultSet.java","159","YES"
"1271","3","tajo/tajo-client/src/main/java/org/apache/tajo/jdbc/TajoResultSetBase.java","1024","YES"
"1272","3","tajo/tajo-client/src/main/java/org/apache/tajo/jdbc/TajoResultSetMetaData.java","118","NO"
"1273","3","tajo/tajo-common/src/main/java/org/apache/tajo/common/Sleeper.java","21","NO"
"1274","3","tajo/tajo-common/src/main/java/org/apache/tajo/common/type/IPv4.java","126","NO"
"1275","3","tajo/tajo-common/src/main/java/org/apache/tajo/common/type/TajoTypeUtil.java","146","NO"
"1276","3","tajo/tajo-common/src/main/java/org/apache/tajo/common/type/TimeRange.java","46","NO"
"1277","3","tajo/tajo-common/src/main/java/org/apache/tajo/conf/TajoConf.java","454","YES"
"1278","3","tajo/tajo-common/src/main/java/org/apache/tajo/datum/BitDatum.java","98","NO"
"1279","3","tajo/tajo-common/src/main/java/org/apache/tajo/datum/BlobDatum.java","124","NO"
"1280","3","tajo/tajo-common/src/main/java/org/apache/tajo/datum/BooleanDatum.java","129","NO"
"1281","3","tajo/tajo-common/src/main/java/org/apache/tajo/datum/CharDatum.java","112","NO"
"1282","3","tajo/tajo-common/src/main/java/org/apache/tajo/datum/DateDatum.java","222","YES"
"1283","3","tajo/tajo-common/src/main/java/org/apache/tajo/datum/Datum.java","208","YES"
"1284","3","tajo/tajo-common/src/main/java/org/apache/tajo/datum/DatumFactory.java","362","YES"
"1285","3","tajo/tajo-common/src/main/java/org/apache/tajo/datum/Float4Datum.java","314","NO"
"1286","3","tajo/tajo-common/src/main/java/org/apache/tajo/datum/Float8Datum.java","304","NO"
"1287","3","tajo/tajo-common/src/main/java/org/apache/tajo/datum/Inet4Datum.java","103","NO"
"1288","3","tajo/tajo-common/src/main/java/org/apache/tajo/datum/Int2Datum.java","306","NO"
"1289","3","tajo/tajo-common/src/main/java/org/apache/tajo/datum/Int4Datum.java","309","NO"
"1290","3","tajo/tajo-common/src/main/java/org/apache/tajo/datum/Int8Datum.java","316","NO"
"1291","3","tajo/tajo-common/src/main/java/org/apache/tajo/datum/IntervalDatum.java","379","YES"
"1292","3","tajo/tajo-common/src/main/java/org/apache/tajo/datum/NullDatum.java","133","NO"
"1293","3","tajo/tajo-common/src/main/java/org/apache/tajo/datum/NumericDatum.java","12","NO"
"1294","3","tajo/tajo-common/src/main/java/org/apache/tajo/datum/protobuf/AbstractCharBasedFormatter.java","38","NO"
"1295","3","tajo/tajo-common/src/main/java/org/apache/tajo/datum/protobuf/ProtobufFormatter.java","73","NO"
"1296","3","tajo/tajo-common/src/main/java/org/apache/tajo/datum/protobuf/ProtobufJsonFormat.java","1036","NO"
"1297","3","tajo/tajo-common/src/main/java/org/apache/tajo/datum/protobuf/TextUtils.java","294","YES"
"1298","3","tajo/tajo-common/src/main/java/org/apache/tajo/datum/ProtobufDatum.java","46","NO"
"1299","3","tajo/tajo-common/src/main/java/org/apache/tajo/datum/ProtobufDatumFactory.java","62","NO"
"1300","3","tajo/tajo-common/src/main/java/org/apache/tajo/datum/TextDatum.java","116","NO"
"1301","3","tajo/tajo-common/src/main/java/org/apache/tajo/datum/TimeDatum.java","152","YES"
"1302","3","tajo/tajo-common/src/main/java/org/apache/tajo/datum/TimestampDatum.java","184","NO"
"1303","3","tajo/tajo-common/src/main/java/org/apache/tajo/ExecutionBlockId.java","59","NO"
"1304","3","tajo/tajo-common/src/main/java/org/apache/tajo/json/ClassNameSerializer.java","21","NO"
"1305","3","tajo/tajo-common/src/main/java/org/apache/tajo/json/CommonGsonHelper.java","41","YES"
"1306","3","tajo/tajo-common/src/main/java/org/apache/tajo/json/DataTypeAdapter.java","36","YES"
"1307","3","tajo/tajo-common/src/main/java/org/apache/tajo/json/DatumAdapter.java","51","YES"
"1308","3","tajo/tajo-common/src/main/java/org/apache/tajo/json/GsonHelper.java","25","NO"
"1309","3","tajo/tajo-common/src/main/java/org/apache/tajo/json/PathSerializer.java","15","NO"
"1310","3","tajo/tajo-common/src/main/java/org/apache/tajo/OverridableConf.java","171","YES"
"1311","3","tajo/tajo-common/src/main/java/org/apache/tajo/QueryId.java","60","NO"
"1312","3","tajo/tajo-common/src/main/java/org/apache/tajo/QueryIdFactory.java","62","NO"
"1313","3","tajo/tajo-common/src/main/java/org/apache/tajo/QueryUnitAttemptId.java","62","NO"
"1314","3","tajo/tajo-common/src/main/java/org/apache/tajo/QueryUnitId.java","59","NO"
"1315","3","tajo/tajo-common/src/main/java/org/apache/tajo/TajoConstants.java","17","YES"
"1316","3","tajo/tajo-common/src/main/java/org/apache/tajo/unit/StorageUnit.java","9","YES"
"1317","3","tajo/tajo-common/src/main/java/org/apache/tajo/unit/TimeUnit.java","8","NO"
"1318","3","tajo/tajo-common/src/main/java/org/apache/tajo/util/BitArray.java","68","NO"
"1319","3","tajo/tajo-common/src/main/java/org/apache/tajo/util/Bytes.java","1103","YES"
"1320","3","tajo/tajo-common/src/main/java/org/apache/tajo/util/BytesUtils.java","140","NO"
"1321","3","tajo/tajo-common/src/main/java/org/apache/tajo/util/ClassSize.java","161","NO"
"1322","3","tajo/tajo-common/src/main/java/org/apache/tajo/util/ClassUtil.java","162","NO"
"1323","3","tajo/tajo-common/src/main/java/org/apache/tajo/util/CommonTestingUtil.java","52","NO"
"1324","3","tajo/tajo-common/src/main/java/org/apache/tajo/util/datetime/DateTimeConstants.java","549","YES"
"1325","3","tajo/tajo-common/src/main/java/org/apache/tajo/util/datetime/DateTimeFormat.java","1619","YES"
"1326","3","tajo/tajo-common/src/main/java/org/apache/tajo/util/datetime/DateTimeUtil.java","1279","YES"
"1327","3","tajo/tajo-common/src/main/java/org/apache/tajo/util/datetime/TimeMeta.java","108","NO"
"1328","3","tajo/tajo-common/src/main/java/org/apache/tajo/util/FileUtil.java","101","NO"
"1329","3","tajo/tajo-common/src/main/java/org/apache/tajo/util/HAServiceUtil.java","218","NO"
"1330","3","tajo/tajo-common/src/main/java/org/apache/tajo/util/JarUtil.java","29","NO"
"1331","3","tajo/tajo-common/src/main/java/org/apache/tajo/util/KeyValueSet.java","187","NO"
"1332","3","tajo/tajo-common/src/main/java/org/apache/tajo/util/MurmurHash.java","143","NO"
"1333","3","tajo/tajo-common/src/main/java/org/apache/tajo/util/NetUtils.java","53","NO"
"1334","3","tajo/tajo-common/src/main/java/org/apache/tajo/util/NumberUtil.java","258","NO"
"1335","3","tajo/tajo-common/src/main/java/org/apache/tajo/util/Pair.java","39","NO"
"1336","3","tajo/tajo-common/src/main/java/org/apache/tajo/util/ProtoUtil.java","17","NO"
"1337","3","tajo/tajo-common/src/main/java/org/apache/tajo/util/ReflectionUtil.java","13","NO"
"1338","3","tajo/tajo-common/src/main/java/org/apache/tajo/util/StringUtils.java","219","NO"
"1339","3","tajo/tajo-common/src/main/java/org/apache/tajo/util/TajoIdUtils.java","23","NO"
"1340","3","tajo/tajo-common/src/main/java/org/apache/tajo/util/TUtil.java","164","YES"
"1341","3","tajo/tajo-common/src/main/java/org/apache/tajo/util/VersionInfo.java","97","NO"
"1342","3","tajo/tajo-core/src/main/java/org/apache/tajo/benchmark/BenchmarkSet.java","83","NO"
"1343","3","tajo/tajo-core/src/main/java/org/apache/tajo/benchmark/Driver.java","22","NO"
"1344","3","tajo/tajo-core/src/main/java/org/apache/tajo/benchmark/SimpleQuery.java","8","NO"
"1345","3","tajo/tajo-core/src/main/java/org/apache/tajo/benchmark/TPCH.java","183","NO"
"1346","3","tajo/tajo-core/src/main/java/org/apache/tajo/engine/codegen/CaseWhenEmitter.java","128","NO"
"1347","3","tajo/tajo-core/src/main/java/org/apache/tajo/engine/codegen/CaseWhenSwitchGenerator.java","61","NO"
"1348","3","tajo/tajo-core/src/main/java/org/apache/tajo/engine/codegen/CodeGenUtils.java","17","NO"
"1349","3","tajo/tajo-core/src/main/java/org/apache/tajo/engine/codegen/EvalCodeGenContext.java","164","NO"
"1350","3","tajo/tajo-core/src/main/java/org/apache/tajo/engine/codegen/EvalCodeGenerator.java","623","NO"
"1351","3","tajo/tajo-core/src/main/java/org/apache/tajo/engine/codegen/ExecutorPreCompiler.java","149","NO"
"1352","3","tajo/tajo-core/src/main/java/org/apache/tajo/engine/codegen/LegacyFunctionBindingEmitter.java","42","NO"
"1353","3","tajo/tajo-core/src/main/java/org/apache/tajo/engine/codegen/ScalarFunctionBindingEmitter.java","106","NO"
"1354","3","tajo/tajo-core/src/main/java/org/apache/tajo/engine/codegen/TajoClassLoader.java","9","NO"
"1355","3","tajo/tajo-core/src/main/java/org/apache/tajo/engine/codegen/TajoGeneratorAdapter.java","873","NO"
"1356","3","tajo/tajo-core/src/main/java/org/apache/tajo/engine/codegen/VariablesPreBuilder.java","51","NO"
"1357","3","tajo/tajo-core/src/main/java/org/apache/tajo/engine/eval/AggregationFunctionCallEval.java","84","NO"
"1358","3","tajo/tajo-core/src/main/java/org/apache/tajo/engine/eval/AlgebraicUtil.java","262","NO"
"1359","3","tajo/tajo-core/src/main/java/org/apache/tajo/engine/eval/BasicEvalNodeVisitor.java","273","NO"
"1360","3","tajo/tajo-core/src/main/java/org/apache/tajo/engine/eval/BetweenPredicateEval.java","213","NO"
"1361","3","tajo/tajo-core/src/main/java/org/apache/tajo/engine/eval/BinaryEval.java","169","NO"
"1362","3","tajo/tajo-core/src/main/java/org/apache/tajo/engine/eval/CaseWhenEval.java","220","NO"
"1363","3","tajo/tajo-core/src/main/java/org/apache/tajo/engine/eval/CastEval.java","45","YES"
"1364","3","tajo/tajo-core/src/main/java/org/apache/tajo/engine/eval/ConstEval.java","73","NO"
"1365","3","tajo/tajo-core/src/main/java/org/apache/tajo/engine/eval/EvalNode.java","38","NO"
"1366","3","tajo/tajo-core/src/main/java/org/apache/tajo/engine/eval/EvalTreeFactory.java","11","NO"
"1367","3","tajo/tajo-core/src/main/java/org/apache/tajo/engine/eval/EvalTreeUtil.java","359","YES"
"1368","3","tajo/tajo-core/src/main/java/org/apache/tajo/engine/eval/FieldEval.java","89","NO"
"1369","3","tajo/tajo-core/src/main/java/org/apache/tajo/engine/eval/FunctionEval.java","132","NO"
"1370","3","tajo/tajo-core/src/main/java/org/apache/tajo/engine/eval/GeneralFunctionEval.java","51","YES"
"1371","3","tajo/tajo-core/src/main/java/org/apache/tajo/engine/eval/InEval.java","53","NO"
"1372","3","tajo/tajo-core/src/main/java/org/apache/tajo/engine/eval/IsNullEval.java","52","NO"
"1373","3","tajo/tajo-core/src/main/java/org/apache/tajo/engine/eval/LikePredicateEval.java","28","NO"
"1374","3","tajo/tajo-core/src/main/java/org/apache/tajo/engine/eval/NotEval.java","31","NO"
"1375","3","tajo/tajo-core/src/main/java/org/apache/tajo/engine/eval/PartialBinaryExpr.java","45","NO"
"1376","3","tajo/tajo-core/src/main/java/org/apache/tajo/engine/eval/PatternMatchPredicateEval.java","56","NO"
"1377","3","tajo/tajo-core/src/main/java/org/apache/tajo/engine/eval/RegexPredicateEval.java","30","NO"
"1378","3","tajo/tajo-core/src/main/java/org/apache/tajo/engine/eval/RowConstantEval.java","65","NO"
"1379","3","tajo/tajo-core/src/main/java/org/apache/tajo/engine/eval/SignedEval.java","57","NO"
"1380","3","tajo/tajo-core/src/main/java/org/apache/tajo/engine/eval/SimilarToPredicateEval.java","23","NO"
"1381","3","tajo/tajo-core/src/main/java/org/apache/tajo/engine/eval/SimpleEvalNodeVisitor.java","111","NO"
"1382","3","tajo/tajo-core/src/main/java/org/apache/tajo/engine/eval/UnaryEval.java","73","NO"
"1383","3","tajo/tajo-core/src/main/java/org/apache/tajo/engine/eval/WindowFunctionEval.java","84","NO"
"1384","3","tajo/tajo-core/src/main/java/org/apache/tajo/engine/function/AggFunction.java","30","NO"
"1385","3","tajo/tajo-core/src/main/java/org/apache/tajo/engine/function/builtin/AvgDouble.java","73","YES"
"1386","3","tajo/tajo-core/src/main/java/org/apache/tajo/engine/function/builtin/AvgFloat.java","23","YES"
"1387","3","tajo/tajo-core/src/main/java/org/apache/tajo/engine/function/builtin/AvgInt.java","24","YES"
"1388","3","tajo/tajo-core/src/main/java/org/apache/tajo/engine/function/builtin/AvgLong.java","68","YES"
"1389","3","tajo/tajo-core/src/main/java/org/apache/tajo/engine/function/builtin/Coalesce.java","23","NO"
"1390","3","tajo/tajo-core/src/main/java/org/apache/tajo/engine/function/builtin/CoalesceBoolean.java","24","NO"
"1391","3","tajo/tajo-core/src/main/java/org/apache/tajo/engine/function/builtin/CoalesceDate.java","23","NO"
"1392","3","tajo/tajo-core/src/main/java/org/apache/tajo/engine/function/builtin/CoalesceDouble.java","22","NO"
"1393","3","tajo/tajo-core/src/main/java/org/apache/tajo/engine/function/builtin/CoalesceLong.java","22","NO"
"1394","3","tajo/tajo-core/src/main/java/org/apache/tajo/engine/function/builtin/CoalesceString.java","22","NO"
"1395","3","tajo/tajo-core/src/main/java/org/apache/tajo/engine/function/builtin/CoalesceTime.java","23","NO"
"1396","3","tajo/tajo-core/src/main/java/org/apache/tajo/engine/function/builtin/CoalesceTimestamp.java","23","NO"
"1397","3","tajo/tajo-core/src/main/java/org/apache/tajo/engine/function/builtin/CountRows.java","55","NO"
"1398","3","tajo/tajo-core/src/main/java/org/apache/tajo/engine/function/builtin/CountValue.java","29","NO"
"1399","3","tajo/tajo-core/src/main/java/org/apache/tajo/engine/function/builtin/CountValueDistinct.java","58","NO"
"1400","3","tajo/tajo-core/src/main/java/org/apache/tajo/engine/function/builtin/Date.java","38","NO"
"1401","3","tajo/tajo-core/src/main/java/org/apache/tajo/engine/function/builtin/MaxDouble.java","51","YES"
"1402","3","tajo/tajo-core/src/main/java/org/apache/tajo/engine/function/builtin/MaxFloat.java","50","YES"
"1403","3","tajo/tajo-core/src/main/java/org/apache/tajo/engine/function/builtin/MaxInt.java","50","YES"
"1404","3","tajo/tajo-core/src/main/java/org/apache/tajo/engine/function/builtin/MaxLong.java","51","YES"
"1405","3","tajo/tajo-core/src/main/java/org/apache/tajo/engine/function/builtin/MaxString.java","54","YES"
"1406","3","tajo/tajo-core/src/main/java/org/apache/tajo/engine/function/builtin/MinDouble.java","50","YES"
"1407","3","tajo/tajo-core/src/main/java/org/apache/tajo/engine/function/builtin/MinFloat.java","51","YES"
"1408","3","tajo/tajo-core/src/main/java/org/apache/tajo/engine/function/builtin/MinInt.java","50","YES"
"1409","3","tajo/tajo-core/src/main/java/org/apache/tajo/engine/function/builtin/MinLong.java","51","YES"
"1410","3","tajo/tajo-core/src/main/java/org/apache/tajo/engine/function/builtin/MinString.java","55","YES"
"1411","3","tajo/tajo-core/src/main/java/org/apache/tajo/engine/function/builtin/RandomInt.java","32","NO"
"1412","3","tajo/tajo-core/src/main/java/org/apache/tajo/engine/function/builtin/Sleep.java","29","NO"
"1413","3","tajo/tajo-core/src/main/java/org/apache/tajo/engine/function/builtin/SumDouble.java","50","YES"
"1414","3","tajo/tajo-core/src/main/java/org/apache/tajo/engine/function/builtin/SumDoubleDistinct.java","64","NO"
"1415","3","tajo/tajo-core/src/main/java/org/apache/tajo/engine/function/builtin/SumFloat.java","49","YES"
"1416","3","tajo/tajo-core/src/main/java/org/apache/tajo/engine/function/builtin/SumFloatDistinct.java","64","NO"
"1417","3","tajo/tajo-core/src/main/java/org/apache/tajo/engine/function/builtin/SumInt.java","50","YES"
"1418","3","tajo/tajo-core/src/main/java/org/apache/tajo/engine/function/builtin/SumIntDistinct.java","64","NO"
"1419","3","tajo/tajo-core/src/main/java/org/apache/tajo/engine/function/builtin/SumLong.java","50","YES"
"1420","3","tajo/tajo-core/src/main/java/org/apache/tajo/engine/function/builtin/SumLongDistinct.java","64","NO"
"1421","3","tajo/tajo-core/src/main/java/org/apache/tajo/engine/function/datetime/AddDays.java","43","NO"
"1422","3","tajo/tajo-core/src/main/java/org/apache/tajo/engine/function/datetime/AddMonths.java","43","NO"
"1423","3","tajo/tajo-core/src/main/java/org/apache/tajo/engine/function/datetime/CurrentDate.java","35","YES"
"1424","3","tajo/tajo-core/src/main/java/org/apache/tajo/engine/function/datetime/CurrentTime.java","34","NO"
"1425","3","tajo/tajo-core/src/main/java/org/apache/tajo/engine/function/datetime/DatePartFromDate.java","151","NO"
"1426","3","tajo/tajo-core/src/main/java/org/apache/tajo/engine/function/datetime/DatePartFromTime.java","114","YES"
"1427","3","tajo/tajo-core/src/main/java/org/apache/tajo/engine/function/datetime/DatePartFromTimestamp.java","215","YES"
"1428","3","tajo/tajo-core/src/main/java/org/apache/tajo/engine/function/datetime/DateTimePartFromUnixTimestamp.java","100","NO"
"1429","3","tajo/tajo-core/src/main/java/org/apache/tajo/engine/function/datetime/NowTimestamp.java","29","NO"
"1430","3","tajo/tajo-core/src/main/java/org/apache/tajo/engine/function/datetime/ToCharTimestamp.java","47","YES"
"1431","3","tajo/tajo-core/src/main/java/org/apache/tajo/engine/function/datetime/ToDate.java","38","NO"
"1432","3","tajo/tajo-core/src/main/java/org/apache/tajo/engine/function/datetime/ToTimestampInt.java","33","NO"
"1433","3","tajo/tajo-core/src/main/java/org/apache/tajo/engine/function/datetime/ToTimestampText.java","37","YES"
"1434","3","tajo/tajo-core/src/main/java/org/apache/tajo/engine/function/FunctionLoader.java","176","NO"
"1435","3","tajo/tajo-core/src/main/java/org/apache/tajo/engine/function/GeneralFunction.java","29","YES"
"1436","3","tajo/tajo-core/src/main/java/org/apache/tajo/engine/function/geoip/GeoIPCountryInet4.java","33","NO"
"1437","3","tajo/tajo-core/src/main/java/org/apache/tajo/engine/function/geoip/GeoIPCountryText.java","33","NO"
"1438","3","tajo/tajo-core/src/main/java/org/apache/tajo/engine/function/geoip/GeoIPInCountryInet4.java","37","NO"
"1439","3","tajo/tajo-core/src/main/java/org/apache/tajo/engine/function/geoip/GeoIPInCountryText.java","36","NO"
"1440","3","tajo/tajo-core/src/main/java/org/apache/tajo/engine/function/math/AbsDouble.java","34","NO"
"1441","3","tajo/tajo-core/src/main/java/org/apache/tajo/engine/function/math/AbsFloat.java","34","NO"
"1442","3","tajo/tajo-core/src/main/java/org/apache/tajo/engine/function/math/AbsInt.java","34","NO"
"1443","3","tajo/tajo-core/src/main/java/org/apache/tajo/engine/function/math/AbsLong.java","33","NO"
"1444","3","tajo/tajo-core/src/main/java/org/apache/tajo/engine/function/math/Acos.java","34","NO"
"1445","3","tajo/tajo-core/src/main/java/org/apache/tajo/engine/function/math/Asin.java","33","NO"
"1446","3","tajo/tajo-core/src/main/java/org/apache/tajo/engine/function/math/Atan.java","33","NO"
"1447","3","tajo/tajo-core/src/main/java/org/apache/tajo/engine/function/math/Atan2.java","35","NO"
"1448","3","tajo/tajo-core/src/main/java/org/apache/tajo/engine/function/math/Cbrt.java","34","NO"
"1449","3","tajo/tajo-core/src/main/java/org/apache/tajo/engine/function/math/Ceil.java","35","NO"
"1450","3","tajo/tajo-core/src/main/java/org/apache/tajo/engine/function/math/Cos.java","33","NO"
"1451","3","tajo/tajo-core/src/main/java/org/apache/tajo/engine/function/math/Degrees.java","34","NO"
"1452","3","tajo/tajo-core/src/main/java/org/apache/tajo/engine/function/math/Div.java","47","NO"
"1453","3","tajo/tajo-core/src/main/java/org/apache/tajo/engine/function/math/Exp.java","34","NO"
"1454","3","tajo/tajo-core/src/main/java/org/apache/tajo/engine/function/math/Floor.java","34","NO"
"1455","3","tajo/tajo-core/src/main/java/org/apache/tajo/engine/function/math/MathFunctions.java","18","NO"
"1456","3","tajo/tajo-core/src/main/java/org/apache/tajo/engine/function/math/Mod.java","47","NO"
"1457","3","tajo/tajo-core/src/main/java/org/apache/tajo/engine/function/math/Pi.java","25","NO"
"1458","3","tajo/tajo-core/src/main/java/org/apache/tajo/engine/function/math/Pow.java","38","NO"
"1459","3","tajo/tajo-core/src/main/java/org/apache/tajo/engine/function/math/Radians.java","35","NO"
"1460","3","tajo/tajo-core/src/main/java/org/apache/tajo/engine/function/math/Round.java","42","NO"
"1461","3","tajo/tajo-core/src/main/java/org/apache/tajo/engine/function/math/RoundFloat8.java","53","NO"
"1462","3","tajo/tajo-core/src/main/java/org/apache/tajo/engine/function/math/Sign.java","37","NO"
"1463","3","tajo/tajo-core/src/main/java/org/apache/tajo/engine/function/math/Sin.java","33","NO"
"1464","3","tajo/tajo-core/src/main/java/org/apache/tajo/engine/function/math/Sqrt.java","35","NO"
"1465","3","tajo/tajo-core/src/main/java/org/apache/tajo/engine/function/math/Tan.java","33","NO"
"1466","3","tajo/tajo-core/src/main/java/org/apache/tajo/engine/function/string/Ascii.java","38","NO"
"1467","3","tajo/tajo-core/src/main/java/org/apache/tajo/engine/function/string/BitLength.java","31","NO"
"1468","3","tajo/tajo-core/src/main/java/org/apache/tajo/engine/function/string/BTrim.java","48","YES"
"1469","3","tajo/tajo-core/src/main/java/org/apache/tajo/engine/function/string/CharLength.java","32","NO"
"1470","3","tajo/tajo-core/src/main/java/org/apache/tajo/engine/function/string/Chr.java","38","NO"
"1471","3","tajo/tajo-core/src/main/java/org/apache/tajo/engine/function/string/Concat.java","39","NO"
"1472","3","tajo/tajo-core/src/main/java/org/apache/tajo/engine/function/string/Concat_ws.java","50","NO"
"1473","3","tajo/tajo-core/src/main/java/org/apache/tajo/engine/function/string/Decode.java","59","NO"
"1474","3","tajo/tajo-core/src/main/java/org/apache/tajo/engine/function/string/Digest.java","57","NO"
"1475","3","tajo/tajo-core/src/main/java/org/apache/tajo/engine/function/string/Encode.java","59","NO"
"1476","3","tajo/tajo-core/src/main/java/org/apache/tajo/engine/function/string/FindInSet.java","73","NO"
"1477","3","tajo/tajo-core/src/main/java/org/apache/tajo/engine/function/string/HexStringConverter.java","36","NO"
"1478","3","tajo/tajo-core/src/main/java/org/apache/tajo/engine/function/string/InitCap.java","33","NO"
"1479","3","tajo/tajo-core/src/main/java/org/apache/tajo/engine/function/string/Left.java","52","NO"
"1480","3","tajo/tajo-core/src/main/java/org/apache/tajo/engine/function/string/Length.java","33","NO"
"1481","3","tajo/tajo-core/src/main/java/org/apache/tajo/engine/function/string/Locate.java","69","NO"
"1482","3","tajo/tajo-core/src/main/java/org/apache/tajo/engine/function/string/Lower.java","31","NO"
"1483","3","tajo/tajo-core/src/main/java/org/apache/tajo/engine/function/string/Lpad.java","57","YES"
"1484","3","tajo/tajo-core/src/main/java/org/apache/tajo/engine/function/string/LTrim.java","48","YES"
"1485","3","tajo/tajo-core/src/main/java/org/apache/tajo/engine/function/string/Md5.java","38","NO"
"1486","3","tajo/tajo-core/src/main/java/org/apache/tajo/engine/function/string/OctetLength.java","33","NO"
"1487","3","tajo/tajo-core/src/main/java/org/apache/tajo/engine/function/string/QuoteIdent.java","36","NO"
"1488","3","tajo/tajo-core/src/main/java/org/apache/tajo/engine/function/string/RegexpReplace.java","74","YES"
"1489","3","tajo/tajo-core/src/main/java/org/apache/tajo/engine/function/string/Repeat.java","42","NO"
"1490","3","tajo/tajo-core/src/main/java/org/apache/tajo/engine/function/string/Reverse.java","31","NO"
"1491","3","tajo/tajo-core/src/main/java/org/apache/tajo/engine/function/string/Right.java","53","NO"
"1492","3","tajo/tajo-core/src/main/java/org/apache/tajo/engine/function/string/Rpad.java","56","YES"
"1493","3","tajo/tajo-core/src/main/java/org/apache/tajo/engine/function/string/RTrim.java","47","YES"
"1494","3","tajo/tajo-core/src/main/java/org/apache/tajo/engine/function/string/SplitPart.java","44","NO"
"1495","3","tajo/tajo-core/src/main/java/org/apache/tajo/engine/function/string/StrPos.java","44","NO"
"1496","3","tajo/tajo-core/src/main/java/org/apache/tajo/engine/function/string/StrPosb.java","80","NO"
"1497","3","tajo/tajo-core/src/main/java/org/apache/tajo/engine/function/string/Substr.java","61","NO"
"1498","3","tajo/tajo-core/src/main/java/org/apache/tajo/engine/function/string/ToBin.java","34","NO"
"1499","3","tajo/tajo-core/src/main/java/org/apache/tajo/engine/function/string/ToHex.java","45","NO"
"1500","3","tajo/tajo-core/src/main/java/org/apache/tajo/engine/function/string/Upper.java","31","NO"
"1501","3","tajo/tajo-core/src/main/java/org/apache/tajo/engine/function/window/Rank.java","61","NO"
"1502","3","tajo/tajo-core/src/main/java/org/apache/tajo/engine/function/window/RowNumber.java","41","NO"
"1503","3","tajo/tajo-core/src/main/java/org/apache/tajo/engine/function/WindowAggFunc.java","33","NO"
"1504","3","tajo/tajo-core/src/main/java/org/apache/tajo/engine/json/CoreGsonHelper.java","61","YES"
"1505","3","tajo/tajo-core/src/main/java/org/apache/tajo/engine/json/EvalNodeAdapter.java","24","YES"
"1506","3","tajo/tajo-core/src/main/java/org/apache/tajo/engine/json/LogicalNodeAdapter.java","24","YES"
"1507","3","tajo/tajo-core/src/main/java/org/apache/tajo/engine/optimizer/eval/EvalTreeOptimizer.java","49","NO"
"1508","3","tajo/tajo-core/src/main/java/org/apache/tajo/engine/optimizer/eval/rules/ConstantFolding.java","60","NO"
"1509","3","tajo/tajo-core/src/main/java/org/apache/tajo/engine/optimizer/eval/rules/ConstantPropagation.java","70","NO"
"1510","3","tajo/tajo-core/src/main/java/org/apache/tajo/engine/parser/SQLAnalyzer.java","1422","NO"
"1511","3","tajo/tajo-core/src/main/java/org/apache/tajo/engine/parser/SQLErrorListener.java","17","NO"
"1512","3","tajo/tajo-core/src/main/java/org/apache/tajo/engine/parser/SQLErrorStrategy.java","41","NO"
"1513","3","tajo/tajo-core/src/main/java/org/apache/tajo/engine/plan/EvalTreeProtoDeserializer.java","162","YES"
"1514","3","tajo/tajo-core/src/main/java/org/apache/tajo/engine/plan/EvalTreeProtoSerializer.java","217","YES"
"1515","3","tajo/tajo-core/src/main/java/org/apache/tajo/engine/planner/AlterTablespaceNode.java","67","NO"
"1516","3","tajo/tajo-core/src/main/java/org/apache/tajo/engine/planner/BaseAlgebraVisitor.java","620","NO"
"1517","3","tajo/tajo-core/src/main/java/org/apache/tajo/engine/planner/BasicLogicalPlanVisitor.java","291","NO"
"1518","3","tajo/tajo-core/src/main/java/org/apache/tajo/engine/planner/BroadcastJoinMarkCandidateVisitor.java","40","NO"
"1519","3","tajo/tajo-core/src/main/java/org/apache/tajo/engine/planner/BroadcastJoinPlanVisitor.java","32","NO"
"1520","3","tajo/tajo-core/src/main/java/org/apache/tajo/engine/planner/enforce/Enforcer.java","278","NO"
"1521","3","tajo/tajo-core/src/main/java/org/apache/tajo/engine/planner/ExplainLogicalPlanVisitor.java","188","NO"
"1522","3","tajo/tajo-core/src/main/java/org/apache/tajo/engine/planner/ExprAnnotator.java","704","YES"
"1523","3","tajo/tajo-core/src/main/java/org/apache/tajo/engine/planner/ExprFinder.java","47","NO"
"1524","3","tajo/tajo-core/src/main/java/org/apache/tajo/engine/planner/ExprNormalizer.java","251","NO"
"1525","3","tajo/tajo-core/src/main/java/org/apache/tajo/engine/planner/ExprsVerifier.java","182","YES"
"1526","3","tajo/tajo-core/src/main/java/org/apache/tajo/engine/planner/global/builder/DistinctGroupbyBuilder.java","569","NO"
"1527","3","tajo/tajo-core/src/main/java/org/apache/tajo/engine/planner/global/DataChannel.java","150","NO"
"1528","3","tajo/tajo-core/src/main/java/org/apache/tajo/engine/planner/global/ExecutionBlock.java","96","NO"
"1529","3","tajo/tajo-core/src/main/java/org/apache/tajo/engine/planner/global/ExecutionBlockCursor.java","147","NO"
"1530","3","tajo/tajo-core/src/main/java/org/apache/tajo/engine/planner/global/GlobalPlanner.java","1139","YES"
"1531","3","tajo/tajo-core/src/main/java/org/apache/tajo/engine/planner/global/MasterPlan.java","214","NO"
"1532","3","tajo/tajo-core/src/main/java/org/apache/tajo/engine/planner/graph/DirectedGraphCursor.java","37","NO"
"1533","3","tajo/tajo-core/src/main/java/org/apache/tajo/engine/planner/graph/SimpleDirectedGraph.java","209","NO"
"1534","3","tajo/tajo-core/src/main/java/org/apache/tajo/engine/planner/graph/SimpleUndirectedGraph.java","65","NO"
"1535","3","tajo/tajo-core/src/main/java/org/apache/tajo/engine/planner/GroupElement.java","37","NO"
"1536","3","tajo/tajo-core/src/main/java/org/apache/tajo/engine/planner/logical/AlterTableNode.java","83","NO"
"1537","3","tajo/tajo-core/src/main/java/org/apache/tajo/engine/planner/logical/BinaryNode.java","47","NO"
"1538","3","tajo/tajo-core/src/main/java/org/apache/tajo/engine/planner/logical/CreateDatabaseNode.java","56","NO"
"1539","3","tajo/tajo-core/src/main/java/org/apache/tajo/engine/planner/logical/CreateTableNode.java","106","NO"
"1540","3","tajo/tajo-core/src/main/java/org/apache/tajo/engine/planner/logical/DistinctGroupbyNode.java","192","NO"
"1541","3","tajo/tajo-core/src/main/java/org/apache/tajo/engine/planner/logical/DropDatabaseNode.java","54","NO"
"1542","3","tajo/tajo-core/src/main/java/org/apache/tajo/engine/planner/logical/DropTableNode.java","63","NO"
"1543","3","tajo/tajo-core/src/main/java/org/apache/tajo/engine/planner/logical/EvalExprNode.java","50","NO"
"1544","3","tajo/tajo-core/src/main/java/org/apache/tajo/engine/planner/logical/ExceptNode.java","19","NO"
"1545","3","tajo/tajo-core/src/main/java/org/apache/tajo/engine/planner/logical/GroupbyNode.java","187","NO"
"1546","3","tajo/tajo-core/src/main/java/org/apache/tajo/engine/planner/logical/HavingNode.java","43","NO"
"1547","3","tajo/tajo-core/src/main/java/org/apache/tajo/engine/planner/logical/IndexScanNode.java","90","NO"
"1548","3","tajo/tajo-core/src/main/java/org/apache/tajo/engine/planner/logical/InsertNode.java","135","NO"
"1549","3","tajo/tajo-core/src/main/java/org/apache/tajo/engine/planner/logical/IntersectNode.java","19","NO"
"1550","3","tajo/tajo-core/src/main/java/org/apache/tajo/engine/planner/logical/join/Edge.java","25","NO"
"1551","3","tajo/tajo-core/src/main/java/org/apache/tajo/engine/planner/logical/join/FoundJoinOrder.java","18","NO"
"1552","3","tajo/tajo-core/src/main/java/org/apache/tajo/engine/planner/logical/join/GreedyHeuristicJoinOrderAlgorithm.java","198","YES"
"1553","3","tajo/tajo-core/src/main/java/org/apache/tajo/engine/planner/logical/join/JoinEdge.java","45","NO"
"1554","3","tajo/tajo-core/src/main/java/org/apache/tajo/engine/planner/logical/join/JoinGraph.java","110","YES"
"1555","3","tajo/tajo-core/src/main/java/org/apache/tajo/engine/planner/logical/JoinNode.java","117","NO"
"1556","3","tajo/tajo-core/src/main/java/org/apache/tajo/engine/planner/logical/LimitNode.java","38","NO"
"1557","3","tajo/tajo-core/src/main/java/org/apache/tajo/engine/planner/logical/LogicalNode.java","84","NO"
"1558","3","tajo/tajo-core/src/main/java/org/apache/tajo/engine/planner/logical/LogicalRootNode.java","18","NO"
"1559","3","tajo/tajo-core/src/main/java/org/apache/tajo/engine/planner/logical/PartitionedTableScanNode.java","114","NO"
"1560","3","tajo/tajo-core/src/main/java/org/apache/tajo/engine/planner/logical/PersistentStoreNode.java","53","NO"
"1561","3","tajo/tajo-core/src/main/java/org/apache/tajo/engine/planner/logical/ProjectionNode.java","76","NO"
"1562","3","tajo/tajo-core/src/main/java/org/apache/tajo/engine/planner/logical/RelationNode.java","13","NO"
"1563","3","tajo/tajo-core/src/main/java/org/apache/tajo/engine/planner/logical/ScanNode.java","186","NO"
"1564","3","tajo/tajo-core/src/main/java/org/apache/tajo/engine/planner/logical/SelectionNode.java","45","NO"
"1565","3","tajo/tajo-core/src/main/java/org/apache/tajo/engine/planner/logical/ShuffleFileWriteNode.java","67","NO"
"1566","3","tajo/tajo-core/src/main/java/org/apache/tajo/engine/planner/logical/SortNode.java","65","NO"
"1567","3","tajo/tajo-core/src/main/java/org/apache/tajo/engine/planner/logical/StoreTableNode.java","67","NO"
"1568","3","tajo/tajo-core/src/main/java/org/apache/tajo/engine/planner/logical/TableSubQueryNode.java","131","NO"
"1569","3","tajo/tajo-core/src/main/java/org/apache/tajo/engine/planner/logical/TruncateTableNode.java","34","NO"
"1570","3","tajo/tajo-core/src/main/java/org/apache/tajo/engine/planner/logical/UnaryNode.java","37","NO"
"1571","3","tajo/tajo-core/src/main/java/org/apache/tajo/engine/planner/logical/UnionNode.java","12","NO"
"1572","3","tajo/tajo-core/src/main/java/org/apache/tajo/engine/planner/logical/WindowAggNode.java","176","NO"
"1573","3","tajo/tajo-core/src/main/java/org/apache/tajo/engine/planner/logical/WindowSpec.java","151","NO"
"1574","3","tajo/tajo-core/src/main/java/org/apache/tajo/engine/planner/LogicalOptimizer.java","236","NO"
"1575","3","tajo/tajo-core/src/main/java/org/apache/tajo/engine/planner/LogicalPlan.java","481","NO"
"1576","3","tajo/tajo-core/src/main/java/org/apache/tajo/engine/planner/LogicalPlanner.java","1436","YES"
"1577","3","tajo/tajo-core/src/main/java/org/apache/tajo/engine/planner/LogicalPlanPreprocessor.java","366","YES"
"1578","3","tajo/tajo-core/src/main/java/org/apache/tajo/engine/planner/LogicalPlanVerifier.java","194","NO"
"1579","3","tajo/tajo-core/src/main/java/org/apache/tajo/engine/planner/NamedExprsManager.java","210","NO"
"1580","3","tajo/tajo-core/src/main/java/org/apache/tajo/engine/planner/nameresolver/NameResolver.java","171","NO"
"1581","3","tajo/tajo-core/src/main/java/org/apache/tajo/engine/planner/nameresolver/ResolverByLegacy.java","83","NO"
"1582","3","tajo/tajo-core/src/main/java/org/apache/tajo/engine/planner/nameresolver/ResolverByRels.java","17","NO"
"1583","3","tajo/tajo-core/src/main/java/org/apache/tajo/engine/planner/nameresolver/ResolverByRelsAndSubExprs.java","20","NO"
"1584","3","tajo/tajo-core/src/main/java/org/apache/tajo/engine/planner/nameresolver/ResolverBySubExprsAndRels.java","20","NO"
"1585","3","tajo/tajo-core/src/main/java/org/apache/tajo/engine/planner/physical/AggregationExec.java","45","NO"
"1586","3","tajo/tajo-core/src/main/java/org/apache/tajo/engine/planner/physical/BasicPhysicalExecutorVisitor.java","212","NO"
"1587","3","tajo/tajo-core/src/main/java/org/apache/tajo/engine/planner/physical/BinaryPhysicalExec.java","75","NO"
"1588","3","tajo/tajo-core/src/main/java/org/apache/tajo/engine/planner/physical/BNLJoinExec.java","180","NO"
"1589","3","tajo/tajo-core/src/main/java/org/apache/tajo/engine/planner/physical/BSTIndexScanExec.java","110","NO"
"1590","3","tajo/tajo-core/src/main/java/org/apache/tajo/engine/planner/physical/ColPartitionStoreExec.java","116","NO"
"1591","3","tajo/tajo-core/src/main/java/org/apache/tajo/engine/planner/physical/DistinctGroupbyFirstAggregationExec.java","344","NO"
"1592","3","tajo/tajo-core/src/main/java/org/apache/tajo/engine/planner/physical/DistinctGroupbyHashAggregationExec.java","323","NO"
"1593","3","tajo/tajo-core/src/main/java/org/apache/tajo/engine/planner/physical/DistinctGroupbySecondAggregationExec.java","203","NO"
"1594","3","tajo/tajo-core/src/main/java/org/apache/tajo/engine/planner/physical/DistinctGroupbySortAggregationExec.java","137","YES"
"1595","3","tajo/tajo-core/src/main/java/org/apache/tajo/engine/planner/physical/DistinctGroupbyThirdAggregationExec.java","228","NO"
"1596","3","tajo/tajo-core/src/main/java/org/apache/tajo/engine/planner/physical/EvalExprExec.java","46","NO"
"1597","3","tajo/tajo-core/src/main/java/org/apache/tajo/engine/planner/physical/ExternalSortExec.java","584","NO"
"1598","3","tajo/tajo-core/src/main/java/org/apache/tajo/engine/planner/physical/HashAggregateExec.java","87","NO"
"1599","3","tajo/tajo-core/src/main/java/org/apache/tajo/engine/planner/physical/HashBasedColPartitionStoreExec.java","66","NO"
"1600","3","tajo/tajo-core/src/main/java/org/apache/tajo/engine/planner/physical/HashFullOuterJoinExec.java","180","NO"
"1601","3","tajo/tajo-core/src/main/java/org/apache/tajo/engine/planner/physical/HashJoinExec.java","166","NO"
"1602","3","tajo/tajo-core/src/main/java/org/apache/tajo/engine/planner/physical/HashLeftAntiJoinExec.java","56","NO"
"1603","3","tajo/tajo-core/src/main/java/org/apache/tajo/engine/planner/physical/HashLeftOuterJoinExec.java","175","NO"
"1604","3","tajo/tajo-core/src/main/java/org/apache/tajo/engine/planner/physical/HashLeftSemiJoinExec.java","56","NO"
"1605","3","tajo/tajo-core/src/main/java/org/apache/tajo/engine/planner/physical/HashPartitioner.java","19","NO"
"1606","3","tajo/tajo-core/src/main/java/org/apache/tajo/engine/planner/physical/HashShuffleFileWriteExec.java","130","NO"
"1607","3","tajo/tajo-core/src/main/java/org/apache/tajo/engine/planner/physical/HavingExec.java","25","NO"
"1608","3","tajo/tajo-core/src/main/java/org/apache/tajo/engine/planner/physical/JoinTupleComparator.java","62","NO"
"1609","3","tajo/tajo-core/src/main/java/org/apache/tajo/engine/planner/physical/LimitExec.java","29","NO"
"1610","3","tajo/tajo-core/src/main/java/org/apache/tajo/engine/planner/physical/MemSortExec.java","59","NO"
"1611","3","tajo/tajo-core/src/main/java/org/apache/tajo/engine/planner/physical/MergeFullOuterJoinExec.java","217","NO"
"1612","3","tajo/tajo-core/src/main/java/org/apache/tajo/engine/planner/physical/MergeJoinExec.java","145","NO"
"1613","3","tajo/tajo-core/src/main/java/org/apache/tajo/engine/planner/physical/NLJoinExec.java","66","NO"
"1614","3","tajo/tajo-core/src/main/java/org/apache/tajo/engine/planner/physical/NLLeftOuterJoinExec.java","79","NO"
"1615","3","tajo/tajo-core/src/main/java/org/apache/tajo/engine/planner/physical/Partitioner.java","18","NO"
"1616","3","tajo/tajo-core/src/main/java/org/apache/tajo/engine/planner/physical/PartitionMergeScanExec.java","112","NO"
"1617","3","tajo/tajo-core/src/main/java/org/apache/tajo/engine/planner/physical/PhysicalExec.java","54","YES"
"1618","3","tajo/tajo-core/src/main/java/org/apache/tajo/engine/planner/physical/PhysicalPlanUtil.java","58","YES"
"1619","3","tajo/tajo-core/src/main/java/org/apache/tajo/engine/planner/physical/ProjectionExec.java","36","NO"
"1620","3","tajo/tajo-core/src/main/java/org/apache/tajo/engine/planner/physical/RangeShuffleFileWriteExec.java","89","NO"
"1621","3","tajo/tajo-core/src/main/java/org/apache/tajo/engine/planner/physical/RightOuterMergeJoinExec.java","226","NO"
"1622","3","tajo/tajo-core/src/main/java/org/apache/tajo/engine/planner/physical/SelectionExec.java","30","NO"
"1623","3","tajo/tajo-core/src/main/java/org/apache/tajo/engine/planner/physical/SeqScanExec.java","266","YES"
"1624","3","tajo/tajo-core/src/main/java/org/apache/tajo/engine/planner/physical/SortAggregateExec.java","82","NO"
"1625","3","tajo/tajo-core/src/main/java/org/apache/tajo/engine/planner/physical/SortBasedColPartitionStoreExec.java","76","NO"
"1626","3","tajo/tajo-core/src/main/java/org/apache/tajo/engine/planner/physical/SortExec.java","26","NO"
"1627","3","tajo/tajo-core/src/main/java/org/apache/tajo/engine/planner/physical/StoreTableExec.java","101","NO"
"1628","3","tajo/tajo-core/src/main/java/org/apache/tajo/engine/planner/physical/TunnelExec.java","19","NO"
"1629","3","tajo/tajo-core/src/main/java/org/apache/tajo/engine/planner/physical/UnaryPhysicalExec.java","71","NO"
"1630","3","tajo/tajo-core/src/main/java/org/apache/tajo/engine/planner/physical/UnionExec.java","33","NO"
"1631","3","tajo/tajo-core/src/main/java/org/apache/tajo/engine/planner/physical/WindowAggExec.java","256","NO"
"1632","3","tajo/tajo-core/src/main/java/org/apache/tajo/engine/planner/PhysicalPlannerImpl.java","1002","NO"
"1633","3","tajo/tajo-core/src/main/java/org/apache/tajo/engine/planner/PlannerUtil.java","655","YES"
"1634","3","tajo/tajo-core/src/main/java/org/apache/tajo/engine/planner/PlanString.java","79","NO"
"1635","3","tajo/tajo-core/src/main/java/org/apache/tajo/engine/planner/PreLogicalPlanVerifier.java","219","YES"
"1636","3","tajo/tajo-core/src/main/java/org/apache/tajo/engine/planner/Projector.java","40","NO"
"1637","3","tajo/tajo-core/src/main/java/org/apache/tajo/engine/planner/RangePartitionAlgorithm.java","158","NO"
"1638","3","tajo/tajo-core/src/main/java/org/apache/tajo/engine/planner/rewrite/BasicQueryRewriteEngine.java","30","NO"
"1639","3","tajo/tajo-core/src/main/java/org/apache/tajo/engine/planner/rewrite/FilterPushDownRule.java","697","YES"
"1640","3","tajo/tajo-core/src/main/java/org/apache/tajo/engine/planner/rewrite/PartitionedTableRewriter.java","233","NO"
"1641","3","tajo/tajo-core/src/main/java/org/apache/tajo/engine/planner/rewrite/ProjectionPushDownRule.java","829","NO"
"1642","3","tajo/tajo-core/src/main/java/org/apache/tajo/engine/planner/SimpleAlgebraVisitor.java","134","NO"
"1643","3","tajo/tajo-core/src/main/java/org/apache/tajo/engine/planner/Target.java","85","NO"
"1644","3","tajo/tajo-core/src/main/java/org/apache/tajo/engine/planner/TypeDeterminant.java","235","NO"
"1645","3","tajo/tajo-core/src/main/java/org/apache/tajo/engine/planner/UniformRangePartition.java","599","NO"
"1646","3","tajo/tajo-core/src/main/java/org/apache/tajo/engine/planner/VerificationState.java","20","NO"
"1647","3","tajo/tajo-core/src/main/java/org/apache/tajo/engine/query/QueryContext.java","122","YES"
"1648","3","tajo/tajo-core/src/main/java/org/apache/tajo/engine/query/QueryUnitRequestImpl.java","278","YES"
"1649","3","tajo/tajo-core/src/main/java/org/apache/tajo/engine/utils/SchemaUtil.java","50","NO"
"1650","3","tajo/tajo-core/src/main/java/org/apache/tajo/engine/utils/test/ErrorInjectionRewriter.java","18","NO"
"1651","3","tajo/tajo-core/src/main/java/org/apache/tajo/engine/utils/ThreadUtil.java","76","NO"
"1652","3","tajo/tajo-core/src/main/java/org/apache/tajo/engine/utils/TupleCache.java","90","NO"
"1653","3","tajo/tajo-core/src/main/java/org/apache/tajo/engine/utils/TupleCacheKey.java","29","NO"
"1654","3","tajo/tajo-core/src/main/java/org/apache/tajo/engine/utils/TupleCacheScanner.java","81","NO"
"1655","3","tajo/tajo-core/src/main/java/org/apache/tajo/engine/utils/TupleUtil.java","192","YES"
"1656","3","tajo/tajo-core/src/main/java/org/apache/tajo/master/AbstractTaskScheduler.java","24","NO"
"1657","3","tajo/tajo-core/src/main/java/org/apache/tajo/master/cluster/ServerName.java","85","NO"
"1658","3","tajo/tajo-core/src/main/java/org/apache/tajo/master/cluster/WorkerConnectionInfo.java","119","NO"
"1659","3","tajo/tajo-core/src/main/java/org/apache/tajo/master/ContainerProxy.java","49","YES"
"1660","3","tajo/tajo-core/src/main/java/org/apache/tajo/master/DefaultFragmentScheduleAlgorithm.java","179","NO"
"1661","3","tajo/tajo-core/src/main/java/org/apache/tajo/master/DefaultTaskScheduler.java","685","YES"
"1662","3","tajo/tajo-core/src/main/java/org/apache/tajo/master/event/ContainerAllocationEvent.java","48","NO"
"1663","3","tajo/tajo-core/src/main/java/org/apache/tajo/master/event/ContainerEvent.java","15","NO"
"1664","3","tajo/tajo-core/src/main/java/org/apache/tajo/master/event/FragmentScheduleEvent.java","34","NO"
"1665","3","tajo/tajo-core/src/main/java/org/apache/tajo/master/event/GrouppedContainerAllocatorEvent.java","22","NO"
"1666","3","tajo/tajo-core/src/main/java/org/apache/tajo/master/event/LocalTaskEvent.java","19","YES"
"1667","3","tajo/tajo-core/src/main/java/org/apache/tajo/master/event/QueryCompletedEvent.java","19","NO"
"1668","3","tajo/tajo-core/src/main/java/org/apache/tajo/master/event/QueryDiagnosticsUpdateEvent.java","12","NO"
"1669","3","tajo/tajo-core/src/main/java/org/apache/tajo/master/event/QueryEvent.java","13","NO"
"1670","3","tajo/tajo-core/src/main/java/org/apache/tajo/master/event/QueryMasterQueryCompletedEvent.java","16","NO"
"1671","3","tajo/tajo-core/src/main/java/org/apache/tajo/master/event/QueryStartEvent.java","43","NO"
"1672","3","tajo/tajo-core/src/main/java/org/apache/tajo/master/event/QuerySubQueryEvent.java","13","NO"
"1673","3","tajo/tajo-core/src/main/java/org/apache/tajo/master/event/QueryUnitAttemptScheduleEvent.java","54","YES"
"1674","3","tajo/tajo-core/src/main/java/org/apache/tajo/master/event/SubQueryCompletedEvent.java","19","NO"
"1675","3","tajo/tajo-core/src/main/java/org/apache/tajo/master/event/SubQueryContainerAllocationEvent.java","15","YES"
"1676","3","tajo/tajo-core/src/main/java/org/apache/tajo/master/event/SubQueryDiagnosticsUpdateEvent.java","12","NO"
"1677","3","tajo/tajo-core/src/main/java/org/apache/tajo/master/event/SubQueryEvent.java","13","NO"
"1678","3","tajo/tajo-core/src/main/java/org/apache/tajo/master/event/SubQueryTaskEvent.java","18","NO"
"1679","3","tajo/tajo-core/src/main/java/org/apache/tajo/master/event/TaskAttemptAssignedEvent.java","20","YES"
"1680","3","tajo/tajo-core/src/main/java/org/apache/tajo/master/event/TaskAttemptEvent.java","14","NO"
"1681","3","tajo/tajo-core/src/main/java/org/apache/tajo/master/event/TaskAttemptScheduleEvent.java","15","NO"
"1682","3","tajo/tajo-core/src/main/java/org/apache/tajo/master/event/TaskAttemptStatusUpdateEvent.java","14","NO"
"1683","3","tajo/tajo-core/src/main/java/org/apache/tajo/master/event/TaskCompletionEvent.java","13","NO"
"1684","3","tajo/tajo-core/src/main/java/org/apache/tajo/master/event/TaskEvent.java","13","NO"
"1685","3","tajo/tajo-core/src/main/java/org/apache/tajo/master/event/TaskFatalErrorEvent.java","18","NO"
"1686","3","tajo/tajo-core/src/main/java/org/apache/tajo/master/event/TaskRequestEvent.java","38","YES"
"1687","3","tajo/tajo-core/src/main/java/org/apache/tajo/master/event/TaskSchedulerEvent.java","18","NO"
"1688","3","tajo/tajo-core/src/main/java/org/apache/tajo/master/event/TaskTAttemptEvent.java","13","NO"
"1689","3","tajo/tajo-core/src/main/java/org/apache/tajo/master/FetchScheduleEvent.java","17","NO"
"1690","3","tajo/tajo-core/src/main/java/org/apache/tajo/master/FragmentPair.java","40","NO"
"1691","3","tajo/tajo-core/src/main/java/org/apache/tajo/master/FragmentScheduleAlgorithmFactory.java","42","NO"
"1692","3","tajo/tajo-core/src/main/java/org/apache/tajo/master/GlobalEngine.java","783","YES"
"1693","3","tajo/tajo-core/src/main/java/org/apache/tajo/master/GreedyFragmentScheduleAlgorithm.java","317","NO"
"1694","3","tajo/tajo-core/src/main/java/org/apache/tajo/master/ha/HAServiceHDFSImpl.java","202","NO"
"1695","3","tajo/tajo-core/src/main/java/org/apache/tajo/master/ha/TajoMasterInfo.java","53","NO"
"1696","3","tajo/tajo-core/src/main/java/org/apache/tajo/master/LaunchTaskRunnersEvent.java","21","YES"
"1697","3","tajo/tajo-core/src/main/java/org/apache/tajo/master/LazyTaskScheduler.java","423","YES"
"1698","3","tajo/tajo-core/src/main/java/org/apache/tajo/master/metrics/CatalogMetricsGaugeSet.java","31","NO"
"1699","3","tajo/tajo-core/src/main/java/org/apache/tajo/master/metrics/WorkerResourceMetricsGaugeSet.java","47","NO"
"1700","3","tajo/tajo-core/src/main/java/org/apache/tajo/master/NonForwardQueryResultScanner.java","125","NO"
"1701","3","tajo/tajo-core/src/main/java/org/apache/tajo/master/querymaster/Query.java","765","YES"
"1702","3","tajo/tajo-core/src/main/java/org/apache/tajo/master/querymaster/QueryInfo.java","87","YES"
"1703","3","tajo/tajo-core/src/main/java/org/apache/tajo/master/querymaster/QueryInProgress.java","223","YES"
"1704","3","tajo/tajo-core/src/main/java/org/apache/tajo/master/querymaster/QueryJobEvent.java","20","YES"
"1705","3","tajo/tajo-core/src/main/java/org/apache/tajo/master/querymaster/QueryJobManager.java","194","YES"
"1706","3","tajo/tajo-core/src/main/java/org/apache/tajo/master/querymaster/QueryMaster.java","485","YES"
"1707","3","tajo/tajo-core/src/main/java/org/apache/tajo/master/querymaster/QueryMasterManagerService.java","212","YES"
"1708","3","tajo/tajo-core/src/main/java/org/apache/tajo/master/querymaster/QueryMasterRunner.java","111","NO"
"1709","3","tajo/tajo-core/src/main/java/org/apache/tajo/master/querymaster/QueryMasterTask.java","462","YES"
"1710","3","tajo/tajo-core/src/main/java/org/apache/tajo/master/querymaster/QueryUnit.java","651","YES"
"1711","3","tajo/tajo-core/src/main/java/org/apache/tajo/master/querymaster/QueryUnitAttempt.java","347","YES"
"1712","3","tajo/tajo-core/src/main/java/org/apache/tajo/master/querymaster/Repartitioner.java","945","YES"
"1713","3","tajo/tajo-core/src/main/java/org/apache/tajo/master/querymaster/SubQuery.java","1014","YES"
"1714","3","tajo/tajo-core/src/main/java/org/apache/tajo/master/rm/TajoResourceTracker.java","155","NO"
"1715","3","tajo/tajo-core/src/main/java/org/apache/tajo/master/rm/TajoRMContext.java","40","YES"
"1716","3","tajo/tajo-core/src/main/java/org/apache/tajo/master/rm/TajoWorkerContainer.java","61","YES"
"1717","3","tajo/tajo-core/src/main/java/org/apache/tajo/master/rm/TajoWorkerContainerId.java","61","YES"
"1718","3","tajo/tajo-core/src/main/java/org/apache/tajo/master/rm/TajoWorkerResourceManager.java","411","YES"
"1719","3","tajo/tajo-core/src/main/java/org/apache/tajo/master/rm/Worker.java","169","NO"
"1720","3","tajo/tajo-core/src/main/java/org/apache/tajo/master/rm/WorkerEvent.java","12","NO"
"1721","3","tajo/tajo-core/src/main/java/org/apache/tajo/master/rm/WorkerLivelinessMonitor.java","27","NO"
"1722","3","tajo/tajo-core/src/main/java/org/apache/tajo/master/rm/WorkerReconnectEvent.java","11","NO"
"1723","3","tajo/tajo-core/src/main/java/org/apache/tajo/master/rm/WorkerResource.java","163","NO"
"1724","3","tajo/tajo-core/src/main/java/org/apache/tajo/master/rm/WorkerStatusEvent.java","26","NO"
"1725","3","tajo/tajo-core/src/main/java/org/apache/tajo/master/ScheduledFetches.java","23","NO"
"1726","3","tajo/tajo-core/src/main/java/org/apache/tajo/master/session/Session.java","148","NO"
"1727","3","tajo/tajo-core/src/main/java/org/apache/tajo/master/session/SessionEvent.java","12","NO"
"1728","3","tajo/tajo-core/src/main/java/org/apache/tajo/master/session/SessionLivelinessMonitor.java","27","NO"
"1729","3","tajo/tajo-core/src/main/java/org/apache/tajo/master/session/SessionManager.java","105","NO"
"1730","3","tajo/tajo-core/src/main/java/org/apache/tajo/master/TajoAsyncDispatcher.java","176","NO"
"1731","3","tajo/tajo-core/src/main/java/org/apache/tajo/master/TajoContainerProxy.java","159","YES"
"1732","3","tajo/tajo-core/src/main/java/org/apache/tajo/master/TajoMaster.java","415","YES"
"1733","3","tajo/tajo-core/src/main/java/org/apache/tajo/master/TajoMasterClientService.java","692","YES"
"1734","3","tajo/tajo-core/src/main/java/org/apache/tajo/master/TajoMasterService.java","127","YES"
"1735","3","tajo/tajo-core/src/main/java/org/apache/tajo/master/TaskRunnerGroupEvent.java","27","YES"
"1736","3","tajo/tajo-core/src/main/java/org/apache/tajo/master/TaskSchedulerContext.java","37","NO"
"1737","3","tajo/tajo-core/src/main/java/org/apache/tajo/master/TaskSchedulerFactory.java","44","NO"
"1738","3","tajo/tajo-core/src/main/java/org/apache/tajo/net/CachedDNSResolver.java","36","NO"
"1739","3","tajo/tajo-core/src/main/java/org/apache/tajo/scheduler/QuerySchedulingInfo.java","29","NO"
"1740","3","tajo/tajo-core/src/main/java/org/apache/tajo/scheduler/SchedulingAlgorithms.java","17","NO"
"1741","3","tajo/tajo-core/src/main/java/org/apache/tajo/scheduler/SimpleFifoScheduler.java","109","YES"
"1742","3","tajo/tajo-core/src/main/java/org/apache/tajo/util/ApplicationIdUtils.java","21","NO"
"1743","3","tajo/tajo-core/src/main/java/org/apache/tajo/util/GeoIPUtil.java","23","NO"
"1744","3","tajo/tajo-core/src/main/java/org/apache/tajo/util/IndexUtil.java","112","NO"
"1745","3","tajo/tajo-core/src/main/java/org/apache/tajo/util/JSPUtil.java","201","NO"
"1746","3","tajo/tajo-core/src/main/java/org/apache/tajo/util/JvmPauseMonitor.java","156","NO"
"1747","3","tajo/tajo-core/src/main/java/org/apache/tajo/util/metrics/GroupNameMetricsFilter.java","22","NO"
"1748","3","tajo/tajo-core/src/main/java/org/apache/tajo/util/metrics/LogEventGaugeSet.java","37","NO"
"1749","3","tajo/tajo-core/src/main/java/org/apache/tajo/util/metrics/MetricsFilterList.java","20","NO"
"1750","3","tajo/tajo-core/src/main/java/org/apache/tajo/util/metrics/RegexpMetricsFilter.java","27","NO"
"1751","3","tajo/tajo-core/src/main/java/org/apache/tajo/util/metrics/reporter/GangliaReporter.java","206","NO"
"1752","3","tajo/tajo-core/src/main/java/org/apache/tajo/util/metrics/reporter/MetricsConsoleReporter.java","49","NO"
"1753","3","tajo/tajo-core/src/main/java/org/apache/tajo/util/metrics/reporter/MetricsConsoleScheduledReporter.java","12","NO"
"1754","3","tajo/tajo-core/src/main/java/org/apache/tajo/util/metrics/reporter/MetricsFileScheduledReporter.java","35","NO"
"1755","3","tajo/tajo-core/src/main/java/org/apache/tajo/util/metrics/reporter/MetricsStreamScheduledReporter.java","132","NO"
"1756","3","tajo/tajo-core/src/main/java/org/apache/tajo/util/metrics/reporter/NullReporter.java","10","NO"
"1757","3","tajo/tajo-core/src/main/java/org/apache/tajo/util/metrics/reporter/TajoMetricsReporter.java","184","NO"
"1758","3","tajo/tajo-core/src/main/java/org/apache/tajo/util/metrics/reporter/TajoMetricsScheduledReporter.java","146","NO"
"1759","3","tajo/tajo-core/src/main/java/org/apache/tajo/util/metrics/TajoLogEventCounter.java","53","NO"
"1760","3","tajo/tajo-core/src/main/java/org/apache/tajo/util/metrics/TajoMetrics.java","93","NO"
"1761","3","tajo/tajo-core/src/main/java/org/apache/tajo/util/metrics/TajoSystemMetrics.java","161","NO"
"1762","3","tajo/tajo-core/src/main/java/org/apache/tajo/webapp/HttpServer.java","302","NO"
"1763","3","tajo/tajo-core/src/main/java/org/apache/tajo/webapp/QueryExecutorServlet.java","388","YES"
"1764","3","tajo/tajo-core/src/main/java/org/apache/tajo/webapp/StaticHttpServer.java","45","NO"
"1765","3","tajo/tajo-core/src/main/java/org/apache/tajo/worker/AbstractResourceAllocator.java","36","YES"
"1766","3","tajo/tajo-core/src/main/java/org/apache/tajo/worker/dataserver/HttpDataServer.java","55","NO"
"1767","3","tajo/tajo-core/src/main/java/org/apache/tajo/worker/dataserver/HttpDataServerHandler.java","146","NO"
"1768","3","tajo/tajo-core/src/main/java/org/apache/tajo/worker/dataserver/HttpDataServerPipelineFactory.java","22","NO"
"1769","3","tajo/tajo-core/src/main/java/org/apache/tajo/worker/dataserver/HttpUtil.java","35","NO"
"1770","3","tajo/tajo-core/src/main/java/org/apache/tajo/worker/dataserver/retriever/AdvancedDataRetriever.java","93","NO"
"1771","3","tajo/tajo-core/src/main/java/org/apache/tajo/worker/dataserver/retriever/DirectoryRetriever.java","31","NO"
"1772","3","tajo/tajo-core/src/main/java/org/apache/tajo/worker/dataserver/retriever/FileChunk.java","26","NO"
"1773","3","tajo/tajo-core/src/main/java/org/apache/tajo/worker/DeletionService.java","76","NO"
"1774","3","tajo/tajo-core/src/main/java/org/apache/tajo/worker/event/TaskRunnerEvent.java","18","NO"
"1775","3","tajo/tajo-core/src/main/java/org/apache/tajo/worker/event/TaskRunnerStartEvent.java","33","NO"
"1776","3","tajo/tajo-core/src/main/java/org/apache/tajo/worker/event/TaskRunnerStopEvent.java","7","NO"
"1777","3","tajo/tajo-core/src/main/java/org/apache/tajo/worker/ExecutionBlockContext.java","346","YES"
"1778","3","tajo/tajo-core/src/main/java/org/apache/tajo/worker/ExecutionBlockSharedResource.java","87","NO"
"1779","3","tajo/tajo-core/src/main/java/org/apache/tajo/worker/Fetcher.java","251","YES"
"1780","3","tajo/tajo-core/src/main/java/org/apache/tajo/worker/FetchImpl.java","204","NO"
"1781","3","tajo/tajo-core/src/main/java/org/apache/tajo/worker/InterDataRetriever.java","76","NO"
"1782","3","tajo/tajo-core/src/main/java/org/apache/tajo/worker/PartitionRetrieverHandler.java","18","NO"
"1783","3","tajo/tajo-core/src/main/java/org/apache/tajo/worker/RangeRetrieverHandler.java","113","NO"
"1784","3","tajo/tajo-core/src/main/java/org/apache/tajo/worker/TajoQueryEngine.java","24","NO"
"1785","3","tajo/tajo-core/src/main/java/org/apache/tajo/worker/TajoResourceAllocator.java","316","YES"
"1786","3","tajo/tajo-core/src/main/java/org/apache/tajo/worker/TajoWorker.java","538","YES"
"1787","3","tajo/tajo-core/src/main/java/org/apache/tajo/worker/TajoWorkerClientService.java","181","YES"
"1788","3","tajo/tajo-core/src/main/java/org/apache/tajo/worker/TajoWorkerManagerService.java","136","NO"
"1789","3","tajo/tajo-core/src/main/java/org/apache/tajo/worker/Task.java","720","YES"
"1790","3","tajo/tajo-core/src/main/java/org/apache/tajo/worker/TaskAttemptContext.java","307","YES"
"1791","3","tajo/tajo-core/src/main/java/org/apache/tajo/worker/TaskHistory.java","153","NO"
"1792","3","tajo/tajo-core/src/main/java/org/apache/tajo/worker/TaskRunner.java","228","YES"
"1793","3","tajo/tajo-core/src/main/java/org/apache/tajo/worker/TaskRunnerHistory.java","106","YES"
"1794","3","tajo/tajo-core/src/main/java/org/apache/tajo/worker/TaskRunnerManager.java","199","YES"
"1795","3","tajo/tajo-core/src/main/java/org/apache/tajo/worker/WorkerHeartbeatService.java","223","YES"
"1796","3","tajo/tajo-jdbc/src/main/java/org/apache/tajo/jdbc/MetaDataTuple.java","117","YES"
"1797","3","tajo/tajo-jdbc/src/main/java/org/apache/tajo/jdbc/TajoConnection.java","342","YES"
"1798","3","tajo/tajo-jdbc/src/main/java/org/apache/tajo/jdbc/TajoDatabaseMetaData.java","1035","NO"
"1799","3","tajo/tajo-jdbc/src/main/java/org/apache/tajo/jdbc/TajoDriver.java","54","NO"
"1800","3","tajo/tajo-jdbc/src/main/java/org/apache/tajo/jdbc/TajoMetaDataResultSet.java","57","YES"
"1801","3","tajo/tajo-jdbc/src/main/java/org/apache/tajo/jdbc/TajoPreparedStatement.java","488","NO"
"1802","3","tajo/tajo-jdbc/src/main/java/org/apache/tajo/jdbc/TajoStatement.java","263","YES"
"1803","3","tajo/tajo-maven-plugins/src/main/java/org/apache/tajo/maven/plugin/protoc/ProtocMojo.java","87","NO"
"1804","3","tajo/tajo-maven-plugins/src/main/java/org/apache/tajo/maven/plugin/util/Exec.java","62","NO"
"1805","3","tajo/tajo-maven-plugins/src/main/java/org/apache/tajo/maven/plugin/util/FileSetUtils.java","23","NO"
"1806","3","tajo/tajo-maven-plugins/src/main/java/org/apache/tajo/maven/plugin/versioninfo/VersionInfoMojo.java","230","NO"
"1807","3","tajo/tajo-rpc/src/main/java/org/apache/tajo/rpc/AsyncRpcClient.java","168","YES"
"1808","3","tajo/tajo-rpc/src/main/java/org/apache/tajo/rpc/AsyncRpcServer.java","95","YES"
"1809","3","tajo/tajo-rpc/src/main/java/org/apache/tajo/rpc/BlockingRpcClient.java","216","YES"
"1810","3","tajo/tajo-rpc/src/main/java/org/apache/tajo/rpc/BlockingRpcServer.java","92","YES"
"1811","3","tajo/tajo-rpc/src/main/java/org/apache/tajo/rpc/CallFuture.java","51","NO"
"1812","3","tajo/tajo-rpc/src/main/java/org/apache/tajo/rpc/DefaultRpcController.java","33","NO"
"1813","3","tajo/tajo-rpc/src/main/java/org/apache/tajo/rpc/NettyClientBase.java","108","YES"
"1814","3","tajo/tajo-rpc/src/main/java/org/apache/tajo/rpc/NettyRpcController.java","34","NO"
"1815","3","tajo/tajo-rpc/src/main/java/org/apache/tajo/rpc/NettyServerBase.java","139","NO"
"1816","3","tajo/tajo-rpc/src/main/java/org/apache/tajo/rpc/NullCallback.java","14","NO"
"1817","3","tajo/tajo-rpc/src/main/java/org/apache/tajo/rpc/ProtoPipelineFactory.java","28","NO"
"1818","3","tajo/tajo-rpc/src/main/java/org/apache/tajo/rpc/RpcChannelFactory.java","66","NO"
"1819","3","tajo/tajo-rpc/src/main/java/org/apache/tajo/rpc/RpcConnectionPool.java","153","YES"
"1820","3","tajo/tajo-rpc/src/main/java/org/apache/tajo/rpc/ServerCallable.java","115","YES"
"1821","3","tajo/tajo-storage/src/main/java/org/apache/tajo/storage/AbstractStorageManager.java","517","NO"
"1822","3","tajo/tajo-storage/src/main/java/org/apache/tajo/storage/avro/AvroAppender.java","149","YES"
"1823","3","tajo/tajo-storage/src/main/java/org/apache/tajo/storage/avro/AvroScanner.java","203","NO"
"1824","3","tajo/tajo-storage/src/main/java/org/apache/tajo/storage/avro/AvroUtil.java","28","YES"
"1825","3","tajo/tajo-storage/src/main/java/org/apache/tajo/storage/avro/package-info.java","1","NO"
"1826","3","tajo/tajo-storage/src/main/java/org/apache/tajo/storage/BinarySerializerDeserializer.java","212","NO"
"1827","3","tajo/tajo-storage/src/main/java/org/apache/tajo/storage/compress/CodecPool.java","101","NO"
"1828","3","tajo/tajo-storage/src/main/java/org/apache/tajo/storage/CompressedSplitLineReader.java","63","NO"
"1829","3","tajo/tajo-storage/src/main/java/org/apache/tajo/storage/CSVFile.java","476","YES"
"1830","3","tajo/tajo-storage/src/main/java/org/apache/tajo/storage/DataLocation.java","22","NO"
"1831","3","tajo/tajo-storage/src/main/java/org/apache/tajo/storage/FileAppender.java","36","NO"
"1832","3","tajo/tajo-storage/src/main/java/org/apache/tajo/storage/FileScanner.java","87","NO"
"1833","3","tajo/tajo-storage/src/main/java/org/apache/tajo/storage/fragment/FileFragment.java","161","YES"
"1834","3","tajo/tajo-storage/src/main/java/org/apache/tajo/storage/fragment/FragmentConvertor.java","91","NO"
"1835","3","tajo/tajo-storage/src/main/java/org/apache/tajo/storage/FrameTuple.java","155","NO"
"1836","3","tajo/tajo-storage/src/main/java/org/apache/tajo/storage/HashShuffleAppender.java","146","NO"
"1837","3","tajo/tajo-storage/src/main/java/org/apache/tajo/storage/HashShuffleAppenderManager.java","162","YES"
"1838","3","tajo/tajo-storage/src/main/java/org/apache/tajo/storage/index/bst/BSTIndex.java","461","NO"
"1839","3","tajo/tajo-storage/src/main/java/org/apache/tajo/storage/index/IndexWriter.java","7","NO"
"1840","3","tajo/tajo-storage/src/main/java/org/apache/tajo/storage/LazyTuple.java","199","NO"
"1841","3","tajo/tajo-storage/src/main/java/org/apache/tajo/storage/LineReader.java","234","NO"
"1842","3","tajo/tajo-storage/src/main/java/org/apache/tajo/storage/MemoryUtil.java","85","NO"
"1843","3","tajo/tajo-storage/src/main/java/org/apache/tajo/storage/MergeScanner.java","152","NO"
"1844","3","tajo/tajo-storage/src/main/java/org/apache/tajo/storage/NullScanner.java","36","NO"
"1845","3","tajo/tajo-storage/src/main/java/org/apache/tajo/storage/NumericPathComparator.java","11","NO"
"1846","3","tajo/tajo-storage/src/main/java/org/apache/tajo/storage/parquet/package-info.java","1","NO"
"1847","3","tajo/tajo-storage/src/main/java/org/apache/tajo/storage/parquet/ParquetAppender.java","83","YES"
"1848","3","tajo/tajo-storage/src/main/java/org/apache/tajo/storage/parquet/ParquetScanner.java","48","NO"
"1849","3","tajo/tajo-storage/src/main/java/org/apache/tajo/storage/parquet/TajoParquetReader.java","28","NO"
"1850","3","tajo/tajo-storage/src/main/java/org/apache/tajo/storage/parquet/TajoParquetWriter.java","42","NO"
"1851","3","tajo/tajo-storage/src/main/java/org/apache/tajo/storage/parquet/TajoReadSupport.java","45","NO"
"1852","3","tajo/tajo-storage/src/main/java/org/apache/tajo/storage/parquet/TajoRecordConverter.java","272","NO"
"1853","3","tajo/tajo-storage/src/main/java/org/apache/tajo/storage/parquet/TajoRecordMaterializer.java","33","NO"
"1854","3","tajo/tajo-storage/src/main/java/org/apache/tajo/storage/parquet/TajoSchemaConverter.java","149","NO"
"1855","3","tajo/tajo-storage/src/main/java/org/apache/tajo/storage/parquet/TajoWriteSupport.java","95","NO"
"1856","3","tajo/tajo-storage/src/main/java/org/apache/tajo/storage/RawFile.java","566","YES"
"1857","3","tajo/tajo-storage/src/main/java/org/apache/tajo/storage/rcfile/BytesRefArrayWritable.java","133","NO"
"1858","3","tajo/tajo-storage/src/main/java/org/apache/tajo/storage/rcfile/BytesRefWritable.java","141","NO"
"1859","3","tajo/tajo-storage/src/main/java/org/apache/tajo/storage/rcfile/ColumnProjectionUtils.java","63","NO"
"1860","3","tajo/tajo-storage/src/main/java/org/apache/tajo/storage/rcfile/NonSyncByteArrayInputStream.java","67","NO"
"1861","3","tajo/tajo-storage/src/main/java/org/apache/tajo/storage/rcfile/NonSyncByteArrayOutputStream.java","92","NO"
"1862","3","tajo/tajo-storage/src/main/java/org/apache/tajo/storage/rcfile/NonSyncDataInputBuffer.java","238","NO"
"1863","3","tajo/tajo-storage/src/main/java/org/apache/tajo/storage/rcfile/NonSyncDataOutputBuffer.java","48","NO"
"1864","3","tajo/tajo-storage/src/main/java/org/apache/tajo/storage/rcfile/RCFile.java","1081","YES"
"1865","3","tajo/tajo-storage/src/main/java/org/apache/tajo/storage/rcfile/SchemaAwareCompressionInputStream.java","9","NO"
"1866","3","tajo/tajo-storage/src/main/java/org/apache/tajo/storage/rcfile/SchemaAwareCompressionOutputStream.java","9","NO"
"1867","3","tajo/tajo-storage/src/main/java/org/apache/tajo/storage/RowFile.java","399","NO"
"1868","3","tajo/tajo-storage/src/main/java/org/apache/tajo/storage/RowStoreUtil.java","230","NO"
"1869","3","tajo/tajo-storage/src/main/java/org/apache/tajo/storage/sequencefile/SequenceFileAppender.java","202","NO"
"1870","3","tajo/tajo-storage/src/main/java/org/apache/tajo/storage/sequencefile/SequenceFileScanner.java","223","NO"
"1871","3","tajo/tajo-storage/src/main/java/org/apache/tajo/storage/SplitLineReader.java","16","NO"
"1872","3","tajo/tajo-storage/src/main/java/org/apache/tajo/storage/Storage.java","20","NO"
"1873","3","tajo/tajo-storage/src/main/java/org/apache/tajo/storage/StorageConstants.java","35","YES"
"1874","3","tajo/tajo-storage/src/main/java/org/apache/tajo/storage/StorageManager.java","45","YES"
"1875","3","tajo/tajo-storage/src/main/java/org/apache/tajo/storage/StorageManagerFactory.java","61","NO"
"1876","3","tajo/tajo-storage/src/main/java/org/apache/tajo/storage/StorageUtil.java","178","NO"
"1877","3","tajo/tajo-storage/src/main/java/org/apache/tajo/storage/TableStatistics.java","91","NO"
"1878","3","tajo/tajo-storage/src/main/java/org/apache/tajo/storage/TextSerializerDeserializer.java","194","YES"
"1879","3","tajo/tajo-storage/src/main/java/org/apache/tajo/storage/thirdparty/parquet/CodecFactory.java","142","NO"
"1880","3","tajo/tajo-storage/src/main/java/org/apache/tajo/storage/thirdparty/parquet/ColumnChunkPageWriteStore.java","169","NO"
"1881","3","tajo/tajo-storage/src/main/java/org/apache/tajo/storage/thirdparty/parquet/InternalParquetRecordReader.java","140","NO"
"1882","3","tajo/tajo-storage/src/main/java/org/apache/tajo/storage/thirdparty/parquet/InternalParquetRecordWriter.java","114","NO"
"1883","3","tajo/tajo-storage/src/main/java/org/apache/tajo/storage/thirdparty/parquet/ParquetFileWriter.java","342","NO"
"1884","3","tajo/tajo-storage/src/main/java/org/apache/tajo/storage/thirdparty/parquet/ParquetReader.java","87","NO"
"1885","3","tajo/tajo-storage/src/main/java/org/apache/tajo/storage/thirdparty/parquet/ParquetWriter.java","109","NO"
"1886","3","tajo/tajo-storage/src/main/java/org/apache/tajo/storage/trevni/TrevniAppender.java","161","NO"
"1887","3","tajo/tajo-storage/src/main/java/org/apache/tajo/storage/trevni/TrevniScanner.java","144","NO"
"1888","3","tajo/tajo-storage/src/main/java/org/apache/tajo/storage/TupleComparator.java","131","NO"
"1889","3","tajo/tajo-storage/src/main/java/org/apache/tajo/storage/TupleRange.java","72","YES"
"1890","3","tajo/tajo-storage/src/main/java/org/apache/tajo/storage/v2/CSVFileScanner.java","317","NO"
"1891","3","tajo/tajo-storage/src/main/java/org/apache/tajo/storage/v2/DiskDeviceInfo.java","33","NO"
"1892","3","tajo/tajo-storage/src/main/java/org/apache/tajo/storage/v2/DiskFileScanScheduler.java","152","NO"
"1893","3","tajo/tajo-storage/src/main/java/org/apache/tajo/storage/v2/DiskInfo.java","42","NO"
"1894","3","tajo/tajo-storage/src/main/java/org/apache/tajo/storage/v2/DiskMountInfo.java","64","NO"
"1895","3","tajo/tajo-storage/src/main/java/org/apache/tajo/storage/v2/DiskUtil.java","154","YES"
"1896","3","tajo/tajo-storage/src/main/java/org/apache/tajo/storage/v2/FileScannerV2.java","174","NO"
"1897","3","tajo/tajo-storage/src/main/java/org/apache/tajo/storage/v2/FileScanRunner.java","37","NO"
"1898","3","tajo/tajo-storage/src/main/java/org/apache/tajo/storage/v2/RCFile.java","1188","NO"
"1899","3","tajo/tajo-storage/src/main/java/org/apache/tajo/storage/v2/RCFileScanner.java","245","NO"
"1900","3","tajo/tajo-storage/src/main/java/org/apache/tajo/storage/v2/ScanScheduler.java","144","NO"
"1901","3","tajo/tajo-storage/src/main/java/org/apache/tajo/storage/v2/ScheduledInputStream.java","425","NO"
"1902","3","tajo/tajo-storage/src/main/java/org/apache/tajo/storage/v2/StorageManagerV2.java","104","NO"
"1903","3","tajo/tajo-storage/src/main/java/org/apache/tajo/storage/VTuple.java","170","NO"
"1904","3","tajo/tajo-yarn-pullserver/src/main/java/org/apache/tajo/pullserver/FadvisedChunkedFile.java","54","NO"
"1905","3","tajo/tajo-yarn-pullserver/src/main/java/org/apache/tajo/pullserver/FadvisedFileRegion.java","115","NO"
"1906","3","tajo/tajo-yarn-pullserver/src/main/java/org/apache/tajo/pullserver/FileCloseListener.java","28","NO"
"1907","3","tajo/tajo-yarn-pullserver/src/main/java/org/apache/tajo/pullserver/HttpDataServerHandler.java","166","NO"
"1908","3","tajo/tajo-yarn-pullserver/src/main/java/org/apache/tajo/pullserver/HttpDataServerPipelineFactory.java","25","NO"
"1909","3","tajo/tajo-yarn-pullserver/src/main/java/org/apache/tajo/pullserver/HttpUtil.java","35","NO"
"1910","3","tajo/tajo-yarn-pullserver/src/main/java/org/apache/tajo/pullserver/PullServerAuxService.java","516","NO"
"1911","3","tajo/tajo-yarn-pullserver/src/main/java/org/apache/tajo/pullserver/PullServerUtil.java","56","NO"
"1912","3","tajo/tajo-yarn-pullserver/src/main/java/org/apache/tajo/pullserver/retriever/AdvancedDataRetriever.java","92","NO"
"1913","3","tajo/tajo-yarn-pullserver/src/main/java/org/apache/tajo/pullserver/retriever/DirectoryRetriever.java","31","NO"
"1914","3","tajo/tajo-yarn-pullserver/src/main/java/org/apache/tajo/pullserver/retriever/FileChunk.java","43","NO"
"1915","3","tajo/tajo-yarn-pullserver/src/main/java/org/apache/tajo/pullserver/TajoPullServer.java","42","NO"
"1916","3","tajo/tajo-yarn-pullserver/src/main/java/org/apache/tajo/pullserver/TajoPullServerService.java","637","YES"
